#
# A fatal error has been detected by the Java Runtime Environment:
#
#  SIGSEGV (0xb) at pc=0x000075b1d9b46713, pid=15626, tid=15655
#
# JRE version: OpenJDK Runtime Environment (17.0.18+8) (build 17.0.18+8-Ubuntu-124.04.1)
# Java VM: OpenJDK 64-Bit Server VM (17.0.18+8-Ubuntu-124.04.1, mixed mode, sharing, tiered, compressed oops, compressed class ptrs, g1 gc, linux-amd64)
# Problematic frame:
# V  [libjvm.so+0x746713]  G1ParScanThreadState::trim_queue_to_threshold(unsigned int)+0x2fb3
#
# Core dump will be written. Default location: Core dumps may be processed with "/usr/share/apport/apport -p%p -s%s -c%c -d%d -P%P -u%u -g%g -F%F -- %E" (or dumping to /home/stariver/ansim-ai/android/AnsimAI/core.15626)
#
# If you would like to submit a bug report, please visit:
#   https://bugs.launchpad.net/ubuntu/+source/openjdk-17
#

---------------  S U M M A R Y ------------

Command Line: --add-opens=java.base/java.util=ALL-UNNAMED --add-opens=java.base/java.lang=ALL-UNNAMED --add-opens=java.base/java.lang.invoke=ALL-UNNAMED --add-opens=java.prefs/java.util.prefs=ALL-UNNAMED --add-exports=jdk.compiler/com.sun.tools.javac.api=ALL-UNNAMED --add-exports=jdk.compiler/com.sun.tools.javac.util=ALL-UNNAMED --add-opens=java.base/java.nio.charset=ALL-UNNAMED --add-opens=java.base/java.net=ALL-UNNAMED --add-opens=java.base/java.util.concurrent.atomic=ALL-UNNAMED -Xmx2048m -Dfile.encoding=UTF-8 -Duser.country=US -Duser.language=en -Duser.variant -javaagent:/home/stariver/.gradle/wrapper/dists/gradle-8.9-bin/90cnw93cvbtalezasaz0blq0a/gradle-8.9/lib/agents/gradle-instrumentation-agent-8.9.jar org.gradle.launcher.daemon.bootstrap.GradleDaemon 8.9

Host: AMD Ryzen 5 5600X 6-Core Processor, 12 cores, 31G, Ubuntu 24.04.4 LTS
Time: Sat May 23 01:56:44 2026 KST elapsed time: 1347.149092 seconds (0d 0h 22m 27s)

---------------  T H R E A D  ---------------

Current thread (0x000075b1a0009cc0):  GCTaskThread "GC Thread#6" [stack: 0x000075b1567fd000,0x000075b1568fd000] [id=15655]

Stack: [0x000075b1567fd000,0x000075b1568fd000],  sp=0x000075b1568fb9f0,  free space=1018k
Native frames: (J=compiled Java code, j=interpreted, Vv=VM code, C=native code)
V  [libjvm.so+0x746713]  G1ParScanThreadState::trim_queue_to_threshold(unsigned int)+0x2fb3
V  [libjvm.so+0x75e13a]  G1ScanHRForRegionClosure::scan_heap_roots(HeapRegion*)+0x55a
V  [libjvm.so+0x757df5]  G1RemSet::scan_heap_roots(G1ParScanThreadState*, unsigned int, G1GCPhaseTimes::GCParPhases, G1GCPhaseTimes::GCParPhases, bool)+0x1b5
V  [libjvm.so+0x6fdc4f]  G1EvacuateRegionsTask::scan_roots(G1ParScanThreadState*, unsigned int)+0x4f
V  [libjvm.so+0x6fe8fe]  G1EvacuateRegionsBaseTask::work(unsigned int)+0x8e
V  [libjvm.so+0xf73f21]  GangWorker::loop()+0x61
V  [libjvm.so+0xf73f82]
V  [libjvm.so+0xec0c19]  Thread::call_run()+0xa9
V  [libjvm.so+0xc4255b]  thread_native_entry(Thread*)+0xeb
C  [libc.so.6+0x9caa4]


siginfo: si_signo: 11 (SIGSEGV), si_code: 1 (SEGV_MAPERR), si_addr: 0x0000000000000100

Registers:
RAX=0x0000000000000000, RBX=0x000075b10c00aec0, RCX=0x000075b1d968a230, RDX=0x0000000000000000
RSP=0x000075b1568fb9f0, RBP=0x000075b1568fba90, RSI=0x0000000000000000, RDI=0x0000000000000000
R8 =0x000000000000e130, R9 =0x0000000000000001, R10=0x000075b15b000000, R11=0x0000000000000000
R12=0x00000000b3d8f559, R13=0x00000000e628c4e0, R14=0x000075b1da7473cd, R15=0x000075b1da700330
RIP=0x000075b1d9b46713, EFLAGS=0x0000000000010246, CSGSFS=0x002b000000000033, ERR=0x0000000000000004
  TRAPNO=0x000000000000000e

XMM[0]=0xe6a8c0b802fb28d8 0x00000000b3d8f253
XMM[1]=0xe6a8c720e6a8c6f0 0xe6a8c680e6a8c610
XMM[2]=0xe6a8c7f0e6ba1668 0xe6ba153000000000
XMM[3]=0xe6a8c680e6a8c610 0xe6a8c5a0e6a8c570
XMM[4]=0x030c0305030002fe 0x02f602f402f202f1
XMM[5]=0x0309030603030301 0x030c0305030002fe
XMM[6]=0x02eb02e802e502e2 0x02df02dc02d902d6
XMM[7]=0x02bb02b802b502b2 0x02af02ad02ee02b1
XMM[8]=0x02930290028d028a 0x028702840281027e
XMM[9]=0xbf597fc7b00327c8 0xa831c66d983e5152
XMM[10]=0x76f988da5cb0a9dc 0x4a7484aa2de92c6f
XMM[11]=0x240ca1cc0fc19dc6 0xefbe4786e49b69c1
XMM[12]=0xc19bf1749bdc06a7 0x80deb1fe72be5d74
XMM[13]=0x550c7dc3243185be 0x12835b01d807aa98
XMM[14]=0xab1c5ed5923f82a4 0x59f111f13956c25b
XMM[15]=0xe9b5dba5b5c0fbcf 0x71374491428a2f98
  MXCSR=0x00001fa0


Register to memory mapping:

RAX=0x0 is NULL
RBX=0x000075b10c00aec0 points into unknown readable memory: 0x000075b1da650f00 | 00 0f 65 da b1 75 00 00
RCX=0x000075b1d968a230: <offset 0x000000000028a230> in /usr/lib/jvm/java-17-openjdk-amd64/lib/server/libjvm.so at 0x000075b1d9400000
RDX=0x0 is NULL
RSP=0x000075b1568fb9f0 points into unknown readable memory: 0x0000000000000005 | 05 00 00 00 00 00 00 00
RBP=0x000075b1568fba90 points into unknown readable memory: 0x000075b1568fbc00 | 00 bc 8f 56 b1 75 00 00
RSI=0x0 is NULL
RDI=0x0 is NULL
R8 =57648 is a compressed pointer to class: 0x000075b15b00e130
java.util.ArrayList {0x000075b15b00e130}
 - instance size:     3
 - klass size:        165
 - access:            public synchronized 
 - state:             fully_initialized
 - name:              'java/util/ArrayList'
 - super:             'java/util/AbstractList'
 - sub:               'com/intellij/util/containers/NotNullList'   'com/intellij/util/containers/Stack'   'org/jetbrains/kotlin/config/MavenComparableVersion$ListItem'   'com/sun/istack/FinalArrayList'   (4 more klasses...)
 - arrays:            NULL
 - methods:           Array<T>(0x000075b15bb397c0)
 - method ordering:   Array<T>(0x000075b15bb39640)
 - default_methods:   Array<T>(0x000075b15bb397a0)
 - default vtable indices:   Array<T>(0x000075b15bb39630)
 - local interfaces:  Array<T>(0x000075b15bb39778)
 - trans. interfaces: Array<T>(0x000075b15bb39740)
 - constants:         constant pool [492] {0x000075b15bb37878} for 'java/util/ArrayList' cache=0x000075b15b432f40
 - class loader data:  loader data: 0x000075b1d42186b0 of 'bootstrap'
 - source file:       'ArrayList.java'
 - class annotations:       Array<T>(0x0000000000000000)
 - class type annotations:  Array<T>(0x0000000000000000)
 - field annotations:       Array<T>(0x0000000000000000)
 - field type annotations:  Array<T>(0x0000000000000000)
 - generic signature: '<E:Ljava/lang/Object;>Ljava/util/AbstractList<TE;>;Ljava/util/List<TE;>;Ljava/util/RandomAccess;Ljava/lang/Cloneable;Ljava/io/Serializable;'
 - inner classes:     Array<T>(0x000075b15bb3b268)
 - nest members:     Array<T>(0x000075b15bb37810)
 - permitted subclasses:     Array<T>(0x000075b15b5d7af8)
 - java mirror:       a 'java/lang/Class'{0x00000000ffe07358} = 'java/util/ArrayList'
 - vtable length      47  (start addr: 0x000075b15b00e300)
 - itable length      59 (start addr: 0x000075b15b00e478)
 - ---- static fields (3 words):
 - private static final 'serialVersionUID' 'J' @120 
 - private static final 'DEFAULT_CAPACITY' 'I' @128 
 - private static final 'EMPTY_ELEMENTDATA' '[Ljava/lang/Object;' @112 
 - private static final 'DEFAULTCAPACITY_EMPTY_ELEMENTDATA' '[Ljava/lang/Object;' @116 
 - ---- non-static fields (3 words):
 - protected transient 'modCount' 'I' @12 
 - private 'size' 'I' @16 
 - transient 'elementData' '[Ljava/lang/Object;' @20 
 - non-static oop maps: 20-20 
R9 =0x0000000000000001 is an unknown value
R10=0x000075b15b000000 is pointing into metadata
R11=0x0 is NULL
R12=0x00000000b3d8f559 is pointing into object: org.jetbrains.kotlin.load.java.lazy.descriptors.LazyJavaScope$properties$1 
{0x00000000b3d8f548} - klass: 'org/jetbrains/kotlin/load/java/lazy/descriptors/LazyJavaScope$properties$1'
 - ---- fields (total size 3 words):
 - private final 'arity' 'I' @12  1
 - final synthetic 'this$0' 'Lorg/jetbrains/kotlin/load/java/lazy/descriptors/LazyJavaScope;' @16  
[error occurred during error reporting (printing register info), id 0xb, SIGSEGV (0xb) at pc=0x000075b1da02ab46]

Top of Stack: (sp=0x000075b1568fb9f0)
0x000075b1568fb9f0:   0000000000000005 000075b10c02c458
0x000075b1568fba00:   000075b1568fba10 000000008840c000
0x000075b1568fba10:   000075b1bcc42060 0000000000000001
0x000075b1568fba20:   0000000000000001 000075b1a0326340
0x000075b1568fba30:   0000000000000000 00000040da8ec96d
0x000075b1568fba40:   00000000b3d8f548 000075b15b000000
0x000075b1568fba50:   000000000000e130 0000000000000001
0x000075b1568fba60:   000075b1568fba70 000000008840c000
0x000075b1568fba70:   000075b1bcc42060 0000000000000020
0x000075b1568fba80:   000075b10c00aec0 000075b1568fbc70
0x000075b1568fba90:   000075b1568fbc00 000075b1d9b5e13a
0x000075b1568fbaa0:   000075b138029e70 000075b13802a120
0x000075b1568fbab0:   0000000000000005 000075b138029e70
0x000075b1568fbac0:   000075b13802a120 00000000000003d8
0x000075b1568fbad0:   000075b13802a258 000075b1568fbc70
0x000075b1568fbae0:   0000000000000210 0000000000000084
0x000075b1568fbaf0:   000075b1a0009f80 0000000000000007
0x000075b1568fbb00:   000075b10c02c450 000075b1568fbbf0
0x000075b1568fbb10:   010075b1568fbb20 000075b1da8ec96d
0x000075b1568fbb20:   0000000000000800 000075b1d402d1e0
0x000075b1568fbb30:   000075b1568fbb80 000075b1568fbc40
0x000075b1568fbb40:   00000139a79b1b63 0000000000000000
0x000075b1568fbb50:   0000000000042040 000075b1d404f860
0x000075b1568fbb60:   0000000000000420 000075b1bcc42040
0x000075b1568fbb70:   0000000000000020 000075b1bcc42061
0x000075b1568fbb80:   000075b1da651018 0000000000000000
0x000075b1568fbb90:   000075b1d402d1e0 000075b10c00aec0
0x000075b1568fbba0:   0000000000000000 0000000000000000
0x000075b1568fbbb0:   000075b1a0000000 000075b1568fbc40
0x000075b1568fbbc0:   000075b1568fbc00 000075b1d9b30872
0x000075b1568fbbd0:   00000139a79aa6bf 00000000000000a1
0x000075b1568fbbe0:   000075b1d402d1e0 000075b1d410d8e0 

Instructions: (pc=0x000075b1d9b46713)
0x000075b1d9b46613:   e2 ff ff 01 00 41 89 97 80 00 00 00 e9 63 fe ff
0x000075b1d9b46623:   ff 3d 00 00 00 c0 0f 8c 9c 0b 00 00 4c 8d 35 46
0x000075b1d9b46633:   21 c0 00 e9 d8 f3 ff ff 3d 00 00 00 c0 0f 8c 94
0x000075b1d9b46643:   09 00 00 49 8b 37 41 8b 7f 08 4c 8d 35 28 21 c0
0x000075b1d9b46653:   00 e9 f3 e5 ff ff 4c 8b 4d a0 4c 8b 65 b0 49 89
0x000075b1d9b46663:   da e9 48 d7 ff ff 4c 8b 5d a0 4d 89 e2 4c 8b 4d
0x000075b1d9b46673:   b0 49 89 dc 49 8b 33 41 8b 7b 08 e9 2e d7 ff ff
0x000075b1d9b46683:   4c 8b 75 b0 49 89 da e9 c7 e6 ff ff 4d 89 f4 49
0x000075b1d9b46693:   89 da 4c 8b 75 b0 e9 b8 e6 ff ff 74 0a b8 0c 00
0x000075b1d9b466a3:   00 00 e9 db f1 ff ff 49 8b 02 48 8d 0d 7c 3b b4
0x000075b1d9b466b3:   ff 45 31 db 45 31 ff 48 8b 80 00 01 00 00 48 39
0x000075b1d9b466c3:   c8 0f 84 b5 e9 ff ff 88 55 a0 4c 89 d7 4c 89 ee
0x000075b1d9b466d3:   44 88 4d b0 4c 89 55 b8 ff d0 48 0f be 55 a0 44
0x000075b1d9b466e3:   0f b6 4d b0 4c 63 d8 4c 8b 55 b8 4d 89 df e9 89
0x000075b1d9b466f3:   e9 ff ff 4c 89 d0 0f 85 0d 03 00 00 48 8b 00 48
0x000075b1d9b46703:   8d 0d 27 3b b4 ff c7 45 a0 00 00 00 00 45 31 db
0x000075b1d9b46713:   48 8b 80 00 01 00 00 48 39 c8 0f 84 c0 ea ff ff
0x000075b1d9b46723:   88 55 98 48 8b 7d b8 4c 89 ee 44 88 4d b0 ff d0
0x000075b1d9b46733:   48 0f be 55 98 44 0f b6 4d b0 89 45 a0 4c 63 d8
0x000075b1d9b46743:   e9 9b ea ff ff 31 d2 be 05 00 00 00 bf 18 02 00
0x000075b1d9b46753:   00 4c 89 45 b8 e8 13 d4 c7 ff 4c 8b 45 b8 48 85
0x000075b1d9b46763:   c0 48 89 c1 74 1d 48 89 80 00 02 00 00 48 c7 80
0x000075b1d9b46773:   08 02 00 00 00 00 00 00 48 c7 80 10 02 00 00 00
0x000075b1d9b46783:   00 00 00 49 81 00 18 02 00 00 49 89 48 18 48 8b
0x000075b1d9b46793:   81 00 02 00 00 e9 b6 ed ff ff 49 8b 96 80 01 00
0x000075b1d9b467a3:   00 89 cf 48 89 34 fa 8d 51 01 81 e2 ff ff 01 00
0x000075b1d9b467b3:   41 89 96 80 00 00 00 e9 23 f7 ff ff 49 8b 84 24
0x000075b1d9b467c3:   80 01 00 00 89 d6 48 89 0c f0 8d 42 01 25 ff ff
0x000075b1d9b467d3:   01 00 49 8b 55 00 41 8b 7d 08 41 89 84 24 80 00
0x000075b1d9b467e3:   00 00 48 89 d6 e9 19 f5 ff ff 48 8b 93 98 01 00
0x000075b1d9b467f3:   00 48 8b 72 08 8b 8e c0 01 00 00 48 d3 e8 48 8b
0x000075b1d9b46803:   8e b0 01 00 00 48 8b 04 c1 8b 80 c8 00 00 00 48 


Stack slot to memory mapping:
stack at sp + 0 slots: 0x0000000000000005 is an unknown value
stack at sp + 1 slots: 0x000075b10c02c458 points into unknown readable memory: 0x000075b1da651250 | 50 12 65 da b1 75 00 00
stack at sp + 2 slots: 0x000075b1568fba10 points into unknown readable memory: 0x000075b1bcc42060 | 60 20 c4 bc b1 75 00 00
stack at sp + 3 slots: 0x000000008840c000 is pointing into object: [Ljava.lang.Object; 
{0x0000000088400000} - klass: 'java/lang/Object'[]
 - length: 262144
stack at sp + 4 slots: 0x000075b1bcc42060 points into unknown readable memory: 0xffffffffffffffff | ff ff ff ff ff ff ff ff
stack at sp + 5 slots: 0x0000000000000001 is an unknown value
stack at sp + 6 slots: 0x0000000000000001 is an unknown value
stack at sp + 7 slots: 0x000075b1a0326340 points into unknown readable memory: 0x00000000e6a00000 | 00 00 a0 e6 00 00 00 00


---------------  P R O C E S S  ---------------

Threads class SMR info:
_java_thread_list=0x000075afe003e4d0, length=162, elements={
0x000075b1d401ab20, 0x000075b1d4234820, 0x000075b1d4235c10, 0x000075b1d423b270,
0x000075b1d423c630, 0x000075b1d423da50, 0x000075b1d423f410, 0x000075b1d4240950,
0x000075b1d4249dc0, 0x000075b1d4255480, 0x000075b1d43015a0, 0x000075b1d54c26a0,
0x000075b1d552c300, 0x000075b1d55741a0, 0x000075b0e4198a70, 0x000075b0e419ff50,
0x000075b0e41acc90, 0x000075b0e4ddeba0, 0x000075b0e4de74a0, 0x000075b0e4eb5080,
0x000075b0e6279af0, 0x000075b010047390, 0x000075b01006aed0, 0x000075b010073850,
0x000075b0100f1790, 0x000075b0100742a0, 0x000075afe834c370, 0x000075b0f00171a0,
0x000075b120d00d70, 0x000075b1209907c0, 0x000075b120410d60, 0x000075b094009640,
0x000075b09400e490, 0x000075b094010af0, 0x000075b09400b4f0, 0x000075b094001ef0,
0x000075b094007960, 0x000075b09407c410, 0x000075b09407d250, 0x000075b094080890,
0x000075b094071eb0, 0x000075b094072d90, 0x000075b094084b10, 0x000075b094085570,
0x000075b09408ac30, 0x000075b09408b880, 0x000075b09408c930, 0x000075b09408d850,
0x000075b09408e910, 0x000075b09408f830, 0x000075b094090c20, 0x000075b094091780,
0x000075b0940872b0, 0x000075b094087dc0, 0x000075b094088eb0, 0x000075b094089dd0,
0x000075b0940a6090, 0x000075b0940a6fb0, 0x000075b0940a7cd0, 0x000075b0940a8df0,
0x000075b0940a9f10, 0x000075b0940a4790, 0x000075b0940f9c10, 0x000075b0c0005630,
0x000075b0c0003b20, 0x000075b0c00042e0, 0x000075b0c0008050, 0x000075b0c00092c0,
0x000075b0c0001c80, 0x000075b0c0002ec0, 0x000075b0a8005940, 0x000075b0c0011230,
0x000075b0c0012500, 0x000075b0c00133f0, 0x000075b0c00146d0, 0x000075afe000cb00,
0x000075afe000a5b0, 0x000075afe0004470, 0x000075afe001c960, 0x000075afe00b1490,
0x000075afe008d1e0, 0x000075afe001ea50, 0x000075afe0005240, 0x000075afe005e8f0,
0x000075afe0005aa0, 0x000075afe0008db0, 0x000075b0c001b540, 0x000075b0c0020e50,
0x000075b0c0021ca0, 0x000075b0c0022c10, 0x000075b0c0023b80, 0x000075b0c0024ef0,
0x000075b0c0025e70, 0x000075b0c00271f0, 0x000075b0c0028570, 0x000075b0c0029900,
0x000075b0c002ac90, 0x000075b0c002c030, 0x000075b0c002d6e0, 0x000075b0c002e690,
0x000075b0c0032ff0, 0x000075b0c0033c90, 0x000075b0c0034c60, 0x000075b0c0035cd0,
0x000075b0c00370a0, 0x000075b0c0038480, 0x000075b0c0039860, 0x000075b0c003ac50,
0x000075b0c003c040, 0x000075b0c003d560, 0x000075b0c003e570, 0x000075b0c003f590,
0x000075b0c00409a0, 0x000075b0c00419d0, 0x000075b0c0042df0, 0x000075b0c0043e30,
0x000075b0c002f650, 0x000075b0c0030bd0, 0x000075b0c00480a0, 0x000075b0c0054130,
0x000075b08c008920, 0x000075b00caa92b0, 0x000075b00c8b2ed0, 0x000075b00c7e3500,
0x000075b00c37cc20, 0x000075b00c6bb6c0, 0x000075b0c0055cf0, 0x000075b0c0056cf0,
0x000075b0c004c300, 0x000075b08c002600, 0x000075b08c003120, 0x000075b13c9f6b80,
0x000075b13c9f8120, 0x000075b0c00470b0, 0x000075b0c004fd00, 0x000075b0c0050840,
0x000075b0c00514c0, 0x000075b0c00aaf20, 0x000075b0c00bbc70, 0x000075b0c00c4cf0,
0x000075b0c00d5d60, 0x000075b0c00e6dc0, 0x000075b0c00f7e20, 0x000075b0c0100ea0,
0x000075b0c0105d00, 0x000075b0c0106f10, 0x000075b0c0108c20, 0x000075b0c01098c0,
0x000075b0c010a950, 0x000075b0c010b9d0, 0x000075b0c010ca50, 0x000075b0c010dae0,
0x000075b0c010eb70, 0x000075b0c010fbf0, 0x000075b0c0110c70, 0x000075b0c017ae20,
0x000075afe0016430, 0x000075afe0081600, 0x000075afe000dc10, 0x000075afe000e180,
0x000075afe0094e60, 0x000075afe0090630
}

Java Threads: ( => current thread )
  0x000075b1d401ab20 JavaThread "main" [_thread_blocked, id=15627, stack(0x000075b1d8f00000,0x000075b1d9000000)]
  0x000075b1d4234820 JavaThread "Reference Handler" daemon [_thread_blocked, id=15637, stack(0x000075b1a98a9000,0x000075b1a99a9000)]
  0x000075b1d4235c10 JavaThread "Finalizer" daemon [_thread_blocked, id=15638, stack(0x000075b1a97a9000,0x000075b1a98a9000)]
  0x000075b1d423b270 JavaThread "Signal Dispatcher" daemon [_thread_blocked, id=15639, stack(0x000075b1a8f00000,0x000075b1a9000000)]
  0x000075b1d423c630 JavaThread "Service Thread" daemon [_thread_blocked, id=15640, stack(0x000075b1a8e00000,0x000075b1a8f00000)]
  0x000075b1d423da50 JavaThread "Monitor Deflation Thread" daemon [_thread_blocked, id=15641, stack(0x000075b1a8d00000,0x000075b1a8e00000)]
  0x000075b1d423f410 JavaThread "C2 CompilerThread0" daemon [_thread_in_native, id=15642, stack(0x000075b1a8c00000,0x000075b1a8d00000)]
  0x000075b1d4240950 JavaThread "C1 CompilerThread0" daemon [_thread_blocked, id=15643, stack(0x000075b1a8b00000,0x000075b1a8c00000)]
  0x000075b1d4249dc0 JavaThread "Sweeper thread" daemon [_thread_blocked, id=15644, stack(0x000075b1a8a00000,0x000075b1a8b00000)]
  0x000075b1d4255480 JavaThread "Common-Cleaner" daemon [_thread_blocked, id=15645, stack(0x000075b1a8900000,0x000075b1a8a00000)]
  0x000075b1d43015a0 JavaThread "Notification Thread" daemon [_thread_blocked, id=15646, stack(0x000075b1a8800000,0x000075b1a8900000)]
  0x000075b1d54c26a0 JavaThread "Daemon health stats" [_thread_blocked, id=15659, stack(0x000075b1563f9000,0x000075b1564f9000)]
  0x000075b1d552c300 JavaThread "Incoming local TCP Connector on port 44255" [_thread_in_native, id=15660, stack(0x000075b1562f9000,0x000075b1563f9000)]
  0x000075b1d55741a0 JavaThread "Daemon periodic checks" [_thread_blocked, id=15661, stack(0x000075b1561f9000,0x000075b1562f9000)]
  0x000075b0e4198a70 JavaThread "Cache worker for journal cache (/home/stariver/.gradle/caches/journal-1)" [_thread_blocked, id=15669, stack(0x000075b1559f9000,0x000075b155af9000)]
  0x000075b0e419ff50 JavaThread "File lock request listener" [_thread_in_native, id=15670, stack(0x000075b1558f9000,0x000075b1559f9000)]
  0x000075b0e41acc90 JavaThread "Cache worker for file hash cache (/home/stariver/.gradle/caches/8.9/fileHashes)" [_thread_blocked, id=15672, stack(0x000075b1557f9000,0x000075b1558f9000)]
  0x000075b0e4ddeba0 JavaThread "File watcher server" daemon [_thread_blocked, id=15675, stack(0x000075b1554f9000,0x000075b1555f9000)]
  0x000075b0e4de74a0 JavaThread "File watcher consumer" daemon [_thread_blocked, id=15676, stack(0x000075b1553f9000,0x000075b1554f9000)]
  0x000075b0e4eb5080 JavaThread "Cache worker for file content cache (/home/stariver/.gradle/caches/8.9/fileContent)" [_thread_blocked, id=15680, stack(0x000075b154ff7000,0x000075b1550f7000)]
  0x000075b0e6279af0 JavaThread "Memory manager" [_thread_blocked, id=15718, stack(0x000075b06eb00000,0x000075b06ec00000)]
  0x000075b010047390 JavaThread "process reaper (pid 15859)" daemon [_thread_in_native, id=15860, stack(0x000075b1b80d7000,0x000075b1b80f9000)]
  0x000075b01006aed0 JavaThread "RMI Scheduler(0)" daemon [_thread_blocked, id=15888, stack(0x000075afd8f00000,0x000075afd9000000)]
  0x000075b010073850 JavaThread "RMI GC Daemon" daemon [_thread_blocked, id=15890, stack(0x000075afd8e00000,0x000075afd8f00000)]
  0x000075b0100f1790 JavaThread "RMI TCP Accept-0" daemon [_thread_in_native, id=15892, stack(0x000075afd8c00000,0x000075afd8d00000)]
  0x000075b0100742a0 JavaThread "RMI Reaper" [_thread_blocked, id=15893, stack(0x000075afd8b00000,0x000075afd8c00000)]
  0x000075afe834c370 JavaThread "Cache worker for Java compile cache (/home/stariver/.gradle/caches/8.9/javaCompile)" [_thread_blocked, id=15915, stack(0x000075afda03c000,0x000075afda13c000)]
  0x000075b0f00171a0 JavaThread "Daemon Thread 2" [_thread_blocked, id=17313, stack(0x000075afd8300000,0x000075afd8400000)]
  0x000075b120d00d70 JavaThread "Handler for socket connection from /127.0.0.1:44255 to /127.0.0.1:60982" [_thread_in_native, id=17314, stack(0x000075afd8400000,0x000075afd8500000)]
  0x000075b1209907c0 JavaThread "Cancel handler" [_thread_blocked, id=17315, stack(0x000075afd8500000,0x000075afd8600000)]
  0x000075b120410d60 JavaThread "Daemon worker Thread 2" [_thread_blocked, id=17316, stack(0x000075afd0000000,0x000075afd0100000)]
  0x000075b094009640 JavaThread "Asynchronous log dispatcher for DefaultDaemonConnection: socket connection from /127.0.0.1:44255 to /127.0.0.1:60982" [_thread_blocked, id=17317, stack(0x000075afd8200000,0x000075afd8300000)]
  0x000075b09400e490 JavaThread "Stdin handler" [_thread_blocked, id=17318, stack(0x000075afda13c000,0x000075afda23c000)]
  0x000075b094010af0 JavaThread "Daemon client event forwarder" [_thread_blocked, id=17319, stack(0x000075afd8d00000,0x000075afd8e00000)]
  0x000075b09400b4f0 JavaThread "Cache worker for file hash cache (/home/stariver/ansim-ai/android/AnsimAI/.gradle/8.9/fileHashes)" [_thread_blocked, id=17321, stack(0x000075afd0100000,0x000075afd0200000)]
  0x000075b094001ef0 JavaThread "Cache worker for Build Output Cleanup Cache (/home/stariver/ansim-ai/android/AnsimAI/.gradle/buildOutputCleanup)" [_thread_blocked, id=17322, stack(0x000075afd8100000,0x000075afd8200000)]
  0x000075b094007960 JavaThread "Cache worker for checksums cache (/home/stariver/ansim-ai/android/AnsimAI/.gradle/8.9/checksums)" [_thread_blocked, id=17324, stack(0x000075afd8a00000,0x000075afd8b00000)]
  0x000075b09407c410 JavaThread "Cache worker for cache directory md-rule (/home/stariver/.gradle/caches/8.9/md-rule)" [_thread_blocked, id=17325, stack(0x000075b155cf9000,0x000075b155df9000)]
  0x000075b09407d250 JavaThread "Cache worker for cache directory md-supplier (/home/stariver/.gradle/caches/8.9/md-supplier)" [_thread_blocked, id=17326, stack(0x000075b1560f9000,0x000075b1561f9000)]
  0x000075b094080890 JavaThread "Unconstrained build operations" [_thread_blocked, id=17327, stack(0x000075b155df9000,0x000075b155ef9000)]
  0x000075b094071eb0 JavaThread "Unconstrained build operations Thread 2" [_thread_blocked, id=17328, stack(0x000075b06e5fd000,0x000075b06e6fd000)]
  0x000075b094072d90 JavaThread "Unconstrained build operations Thread 3" [_thread_blocked, id=17329, stack(0x000075afd8700000,0x000075afd8800000)]
  0x000075b094084b10 JavaThread "Unconstrained build operations Thread 4" [_thread_blocked, id=17330, stack(0x000075b1a85ff000,0x000075b1a86ff000)]
  0x000075b094085570 JavaThread "Unconstrained build operations Thread 5" [_thread_blocked, id=17331, stack(0x000075b1542f7000,0x000075b1543f7000)]
  0x000075b09408ac30 JavaThread "Unconstrained build operations Thread 6" [_thread_blocked, id=17332, stack(0x000075afd7f00000,0x000075afd8000000)]
  0x000075b09408b880 JavaThread "Unconstrained build operations Thread 7" [_thread_blocked, id=17333, stack(0x000075b155ff9000,0x000075b1560f9000)]
  0x000075b09408c930 JavaThread "Unconstrained build operations Thread 8" [_thread_blocked, id=17334, stack(0x000075b155ef9000,0x000075b155ff9000)]
  0x000075b09408d850 JavaThread "Unconstrained build operations Thread 9" [_thread_blocked, id=17335, stack(0x000075b155bf9000,0x000075b155cf9000)]
  0x000075b09408e910 JavaThread "Unconstrained build operations Thread 10" [_thread_blocked, id=17336, stack(0x000075b155af9000,0x000075b155bf9000)]
  0x000075b09408f830 JavaThread "Unconstrained build operations Thread 11" [_thread_blocked, id=17337, stack(0x000075b000000000,0x000075b000100000)]
  0x000075b094090c20 JavaThread "Unconstrained build operations Thread 12" [_thread_blocked, id=17338, stack(0x000075b06d6fd000,0x000075b06d7fd000)]
  0x000075b094091780 JavaThread "Unconstrained build operations Thread 13" [_thread_blocked, id=17339, stack(0x000075b06d3fd000,0x000075b06d4fd000)]
  0x000075b0940872b0 JavaThread "Unconstrained build operations Thread 14" [_thread_blocked, id=17340, stack(0x000075afdd800000,0x000075afdd900000)]
  0x000075b094087dc0 JavaThread "Unconstrained build operations Thread 15" [_thread_blocked, id=17341, stack(0x000075afdd300000,0x000075afdd400000)]
  0x000075b094088eb0 JavaThread "Unconstrained build operations Thread 16" [_thread_blocked, id=17342, stack(0x000075afde900000,0x000075afdea00000)]
  0x000075b094089dd0 JavaThread "Unconstrained build operations Thread 17" [_thread_blocked, id=17343, stack(0x000075b06fc00000,0x000075b06fd00000)]
  0x000075b0940a6090 JavaThread "Unconstrained build operations Thread 18" [_thread_blocked, id=17344, stack(0x000075b06c2fd000,0x000075b06c3fd000)]
  0x000075b0940a6fb0 JavaThread "Unconstrained build operations Thread 19" [_thread_blocked, id=17345, stack(0x000075afde000000,0x000075afde100000)]
  0x000075b0940a7cd0 JavaThread "Unconstrained build operations Thread 20" [_thread_blocked, id=17346, stack(0x000075b06d5fd000,0x000075b06d6fd000)]
  0x000075b0940a8df0 JavaThread "Unconstrained build operations Thread 21" [_thread_blocked, id=17347, stack(0x000075afdd200000,0x000075afdd300000)]
  0x000075b0940a9f10 JavaThread "Unconstrained build operations Thread 22" [_thread_blocked, id=17348, stack(0x000075b154bf7000,0x000075b154cf7000)]
  0x000075b0940a4790 JavaThread "build event listener" [_thread_blocked, id=17349, stack(0x000075b1541f7000,0x000075b1542f7000)]
  0x000075b0940f9c10 JavaThread "included builds" [_thread_blocked, id=17350, stack(0x000075afde200000,0x000075afde300000)]
  0x000075b0c0005630 JavaThread "Execution worker" [_thread_blocked, id=17351, stack(0x000075afde600000,0x000075afde700000)]
  0x000075b0c0003b20 JavaThread "Execution worker Thread 2" [_thread_blocked, id=17352, stack(0x000075b1a84ff000,0x000075b1a85ff000)]
  0x000075b0c00042e0 JavaThread "Execution worker Thread 3" [_thread_blocked, id=17353, stack(0x000075b1556f9000,0x000075b1557f9000)]
  0x000075b0c0008050 JavaThread "Execution worker Thread 4" [_thread_blocked, id=17354, stack(0x000075b1555f9000,0x000075b1556f9000)]
  0x000075b0c00092c0 JavaThread "Execution worker Thread 5" [_thread_blocked, id=17355, stack(0x000075b1550f7000,0x000075b1551f7000)]
  0x000075b0c0001c80 JavaThread "Execution worker Thread 6" [_thread_blocked, id=17356, stack(0x000075b154ef7000,0x000075b154ff7000)]
  0x000075b0c0002ec0 JavaThread "Execution worker Thread 7" [_thread_blocked, id=17357, stack(0x000075b154df7000,0x000075b154ef7000)]
  0x000075b0a8005940 JavaThread "Cache worker for execution history cache (/home/stariver/ansim-ai/android/AnsimAI/.gradle/8.9/executionHistory)" [_thread_blocked, id=17358, stack(0x000075b154cf7000,0x000075b154df7000)]
  0x000075b0c0011230 JavaThread "Execution worker Thread 8" [_thread_blocked, id=17359, stack(0x000075b154af7000,0x000075b154bf7000)]
  0x000075b0c0012500 JavaThread "Execution worker Thread 9" [_thread_blocked, id=17360, stack(0x000075b1549f7000,0x000075b154af7000)]
  0x000075b0c00133f0 JavaThread "Execution worker Thread 10" [_thread_blocked, id=17361, stack(0x000075b1548f7000,0x000075b1549f7000)]
  0x000075b0c00146d0 JavaThread "Execution worker Thread 11" [_thread_blocked, id=17362, stack(0x000075b1547f7000,0x000075b1548f7000)]
  0x000075afe000cb00 JavaThread "Unconstrained build operations Thread 23" [_thread_blocked, id=17363, stack(0x000075b1546f7000,0x000075b1547f7000)]
  0x000075afe000a5b0 JavaThread "Unconstrained build operations Thread 24" [_thread_blocked, id=17364, stack(0x000075b1545f7000,0x000075b1546f7000)]
  0x000075afe0004470 JavaThread "Unconstrained build operations Thread 25" [_thread_blocked, id=17365, stack(0x000075b1544f7000,0x000075b1545f7000)]
  0x000075afe001c960 JavaThread "Unconstrained build operations Thread 26" [_thread_blocked, id=17366, stack(0x000075b1543f7000,0x000075b1544f7000)]
  0x000075afe00b1490 JavaThread "Unconstrained build operations Thread 27" [_thread_blocked, id=17367, stack(0x000075b1540f7000,0x000075b1541f7000)]
  0x000075afe008d1e0 JavaThread "Unconstrained build operations Thread 28" [_thread_blocked, id=17368, stack(0x000075b06ff00000,0x000075b070000000)]
  0x000075afe001ea50 JavaThread "Unconstrained build operations Thread 29" [_thread_blocked, id=17369, stack(0x000075b06fe00000,0x000075b06ff00000)]
  0x000075afe0005240 JavaThread "Unconstrained build operations Thread 30" [_thread_blocked, id=17370, stack(0x000075b06fd00000,0x000075b06fe00000)]
  0x000075afe005e8f0 JavaThread "Unconstrained build operations Thread 31" [_thread_blocked, id=17371, stack(0x000075b06fb00000,0x000075b06fc00000)]
  0x000075afe0005aa0 JavaThread "Unconstrained build operations Thread 32" [_thread_blocked, id=17372, stack(0x000075b06fa00000,0x000075b06fb00000)]
  0x000075afe0008db0 JavaThread "Unconstrained build operations Thread 33" [_thread_blocked, id=17373, stack(0x000075b06f900000,0x000075b06fa00000)]
  0x000075b0c001b540 JavaThread "Unconstrained build operations Thread 34" [_thread_blocked, id=17374, stack(0x000075b06f800000,0x000075b06f900000)]
  0x000075b0c0020e50 JavaThread "Unconstrained build operations Thread 35" [_thread_blocked, id=17375, stack(0x000075b06f700000,0x000075b06f800000)]
  0x000075b0c0021ca0 JavaThread "Unconstrained build operations Thread 36" [_thread_blocked, id=17376, stack(0x000075b06f600000,0x000075b06f700000)]
  0x000075b0c0022c10 JavaThread "Unconstrained build operations Thread 37" [_thread_blocked, id=17377, stack(0x000075b06f500000,0x000075b06f600000)]
  0x000075b0c0023b80 JavaThread "Unconstrained build operations Thread 38" [_thread_blocked, id=17378, stack(0x000075b06f400000,0x000075b06f500000)]
  0x000075b0c0024ef0 JavaThread "Unconstrained build operations Thread 39" [_thread_blocked, id=17379, stack(0x000075b06f300000,0x000075b06f400000)]
  0x000075b0c0025e70 JavaThread "Unconstrained build operations Thread 40" [_thread_blocked, id=17380, stack(0x000075b06f200000,0x000075b06f300000)]
  0x000075b0c00271f0 JavaThread "Unconstrained build operations Thread 41" [_thread_blocked, id=17381, stack(0x000075b06f100000,0x000075b06f200000)]
  0x000075b0c0028570 JavaThread "Unconstrained build operations Thread 42" [_thread_blocked, id=17382, stack(0x000075b06f000000,0x000075b06f100000)]
  0x000075b0c0029900 JavaThread "Unconstrained build operations Thread 43" [_thread_blocked, id=17383, stack(0x000075b06ef00000,0x000075b06f000000)]
  0x000075b0c002ac90 JavaThread "Unconstrained build operations Thread 44" [_thread_blocked, id=17384, stack(0x000075b06ee00000,0x000075b06ef00000)]
  0x000075b0c002c030 JavaThread "Unconstrained build operations Thread 45" [_thread_blocked, id=17385, stack(0x000075b06ed00000,0x000075b06ee00000)]
  0x000075b0c002d6e0 JavaThread "Unconstrained build operations Thread 46" [_thread_blocked, id=17386, stack(0x000075b06ec00000,0x000075b06ed00000)]
  0x000075b0c002e690 JavaThread "Unconstrained build operations Thread 47" [_thread_blocked, id=17387, stack(0x000075b06ea00000,0x000075b06eb00000)]
  0x000075b0c0032ff0 JavaThread "Unconstrained build operations Thread 48" [_thread_blocked, id=17388, stack(0x000075b06e4fd000,0x000075b06e5fd000)]
  0x000075b0c0033c90 JavaThread "Unconstrained build operations Thread 49" [_thread_blocked, id=17389, stack(0x000075b06e3fd000,0x000075b06e4fd000)]
  0x000075b0c0034c60 JavaThread "Unconstrained build operations Thread 50" [_thread_blocked, id=17390, stack(0x000075b06e2fd000,0x000075b06e3fd000)]
  0x000075b0c0035cd0 JavaThread "Unconstrained build operations Thread 51" [_thread_blocked, id=17391, stack(0x000075b06e1fd000,0x000075b06e2fd000)]
  0x000075b0c00370a0 JavaThread "Unconstrained build operations Thread 52" [_thread_blocked, id=17392, stack(0x000075b06e0fd000,0x000075b06e1fd000)]
  0x000075b0c0038480 JavaThread "Unconstrained build operations Thread 53" [_thread_blocked, id=17393, stack(0x000075b06dffd000,0x000075b06e0fd000)]
  0x000075b0c0039860 JavaThread "Unconstrained build operations Thread 54" [_thread_blocked, id=17394, stack(0x000075b06defd000,0x000075b06dffd000)]
  0x000075b0c003ac50 JavaThread "Unconstrained build operations Thread 55" [_thread_blocked, id=17395, stack(0x000075b06ddfd000,0x000075b06defd000)]
  0x000075b0c003c040 JavaThread "Unconstrained build operations Thread 56" [_thread_blocked, id=17396, stack(0x000075b06dcfd000,0x000075b06ddfd000)]
  0x000075b0c003d560 JavaThread "Unconstrained build operations Thread 57" [_thread_blocked, id=17397, stack(0x000075b06dbfd000,0x000075b06dcfd000)]
  0x000075b0c003e570 JavaThread "Unconstrained build operations Thread 58" [_thread_blocked, id=17398, stack(0x000075b06dafd000,0x000075b06dbfd000)]
  0x000075b0c003f590 JavaThread "Unconstrained build operations Thread 59" [_thread_blocked, id=17399, stack(0x000075b06d9fd000,0x000075b06dafd000)]
  0x000075b0c00409a0 JavaThread "Unconstrained build operations Thread 60" [_thread_blocked, id=17400, stack(0x000075b06d8fd000,0x000075b06d9fd000)]
  0x000075b0c00419d0 JavaThread "Unconstrained build operations Thread 61" [_thread_blocked, id=17401, stack(0x000075b06d7fd000,0x000075b06d8fd000)]
  0x000075b0c0042df0 JavaThread "Unconstrained build operations Thread 62" [_thread_blocked, id=17402, stack(0x000075b06d4fd000,0x000075b06d5fd000)]
  0x000075b0c0043e30 JavaThread "Unconstrained build operations Thread 63" [_thread_blocked, id=17403, stack(0x000075b06d2fd000,0x000075b06d3fd000)]
  0x000075b0c002f650 JavaThread "Unconstrained build operations Thread 64" [_thread_blocked, id=17404, stack(0x000075b06d1fd000,0x000075b06d2fd000)]
  0x000075b0c0030bd0 JavaThread "Unconstrained build operations Thread 65" [_thread_blocked, id=17405, stack(0x000075b06d0fd000,0x000075b06d1fd000)]
  0x000075b0c00480a0 JavaThread "WorkerExecutor Queue" [_thread_blocked, id=17406, stack(0x000075b06cffd000,0x000075b06d0fd000)]
  0x000075b0c0054130 JavaThread "RMI RenewClean-[127.0.0.1:17371,org.jetbrains.kotlin.daemon.common.LoopbackNetworkInterface$ClientLoopbackSocketFactory@8e2b383]" daemon [_thread_blocked, id=17408, stack(0x000075b06cefd000,0x000075b06cffd000)]
  0x000075b08c008920 JavaThread "RMI TCP Connection(10)-127.0.0.1" daemon [_thread_in_native, id=17411, stack(0x000075b06cdfd000,0x000075b06cefd000)]
  0x000075b00caa92b0 JavaThread "Unconstrained build operations Thread 66" [_thread_blocked, id=17412, stack(0x000075b06ccfd000,0x000075b06cdfd000)]
  0x000075b00c8b2ed0 JavaThread "Unconstrained build operations Thread 67" [_thread_blocked, id=17413, stack(0x000075b06cbfd000,0x000075b06ccfd000)]
  0x000075b00c7e3500 JavaThread "Unconstrained build operations Thread 68" [_thread_blocked, id=17414, stack(0x000075b06cafd000,0x000075b06cbfd000)]
  0x000075b00c37cc20 JavaThread "Unconstrained build operations Thread 69" [_thread_blocked, id=17415, stack(0x000075b06c9fd000,0x000075b06cafd000)]
  0x000075b00c6bb6c0 JavaThread "Unconstrained build operations Thread 70" [_thread_blocked, id=17416, stack(0x000075b06c8fd000,0x000075b06c9fd000)]
  0x000075b0c0055cf0 JavaThread "Unconstrained build operations Thread 71" [_thread_blocked, id=17421, stack(0x000075b06c7fd000,0x000075b06c8fd000)]
  0x000075b0c0056cf0 JavaThread "WorkerExecutor Queue Thread 2" [_thread_blocked, id=17422, stack(0x000075b06c6fd000,0x000075b06c7fd000)]
  0x000075b0c004c300 JavaThread "RMI RenewClean-[127.0.0.1:17371,org.jetbrains.kotlin.daemon.common.LoopbackNetworkInterface$ClientLoopbackSocketFactory@383748b5]" daemon [_thread_blocked, id=17423, stack(0x000075b06c5fd000,0x000075b06c6fd000)]
  0x000075b08c002600 JavaThread "RMI TCP Connection(9)-127.0.0.1" daemon [_thread_in_native, id=17426, stack(0x000075b06c4fd000,0x000075b06c5fd000)]
  0x000075b08c003120 JavaThread "RMI TCP Connection(11)-127.0.0.1" daemon [_thread_in_native, id=17427, stack(0x000075b06c3fd000,0x000075b06c4fd000)]
  0x000075b13c9f6b80 JavaThread "C2 CompilerThread1" daemon [_thread_blocked, id=17428, stack(0x000075afd8000000,0x000075afd8100000)]
  0x000075b13c9f8120 JavaThread "C2 CompilerThread2" daemon [_thread_blocked, id=17429, stack(0x000075afd9b3c000,0x000075afd9c3c000)]
  0x000075b0c00470b0 JavaThread "Build operations" [_thread_blocked, id=17430, stack(0x000075b06c1fd000,0x000075b06c2fd000)]
  0x000075b0c004fd00 JavaThread "Build operations Thread 2" [_thread_blocked, id=17431, stack(0x000075b06c0fd000,0x000075b06c1fd000)]
  0x000075b0c0050840 JavaThread "Build operations Thread 3" [_thread_blocked, id=17432, stack(0x000075b007f00000,0x000075b008000000)]
  0x000075b0c00514c0 JavaThread "Build operations Thread 4" [_thread_blocked, id=17433, stack(0x000075b000300000,0x000075b000400000)]
  0x000075b0c00aaf20 JavaThread "Build operations Thread 5" [_thread_blocked, id=17434, stack(0x000075b000200000,0x000075b000300000)]
  0x000075b0c00bbc70 JavaThread "Build operations Thread 6" [_thread_blocked, id=17435, stack(0x000075b000100000,0x000075b000200000)]
  0x000075b0c00c4cf0 JavaThread "Build operations Thread 7" [_thread_blocked, id=17436, stack(0x000075afdff00000,0x000075afe0000000)]
  0x000075b0c00d5d60 JavaThread "Build operations Thread 8" [_thread_blocked, id=17437, stack(0x000075afdfe00000,0x000075afdff00000)]
  0x000075b0c00e6dc0 JavaThread "Build operations Thread 9" [_thread_blocked, id=17438, stack(0x000075afdfd00000,0x000075afdfe00000)]
  0x000075b0c00f7e20 JavaThread "Build operations Thread 10" [_thread_blocked, id=17439, stack(0x000075afdfc00000,0x000075afdfd00000)]
  0x000075b0c0100ea0 JavaThread "Build operations Thread 11" [_thread_blocked, id=17440, stack(0x000075afdfb00000,0x000075afdfc00000)]
  0x000075b0c0105d00 JavaThread "Unconstrained build operations Thread 72" [_thread_blocked, id=17441, stack(0x000075afdfa00000,0x000075afdfb00000)]
  0x000075b0c0106f10 JavaThread "Unconstrained build operations Thread 73" [_thread_blocked, id=17442, stack(0x000075afdf900000,0x000075afdfa00000)]
  0x000075b0c0108c20 JavaThread "Unconstrained build operations Thread 74" [_thread_blocked, id=17443, stack(0x000075afdf800000,0x000075afdf900000)]
  0x000075b0c01098c0 JavaThread "Unconstrained build operations Thread 75" [_thread_blocked, id=17444, stack(0x000075afdf700000,0x000075afdf800000)]
  0x000075b0c010a950 JavaThread "Unconstrained build operations Thread 76" [_thread_blocked, id=17445, stack(0x000075afdf600000,0x000075afdf700000)]
  0x000075b0c010b9d0 JavaThread "Unconstrained build operations Thread 77" [_thread_blocked, id=17446, stack(0x000075afdf500000,0x000075afdf600000)]
  0x000075b0c010ca50 JavaThread "Unconstrained build operations Thread 78" [_thread_blocked, id=17447, stack(0x000075afdf400000,0x000075afdf500000)]
  0x000075b0c010dae0 JavaThread "Unconstrained build operations Thread 79" [_thread_blocked, id=17448, stack(0x000075afdf300000,0x000075afdf400000)]
  0x000075b0c010eb70 JavaThread "Unconstrained build operations Thread 80" [_thread_blocked, id=17449, stack(0x000075afdf200000,0x000075afdf300000)]
  0x000075b0c010fbf0 JavaThread "Unconstrained build operations Thread 81" [_thread_blocked, id=17450, stack(0x000075afdf100000,0x000075afdf200000)]
  0x000075b0c0110c70 JavaThread "Unconstrained build operations Thread 82" [_thread_blocked, id=17451, stack(0x000075afdf000000,0x000075afdf100000)]
  0x000075b0c017ae20 JavaThread "WorkerExecutor Queue Thread 3" [_thread_blocked, id=17452, stack(0x000075afdef00000,0x000075afdf000000)]
  0x000075afe0016430 JavaThread "WorkerExecutor Queue Thread 4" [_thread_blocked, id=17453, stack(0x000075afdee00000,0x000075afdef00000)]
  0x000075afe0081600 JavaThread "WorkerExecutor Queue Thread 5" [_thread_blocked, id=17454, stack(0x000075afded00000,0x000075afdee00000)]
  0x000075afe000dc10 JavaThread "WorkerExecutor Queue Thread 6" [_thread_blocked, id=17455, stack(0x000075afdec00000,0x000075afded00000)]
  0x000075afe000e180 JavaThread "WorkerExecutor Queue Thread 7" [_thread_blocked, id=17456, stack(0x000075afdeb00000,0x000075afdec00000)]
  0x000075afe0094e60 JavaThread "WorkerExecutor Queue Thread 8" [_thread_blocked, id=17457, stack(0x000075afdea00000,0x000075afdeb00000)]
  0x000075afe0090630 JavaThread "WorkerExecutor Queue Thread 9" [_thread_blocked, id=17458, stack(0x000075afde800000,0x000075afde900000)]

Other Threads:
  0x000075b1d4230990 VMThread "VM Thread" [stack: 0x000075b1a99aa000,0x000075b1a9aaa000] [id=15636]
  0x000075b1d401d7e0 WatcherThread [stack: 0x000075b1a8700000,0x000075b1a8800000] [id=15647]
  0x000075b1d4077bd0 GCTaskThread "GC Thread#0" [stack: 0x000075b1d8220000,0x000075b1d8320000] [id=15630]
  0x000075b1a0006a70 GCTaskThread "GC Thread#1" [stack: 0x000075b1a8100000,0x000075b1a8200000] [id=15650]
  0x000075b1a0007410 GCTaskThread "GC Thread#2" [stack: 0x000075b156f00000,0x000075b157000000] [id=15651]
  0x000075b1a0007e30 GCTaskThread "GC Thread#3" [stack: 0x000075b156b00000,0x000075b156c00000] [id=15652]
  0x000075b1a0008850 GCTaskThread "GC Thread#4" [stack: 0x000075b1569ff000,0x000075b156aff000] [id=15653]
  0x000075b1a0009270 GCTaskThread "GC Thread#5" [stack: 0x000075b1568fe000,0x000075b1569fe000] [id=15654]
=>0x000075b1a0009cc0 GCTaskThread "GC Thread#6" [stack: 0x000075b1567fd000,0x000075b1568fd000] [id=15655]
  0x000075b1a000a730 GCTaskThread "GC Thread#7" [stack: 0x000075b1566fc000,0x000075b1567fc000] [id=15656]
  0x000075b1a000b1c0 GCTaskThread "GC Thread#8" [stack: 0x000075b1565fb000,0x000075b1566fb000] [id=15657]
  0x000075b1a000bc50 GCTaskThread "GC Thread#9" [stack: 0x000075b1564fa000,0x000075b1565fa000] [id=15658]
  0x000075b1d4089200 ConcurrentGCThread "G1 Main Marker" [stack: 0x000075b1d811f000,0x000075b1d821f000] [id=15631]
  0x000075b1d408a180 ConcurrentGCThread "G1 Conc#0" [stack: 0x000075b1d801e000,0x000075b1d811e000] [id=15632]
  0x000075b1ac000ea0 ConcurrentGCThread "G1 Conc#1" [stack: 0x000075b1552f9000,0x000075b1553f9000] [id=15677]
  0x000075b1ac001900 ConcurrentGCThread "G1 Conc#2" [stack: 0x000075b1551f8000,0x000075b1552f8000] [id=15678]
  0x000075b1d42034c0 ConcurrentGCThread "G1 Refine#0" [stack: 0x000075b1a9cfe000,0x000075b1a9dfe000] [id=15634]
  0x000075b1a4006070 ConcurrentGCThread "G1 Refine#1" [stack: 0x000075b06e900000,0x000075b06ea00000] [id=15720]
  0x000075b010000ea0 ConcurrentGCThread "G1 Refine#2" [stack: 0x000075b06e7ff000,0x000075b06e8ff000] [id=15721]
  0x000075affc000ea0 ConcurrentGCThread "G1 Refine#3" [stack: 0x000075b06e6fe000,0x000075b06e7fe000] [id=15722]
  0x000075aff4036920 ConcurrentGCThread "G1 Refine#4" [stack: 0x000075afd7e00000,0x000075afd7f00000] [id=15940]
  0x000075b104023700 ConcurrentGCThread "G1 Refine#5" [stack: 0x000075afd7cff000,0x000075afd7dff000] [id=15941]
  0x000075b1d42043d0 ConcurrentGCThread "G1 Service" [stack: 0x000075b1a9bfd000,0x000075b1a9cfd000] [id=15635]

Threads with active compile tasks:
C2 CompilerThread0  1347155 51302   !   4       org.gradle.internal.snapshot.impl.DirectorySnapshotter$PathVisitor::doVisitFile (194 bytes)
C1 CompilerThread0  1347155 51507       3       sun.nio.fs.UnixPath::relativize (408 bytes)
C2 CompilerThread1  1347155 51408       4       kotlin.collections.CollectionsKt___CollectionsKt::joinTo (156 bytes)
C2 CompilerThread2  1347155 51344       4       org.gradle.api.internal.changedetection.state.SplitFileHasher::hash (44 bytes)

VM state: at safepoint (normal execution)

VM Mutex/Monitor currently owned by a thread:  ([mutex/lock_event])
[0x000075b1d4017930] Threads_lock - owner thread: 0x000075b1d4230990
[0x000075b1d40180e0] Heap_lock - owner thread: 0x000075afe0016430

Heap address: 0x0000000080000000, size: 2048 MB, Compressed Oops mode: 32-bit

CDS archive(s) mapped at: [0x000075b15b000000-0x000075b15bbca000-0x000075b15bbca000), size 12361728, SharedBaseAddress: 0x000075b15b000000, ArchiveRelocationMode: 1.
Compressed class space mapped at: 0x000075b15c000000-0x000075b19c000000, reserved size: 1073741824
Narrow klass base: 0x000075b15b000000, Narrow klass shift: 0, Narrow klass range: 0x100000000

GC Precious Log:
 CPUs: 12 total, 12 available
 Memory: 32019M
 Large Page Support: Disabled
 NUMA Support: Disabled
 Compressed Oops: Enabled (32-bit)
 Heap Region Size: 1M
 Heap Min Capacity: 8M
 Heap Initial Capacity: 502M
 Heap Max Capacity: 2G
 Pre-touch: Disabled
 Parallel Workers: 10
 Concurrent Workers: 3
 Concurrent Refinement Workers: 10
 Periodic GC: Disabled

Heap:
 garbage-first heap   total 1783808K, used 1296034K [0x0000000080000000, 0x0000000100000000)
  region size 1024K, 891 young (912384K), 68 survivors (69632K)
 Metaspace       used 281741K, committed 283200K, reserved 1310720K
  class space    used 35722K, committed 36416K, reserved 1048576K

Heap Regions: E=young(eden), S=young(survivor), O=old, HS=humongous(starts), HC=humongous(continues), CS=collection set, F=free, OA=open archive, CA=closed archive, TAMS=top-at-mark-start (previous, next)
|   0|0x0000000080000000, 0x0000000080100000, 0x0000000080100000|100%|HS|  |TAMS 0x0000000080100000, 0x0000000080000000| Complete 
|   1|0x0000000080100000, 0x0000000080200000, 0x0000000080200000|100%|HC|  |TAMS 0x0000000080200000, 0x0000000080100000| Complete 
|   2|0x0000000080200000, 0x0000000080300000, 0x0000000080300000|100%|HC|  |TAMS 0x0000000080300000, 0x0000000080200000| Complete 
|   3|0x0000000080300000, 0x0000000080400000, 0x0000000080400000|100%|HC|  |TAMS 0x0000000080400000, 0x0000000080300000| Complete 
|   4|0x0000000080400000, 0x0000000080500000, 0x0000000080500000|100%| O|  |TAMS 0x0000000080500000, 0x0000000080400000| Untracked 
|   5|0x0000000080500000, 0x0000000080600000, 0x0000000080600000|100%| O|  |TAMS 0x0000000080600000, 0x0000000080500000| Untracked 
|   6|0x0000000080600000, 0x0000000080700000, 0x0000000080700000|100%| O|  |TAMS 0x0000000080700000, 0x0000000080600000| Untracked 
|   7|0x0000000080700000, 0x0000000080800000, 0x0000000080800000|100%|HS|  |TAMS 0x0000000080800000, 0x0000000080700000| Complete 
|   8|0x0000000080800000, 0x0000000080900000, 0x0000000080900000|100%| O|  |TAMS 0x0000000080900000, 0x0000000080800000| Untracked 
|   9|0x0000000080900000, 0x0000000080a00000, 0x0000000080a00000|100%| O|  |TAMS 0x0000000080a00000, 0x0000000080900000| Untracked 
|  10|0x0000000080a00000, 0x0000000080b00000, 0x0000000080b00000|100%| O|  |TAMS 0x0000000080b00000, 0x0000000080a00000| Untracked 
|  11|0x0000000080b00000, 0x0000000080c00000, 0x0000000080c00000|100%| O|  |TAMS 0x0000000080c00000, 0x0000000080b00000| Untracked 
|  12|0x0000000080c00000, 0x0000000080d00000, 0x0000000080d00000|100%| O|  |TAMS 0x0000000080d00000, 0x0000000080c00000| Untracked 
|  13|0x0000000080d00000, 0x0000000080e00000, 0x0000000080e00000|100%| O|  |TAMS 0x0000000080e00000, 0x0000000080d00000| Untracked 
|  14|0x0000000080e00000, 0x0000000080f00000, 0x0000000080f00000|100%| O|  |TAMS 0x0000000080f00000, 0x0000000080e00000| Untracked 
|  15|0x0000000080f00000, 0x0000000081000000, 0x0000000081000000|100%| O|  |TAMS 0x0000000081000000, 0x0000000080f00000| Untracked 
|  16|0x0000000081000000, 0x0000000081100000, 0x0000000081100000|100%| O|  |TAMS 0x0000000081100000, 0x0000000081000000| Untracked 
|  17|0x0000000081100000, 0x0000000081200000, 0x0000000081200000|100%| O|  |TAMS 0x0000000081200000, 0x0000000081100000| Untracked 
|  18|0x0000000081200000, 0x0000000081300000, 0x0000000081300000|100%| O|  |TAMS 0x0000000081300000, 0x0000000081200000| Untracked 
|  19|0x0000000081300000, 0x0000000081400000, 0x0000000081400000|100%| O|  |TAMS 0x0000000081400000, 0x0000000081300000| Untracked 
|  20|0x0000000081400000, 0x0000000081500000, 0x0000000081500000|100%| O|  |TAMS 0x0000000081500000, 0x0000000081400000| Untracked 
|  21|0x0000000081500000, 0x0000000081600000, 0x0000000081600000|100%| O|  |TAMS 0x0000000081600000, 0x0000000081500000| Untracked 
|  22|0x0000000081600000, 0x0000000081700000, 0x0000000081700000|100%| O|  |TAMS 0x0000000081700000, 0x0000000081600000| Untracked 
|  23|0x0000000081700000, 0x0000000081800000, 0x0000000081800000|100%| O|  |TAMS 0x0000000081800000, 0x0000000081700000| Untracked 
|  24|0x0000000081800000, 0x0000000081900000, 0x0000000081900000|100%| O|  |TAMS 0x0000000081900000, 0x0000000081800000| Untracked 
|  25|0x0000000081900000, 0x0000000081a00000, 0x0000000081a00000|100%| O|  |TAMS 0x0000000081a00000, 0x0000000081900000| Untracked 
|  26|0x0000000081a00000, 0x0000000081b00000, 0x0000000081b00000|100%| O|  |TAMS 0x0000000081b00000, 0x0000000081a00000| Untracked 
|  27|0x0000000081b00000, 0x0000000081c00000, 0x0000000081c00000|100%| O|  |TAMS 0x0000000081c00000, 0x0000000081b00000| Untracked 
|  28|0x0000000081c00000, 0x0000000081d00000, 0x0000000081d00000|100%| O|  |TAMS 0x0000000081d00000, 0x0000000081c00000| Untracked 
|  29|0x0000000081d00000, 0x0000000081e00000, 0x0000000081e00000|100%| O|  |TAMS 0x0000000081e00000, 0x0000000081d00000| Untracked 
|  30|0x0000000081e00000, 0x0000000081f00000, 0x0000000081f00000|100%| O|  |TAMS 0x0000000081f00000, 0x0000000081e00000| Untracked 
|  31|0x0000000081f00000, 0x0000000082000000, 0x0000000082000000|100%| O|  |TAMS 0x0000000082000000, 0x0000000081f00000| Untracked 
|  32|0x0000000082000000, 0x0000000082100000, 0x0000000082100000|100%| O|  |TAMS 0x0000000082100000, 0x0000000082000000| Untracked 
|  33|0x0000000082100000, 0x0000000082200000, 0x0000000082200000|100%|HS|  |TAMS 0x0000000082200000, 0x0000000082100000| Complete 
|  34|0x0000000082200000, 0x0000000082300000, 0x0000000082300000|100%|HS|  |TAMS 0x0000000082300000, 0x0000000082200000| Complete 
|  35|0x0000000082300000, 0x0000000082400000, 0x0000000082400000|100%|HS|  |TAMS 0x0000000082400000, 0x0000000082300000| Complete 
|  36|0x0000000082400000, 0x0000000082500000, 0x0000000082500000|100%|HC|  |TAMS 0x0000000082500000, 0x0000000082400000| Complete 
|  37|0x0000000082500000, 0x0000000082600000, 0x0000000082600000|100%|HS|  |TAMS 0x0000000082600000, 0x0000000082500000| Complete 
|  38|0x0000000082600000, 0x0000000082700000, 0x0000000082700000|100%|HC|  |TAMS 0x0000000082700000, 0x0000000082600000| Complete 
|  39|0x0000000082700000, 0x0000000082800000, 0x0000000082800000|100%|HS|  |TAMS 0x0000000082800000, 0x0000000082700000| Complete 
|  40|0x0000000082800000, 0x0000000082900000, 0x0000000082900000|100%|HS|  |TAMS 0x0000000082900000, 0x0000000082800000| Complete 
|  41|0x0000000082900000, 0x0000000082a00000, 0x0000000082a00000|100%|HC|  |TAMS 0x0000000082a00000, 0x0000000082900000| Complete 
|  42|0x0000000082a00000, 0x0000000082b00000, 0x0000000082b00000|100%|HC|  |TAMS 0x0000000082b00000, 0x0000000082a00000| Complete 
|  43|0x0000000082b00000, 0x0000000082c00000, 0x0000000082c00000|100%|HS|  |TAMS 0x0000000082c00000, 0x0000000082b00000| Complete 
|  44|0x0000000082c00000, 0x0000000082d00000, 0x0000000082d00000|100%| O|  |TAMS 0x0000000082d00000, 0x0000000082c00000| Untracked 
|  45|0x0000000082d00000, 0x0000000082e00000, 0x0000000082e00000|100%|HS|  |TAMS 0x0000000082e00000, 0x0000000082d00000| Complete 
|  46|0x0000000082e00000, 0x0000000082f00000, 0x0000000082f00000|100%|HS|  |TAMS 0x0000000082f00000, 0x0000000082e00000| Complete 
|  47|0x0000000082f00000, 0x0000000083000000, 0x0000000083000000|100%| O|  |TAMS 0x0000000083000000, 0x0000000082f00000| Untracked 
|  48|0x0000000083000000, 0x0000000083100000, 0x0000000083100000|100%| O|  |TAMS 0x0000000083100000, 0x0000000083000000| Untracked 
|  49|0x0000000083100000, 0x0000000083200000, 0x0000000083200000|100%| O|  |TAMS 0x0000000083200000, 0x0000000083100000| Untracked 
|  50|0x0000000083200000, 0x0000000083300000, 0x0000000083300000|100%| O|  |TAMS 0x0000000083300000, 0x0000000083200000| Untracked 
|  51|0x0000000083300000, 0x0000000083400000, 0x0000000083400000|100%| O|  |TAMS 0x0000000083400000, 0x0000000083300000| Untracked 
|  52|0x0000000083400000, 0x0000000083500000, 0x0000000083500000|100%| O|  |TAMS 0x0000000083500000, 0x0000000083400000| Untracked 
|  53|0x0000000083500000, 0x0000000083600000, 0x0000000083600000|100%| O|  |TAMS 0x0000000083600000, 0x0000000083500000| Untracked 
|  54|0x0000000083600000, 0x0000000083700000, 0x0000000083700000|100%| O|  |TAMS 0x0000000083700000, 0x0000000083600000| Untracked 
|  55|0x0000000083700000, 0x0000000083800000, 0x0000000083800000|100%| O|  |TAMS 0x0000000083800000, 0x0000000083700000| Untracked 
|  56|0x0000000083800000, 0x0000000083900000, 0x0000000083900000|100%|HS|  |TAMS 0x0000000083900000, 0x0000000083800000| Complete 
|  57|0x0000000083900000, 0x0000000083a00000, 0x0000000083a00000|100%|HC|  |TAMS 0x0000000083a00000, 0x0000000083900000| Complete 
|  58|0x0000000083a00000, 0x0000000083b00000, 0x0000000083b00000|100%|HC|  |TAMS 0x0000000083b00000, 0x0000000083a00000| Complete 
|  59|0x0000000083b00000, 0x0000000083c00000, 0x0000000083c00000|100%| O|  |TAMS 0x0000000083c00000, 0x0000000083b00000| Untracked 
|  60|0x0000000083c00000, 0x0000000083d00000, 0x0000000083d00000|100%| O|  |TAMS 0x0000000083d00000, 0x0000000083c00000| Untracked 
|  61|0x0000000083d00000, 0x0000000083e00000, 0x0000000083e00000|100%| O|  |TAMS 0x0000000083e00000, 0x0000000083d00000| Untracked 
|  62|0x0000000083e00000, 0x0000000083f00000, 0x0000000083f00000|100%| O|  |TAMS 0x0000000083f00000, 0x0000000083e00000| Untracked 
|  63|0x0000000083f00000, 0x0000000084000000, 0x0000000084000000|100%| O|  |TAMS 0x0000000084000000, 0x0000000083f00000| Untracked 
|  64|0x0000000084000000, 0x0000000084100000, 0x0000000084100000|100%| O|  |TAMS 0x0000000084100000, 0x0000000084000000| Untracked 
|  65|0x0000000084100000, 0x0000000084200000, 0x0000000084200000|100%| O|  |TAMS 0x0000000084200000, 0x0000000084100000| Untracked 
|  66|0x0000000084200000, 0x0000000084300000, 0x0000000084300000|100%| O|  |TAMS 0x0000000084300000, 0x0000000084200000| Untracked 
|  67|0x0000000084300000, 0x0000000084400000, 0x0000000084400000|100%| O|  |TAMS 0x0000000084400000, 0x0000000084300000| Untracked 
|  68|0x0000000084400000, 0x0000000084500000, 0x0000000084500000|100%| O|  |TAMS 0x0000000084500000, 0x0000000084400000| Untracked 
|  69|0x0000000084500000, 0x0000000084600000, 0x0000000084600000|100%| O|  |TAMS 0x0000000084600000, 0x0000000084500000| Untracked 
|  70|0x0000000084600000, 0x0000000084700000, 0x0000000084700000|100%| O|  |TAMS 0x0000000084700000, 0x0000000084600000| Untracked 
|  71|0x0000000084700000, 0x0000000084800000, 0x0000000084800000|100%|HS|  |TAMS 0x0000000084800000, 0x0000000084700000| Complete 
|  72|0x0000000084800000, 0x0000000084900000, 0x0000000084900000|100%| O|  |TAMS 0x0000000084900000, 0x0000000084800000| Untracked 
|  73|0x0000000084900000, 0x0000000084a00000, 0x0000000084a00000|100%| O|  |TAMS 0x0000000084a00000, 0x0000000084900000| Untracked 
|  74|0x0000000084a00000, 0x0000000084b00000, 0x0000000084b00000|100%| O|  |TAMS 0x0000000084b00000, 0x0000000084a00000| Untracked 
|  75|0x0000000084b00000, 0x0000000084c00000, 0x0000000084c00000|100%| O|  |TAMS 0x0000000084c00000, 0x0000000084b00000| Untracked 
|  76|0x0000000084c00000, 0x0000000084d00000, 0x0000000084d00000|100%| O|  |TAMS 0x0000000084d00000, 0x0000000084c00000| Untracked 
|  77|0x0000000084d00000, 0x0000000084e00000, 0x0000000084e00000|100%| O|  |TAMS 0x0000000084e00000, 0x0000000084d00000| Untracked 
|  78|0x0000000084e00000, 0x0000000084f00000, 0x0000000084f00000|100%| O|  |TAMS 0x0000000084f00000, 0x0000000084e00000| Untracked 
|  79|0x0000000084f00000, 0x0000000085000000, 0x0000000085000000|100%| O|  |TAMS 0x0000000085000000, 0x0000000084f00000| Untracked 
|  80|0x0000000085000000, 0x0000000085100000, 0x0000000085100000|100%| O|  |TAMS 0x0000000085100000, 0x0000000085000000| Untracked 
|  81|0x0000000085100000, 0x0000000085200000, 0x0000000085200000|100%| O|  |TAMS 0x0000000085200000, 0x0000000085100000| Untracked 
|  82|0x0000000085200000, 0x0000000085300000, 0x0000000085300000|100%| O|  |TAMS 0x0000000085300000, 0x0000000085200000| Untracked 
|  83|0x0000000085300000, 0x0000000085400000, 0x0000000085400000|100%| O|  |TAMS 0x0000000085400000, 0x0000000085300000| Untracked 
|  84|0x0000000085400000, 0x0000000085500000, 0x0000000085500000|100%| O|  |TAMS 0x0000000085500000, 0x0000000085400000| Untracked 
|  85|0x0000000085500000, 0x0000000085600000, 0x0000000085600000|100%| O|  |TAMS 0x0000000085600000, 0x0000000085500000| Untracked 
|  86|0x0000000085600000, 0x0000000085700000, 0x0000000085700000|100%| O|  |TAMS 0x0000000085700000, 0x0000000085600000| Untracked 
|  87|0x0000000085700000, 0x0000000085800000, 0x0000000085800000|100%| O|  |TAMS 0x0000000085800000, 0x0000000085700000| Untracked 
|  88|0x0000000085800000, 0x0000000085900000, 0x0000000085900000|100%| O|  |TAMS 0x0000000085900000, 0x0000000085800000| Untracked 
|  89|0x0000000085900000, 0x0000000085a00000, 0x0000000085a00000|100%| O|  |TAMS 0x0000000085a00000, 0x0000000085900000| Untracked 
|  90|0x0000000085a00000, 0x0000000085b00000, 0x0000000085b00000|100%| O|  |TAMS 0x0000000085b00000, 0x0000000085a00000| Untracked 
|  91|0x0000000085b00000, 0x0000000085c00000, 0x0000000085c00000|100%| O|  |TAMS 0x0000000085c00000, 0x0000000085b00000| Untracked 
|  92|0x0000000085c00000, 0x0000000085d00000, 0x0000000085d00000|100%| O|  |TAMS 0x0000000085d00000, 0x0000000085c00000| Untracked 
|  93|0x0000000085d00000, 0x0000000085e00000, 0x0000000085e00000|100%| O|  |TAMS 0x0000000085e00000, 0x0000000085d00000| Untracked 
|  94|0x0000000085e00000, 0x0000000085f00000, 0x0000000085f00000|100%| O|  |TAMS 0x0000000085f00000, 0x0000000085e00000| Untracked 
|  95|0x0000000085f00000, 0x0000000086000000, 0x0000000086000000|100%| O|  |TAMS 0x0000000086000000, 0x0000000085f00000| Untracked 
|  96|0x0000000086000000, 0x0000000086100000, 0x0000000086100000|100%| O|  |TAMS 0x0000000086100000, 0x0000000086000000| Untracked 
|  97|0x0000000086100000, 0x0000000086200000, 0x0000000086200000|100%| O|  |TAMS 0x0000000086200000, 0x0000000086100000| Untracked 
|  98|0x0000000086200000, 0x0000000086300000, 0x0000000086300000|100%| O|  |TAMS 0x0000000086300000, 0x0000000086200000| Untracked 
|  99|0x0000000086300000, 0x0000000086400000, 0x0000000086400000|100%| O|  |TAMS 0x0000000086400000, 0x0000000086300000| Untracked 
| 100|0x0000000086400000, 0x0000000086500000, 0x0000000086500000|100%| O|  |TAMS 0x0000000086500000, 0x0000000086400000| Untracked 
| 101|0x0000000086500000, 0x0000000086600000, 0x0000000086600000|100%|HS|  |TAMS 0x0000000086500000, 0x0000000086500000| Complete 
| 102|0x0000000086600000, 0x0000000086700000, 0x0000000086700000|100%|HS|  |TAMS 0x0000000086600000, 0x0000000086600000| Complete 
| 103|0x0000000086700000, 0x0000000086800000, 0x0000000086800000|100%| O|  |TAMS 0x0000000086800000, 0x0000000086700000| Untracked 
| 104|0x0000000086800000, 0x0000000086900000, 0x0000000086900000|100%| O|  |TAMS 0x0000000086900000, 0x0000000086800000| Untracked 
| 105|0x0000000086900000, 0x0000000086a00000, 0x0000000086a00000|100%| O|  |TAMS 0x0000000086a00000, 0x0000000086900000| Untracked 
| 106|0x0000000086a00000, 0x0000000086b00000, 0x0000000086b00000|100%| O|  |TAMS 0x0000000086b00000, 0x0000000086a00000| Untracked 
| 107|0x0000000086b00000, 0x0000000086c00000, 0x0000000086c00000|100%| O|  |TAMS 0x0000000086c00000, 0x0000000086b00000| Untracked 
| 108|0x0000000086c00000, 0x0000000086d00000, 0x0000000086d00000|100%| O|  |TAMS 0x0000000086d00000, 0x0000000086c00000| Untracked 
| 109|0x0000000086d00000, 0x0000000086e00000, 0x0000000086e00000|100%| O|  |TAMS 0x0000000086e00000, 0x0000000086d00000| Untracked 
| 110|0x0000000086e00000, 0x0000000086f00000, 0x0000000086f00000|100%| O|  |TAMS 0x0000000086f00000, 0x0000000086e00000| Untracked 
| 111|0x0000000086f00000, 0x0000000087000000, 0x0000000087000000|100%| O|  |TAMS 0x0000000087000000, 0x0000000086f00000| Untracked 
| 112|0x0000000087000000, 0x0000000087100000, 0x0000000087100000|100%| O|  |TAMS 0x0000000087100000, 0x0000000087000000| Untracked 
| 113|0x0000000087100000, 0x0000000087200000, 0x0000000087200000|100%| O|  |TAMS 0x0000000087200000, 0x0000000087100000| Untracked 
| 114|0x0000000087200000, 0x0000000087300000, 0x0000000087300000|100%| O|  |TAMS 0x0000000087300000, 0x0000000087200000| Untracked 
| 115|0x0000000087300000, 0x0000000087400000, 0x0000000087400000|100%| O|  |TAMS 0x0000000087400000, 0x0000000087300000| Untracked 
| 116|0x0000000087400000, 0x0000000087500000, 0x0000000087500000|100%| O|  |TAMS 0x0000000087500000, 0x0000000087400000| Untracked 
| 117|0x0000000087500000, 0x0000000087600000, 0x0000000087600000|100%| O|  |TAMS 0x0000000087600000, 0x0000000087500000| Untracked 
| 118|0x0000000087600000, 0x0000000087700000, 0x0000000087700000|100%| O|  |TAMS 0x0000000087700000, 0x0000000087600000| Untracked 
| 119|0x0000000087700000, 0x0000000087800000, 0x0000000087800000|100%| O|  |TAMS 0x0000000087800000, 0x0000000087700000| Untracked 
| 120|0x0000000087800000, 0x0000000087900000, 0x0000000087900000|100%| O|  |TAMS 0x0000000087900000, 0x0000000087800000| Untracked 
| 121|0x0000000087900000, 0x0000000087a00000, 0x0000000087a00000|100%| O|  |TAMS 0x0000000087a00000, 0x0000000087900000| Untracked 
| 122|0x0000000087a00000, 0x0000000087b00000, 0x0000000087b00000|100%| O|  |TAMS 0x0000000087b00000, 0x0000000087a00000| Untracked 
| 123|0x0000000087b00000, 0x0000000087c00000, 0x0000000087c00000|100%| O|  |TAMS 0x0000000087c00000, 0x0000000087b00000| Untracked 
| 124|0x0000000087c00000, 0x0000000087d00000, 0x0000000087d00000|100%| O|  |TAMS 0x0000000087d00000, 0x0000000087c00000| Untracked 
| 125|0x0000000087d00000, 0x0000000087e00000, 0x0000000087e00000|100%| O|  |TAMS 0x0000000087e00000, 0x0000000087d00000| Untracked 
| 126|0x0000000087e00000, 0x0000000087e00000, 0x0000000087f00000|  0%| F|  |TAMS 0x0000000087e00000, 0x0000000087e00000| Untracked 
| 127|0x0000000087f00000, 0x0000000088000000, 0x0000000088000000|100%| O|  |TAMS 0x0000000088000000, 0x0000000087f00000| Untracked 
| 128|0x0000000088000000, 0x0000000088000000, 0x0000000088100000|  0%| F|  |TAMS 0x0000000088000000, 0x0000000088000000| Untracked 
| 129|0x0000000088100000, 0x0000000088200000, 0x0000000088200000|100%| O|  |TAMS 0x0000000088200000, 0x0000000088100000| Untracked 
| 130|0x0000000088200000, 0x0000000088300000, 0x0000000088300000|100%| O|  |TAMS 0x0000000088300000, 0x0000000088200000| Untracked 
| 131|0x0000000088300000, 0x0000000088400000, 0x0000000088400000|100%| O|  |TAMS 0x0000000088400000, 0x0000000088300000| Untracked 
| 132|0x0000000088400000, 0x0000000088500000, 0x0000000088500000|100%|HS|  |TAMS 0x0000000088400000, 0x0000000088400000| Complete 
| 133|0x0000000088500000, 0x0000000088600000, 0x0000000088600000|100%|HC|  |TAMS 0x0000000088500000, 0x0000000088500000| Complete 
| 134|0x0000000088600000, 0x0000000088600000, 0x0000000088700000|  0%| F|  |TAMS 0x0000000088600000, 0x0000000088600000| Untracked 
| 135|0x0000000088700000, 0x0000000088700000, 0x0000000088800000|  0%| F|  |TAMS 0x0000000088700000, 0x0000000088700000| Untracked 
| 136|0x0000000088800000, 0x0000000088800000, 0x0000000088900000|  0%| F|  |TAMS 0x0000000088800000, 0x0000000088800000| Untracked 
| 137|0x0000000088900000, 0x0000000088a00000, 0x0000000088a00000|100%| O|  |TAMS 0x0000000088a00000, 0x0000000088900000| Untracked 
| 138|0x0000000088a00000, 0x0000000088a00000, 0x0000000088b00000|  0%| F|  |TAMS 0x0000000088a00000, 0x0000000088a00000| Untracked 
| 139|0x0000000088b00000, 0x0000000088b00000, 0x0000000088c00000|  0%| F|  |TAMS 0x0000000088b00000, 0x0000000088b00000| Untracked 
| 140|0x0000000088c00000, 0x0000000088c00000, 0x0000000088d00000|  0%| F|  |TAMS 0x0000000088c00000, 0x0000000088c00000| Untracked 
| 141|0x0000000088d00000, 0x0000000088e00000, 0x0000000088e00000|100%| O|  |TAMS 0x0000000088d00000, 0x0000000088d00000| Untracked 
| 142|0x0000000088e00000, 0x0000000088f00000, 0x0000000088f00000|100%| O|  |TAMS 0x0000000088f00000, 0x0000000088e00000| Untracked 
| 143|0x0000000088f00000, 0x0000000089000000, 0x0000000089000000|100%| O|  |TAMS 0x0000000089000000, 0x0000000088f00000| Untracked 
| 144|0x0000000089000000, 0x0000000089100000, 0x0000000089100000|100%| O|  |TAMS 0x0000000089100000, 0x0000000089000000| Untracked 
| 145|0x0000000089100000, 0x0000000089200000, 0x0000000089200000|100%| O|  |TAMS 0x0000000089200000, 0x0000000089100000| Untracked 
| 146|0x0000000089200000, 0x0000000089300000, 0x0000000089300000|100%| O|  |TAMS 0x0000000089300000, 0x0000000089200000| Untracked 
| 147|0x0000000089300000, 0x0000000089400000, 0x0000000089400000|100%| O|  |TAMS 0x0000000089400000, 0x0000000089300000| Untracked 
| 148|0x0000000089400000, 0x0000000089500000, 0x0000000089500000|100%| O|  |TAMS 0x0000000089500000, 0x0000000089400000| Untracked 
| 149|0x0000000089500000, 0x0000000089600000, 0x0000000089600000|100%| O|  |TAMS 0x0000000089600000, 0x0000000089500000| Untracked 
| 150|0x0000000089600000, 0x0000000089700000, 0x0000000089700000|100%| O|  |TAMS 0x0000000089700000, 0x0000000089600000| Untracked 
| 151|0x0000000089700000, 0x0000000089800000, 0x0000000089800000|100%| O|  |TAMS 0x0000000089800000, 0x0000000089700000| Untracked 
| 152|0x0000000089800000, 0x0000000089900000, 0x0000000089900000|100%| O|  |TAMS 0x0000000089900000, 0x0000000089800000| Untracked 
| 153|0x0000000089900000, 0x0000000089a00000, 0x0000000089a00000|100%| O|  |TAMS 0x0000000089a00000, 0x0000000089900000| Untracked 
| 154|0x0000000089a00000, 0x0000000089b00000, 0x0000000089b00000|100%| O|  |TAMS 0x0000000089b00000, 0x0000000089a00000| Untracked 
| 155|0x0000000089b00000, 0x0000000089c00000, 0x0000000089c00000|100%| O|  |TAMS 0x0000000089c00000, 0x0000000089b00000| Untracked 
| 156|0x0000000089c00000, 0x0000000089d00000, 0x0000000089d00000|100%| O|  |TAMS 0x0000000089d00000, 0x0000000089c00000| Untracked 
| 157|0x0000000089d00000, 0x0000000089e00000, 0x0000000089e00000|100%| O|  |TAMS 0x0000000089e00000, 0x0000000089d00000| Untracked 
| 158|0x0000000089e00000, 0x0000000089f00000, 0x0000000089f00000|100%| O|  |TAMS 0x0000000089f00000, 0x0000000089e00000| Untracked 
| 159|0x0000000089f00000, 0x000000008a000000, 0x000000008a000000|100%| O|  |TAMS 0x000000008a000000, 0x0000000089f00000| Untracked 
| 160|0x000000008a000000, 0x000000008a100000, 0x000000008a100000|100%| O|  |TAMS 0x000000008a100000, 0x000000008a000000| Untracked 
| 161|0x000000008a100000, 0x000000008a200000, 0x000000008a200000|100%| O|  |TAMS 0x000000008a200000, 0x000000008a100000| Untracked 
| 162|0x000000008a200000, 0x000000008a300000, 0x000000008a300000|100%| O|  |TAMS 0x000000008a300000, 0x000000008a200000| Untracked 
| 163|0x000000008a300000, 0x000000008a400000, 0x000000008a400000|100%| O|  |TAMS 0x000000008a400000, 0x000000008a300000| Untracked 
| 164|0x000000008a400000, 0x000000008a500000, 0x000000008a500000|100%| O|  |TAMS 0x000000008a500000, 0x000000008a400000| Untracked 
| 165|0x000000008a500000, 0x000000008a600000, 0x000000008a600000|100%| O|  |TAMS 0x000000008a500000, 0x000000008a500000| Untracked 
| 166|0x000000008a600000, 0x000000008a700000, 0x000000008a700000|100%| O|  |TAMS 0x000000008a700000, 0x000000008a600000| Untracked 
| 167|0x000000008a700000, 0x000000008a800000, 0x000000008a800000|100%| O|  |TAMS 0x000000008a800000, 0x000000008a700000| Untracked 
| 168|0x000000008a800000, 0x000000008a800000, 0x000000008a900000|  0%| F|  |TAMS 0x000000008a800000, 0x000000008a800000| Untracked 
| 169|0x000000008a900000, 0x000000008a900000, 0x000000008aa00000|  0%| F|  |TAMS 0x000000008a900000, 0x000000008a900000| Untracked 
| 170|0x000000008aa00000, 0x000000008aa00000, 0x000000008ab00000|  0%| F|  |TAMS 0x000000008aa00000, 0x000000008aa00000| Untracked 
| 171|0x000000008ab00000, 0x000000008ac00000, 0x000000008ac00000|100%| O|  |TAMS 0x000000008ab00000, 0x000000008ab00000| Untracked 
| 172|0x000000008ac00000, 0x000000008ac00000, 0x000000008ad00000|  0%| F|  |TAMS 0x000000008ac00000, 0x000000008ac00000| Untracked 
| 173|0x000000008ad00000, 0x000000008ae00000, 0x000000008ae00000|100%| O|  |TAMS 0x000000008ae00000, 0x000000008ad00000| Untracked 
| 174|0x000000008ae00000, 0x000000008af00000, 0x000000008af00000|100%| O|  |TAMS 0x000000008af00000, 0x000000008ae00000| Untracked 
| 175|0x000000008af00000, 0x000000008b000000, 0x000000008b000000|100%| O|  |TAMS 0x000000008b000000, 0x000000008af00000| Untracked 
| 176|0x000000008b000000, 0x000000008b000000, 0x000000008b100000|  0%| F|  |TAMS 0x000000008b000000, 0x000000008b000000| Untracked 
| 177|0x000000008b100000, 0x000000008b200000, 0x000000008b200000|100%| O|  |TAMS 0x000000008b200000, 0x000000008b100000| Untracked 
| 178|0x000000008b200000, 0x000000008b200000, 0x000000008b300000|  0%| F|  |TAMS 0x000000008b200000, 0x000000008b200000| Untracked 
| 179|0x000000008b300000, 0x000000008b300000, 0x000000008b400000|  0%| F|  |TAMS 0x000000008b300000, 0x000000008b300000| Untracked 
| 180|0x000000008b400000, 0x000000008b500000, 0x000000008b500000|100%| O|  |TAMS 0x000000008b500000, 0x000000008b400000| Untracked 
| 181|0x000000008b500000, 0x000000008b600000, 0x000000008b600000|100%| O|  |TAMS 0x000000008b500000, 0x000000008b500000| Untracked 
| 182|0x000000008b600000, 0x000000008b700000, 0x000000008b700000|100%| O|  |TAMS 0x000000008b600000, 0x000000008b600000| Untracked 
| 183|0x000000008b700000, 0x000000008b800000, 0x000000008b800000|100%| O|  |TAMS 0x000000008b700000, 0x000000008b700000| Untracked 
| 184|0x000000008b800000, 0x000000008b900000, 0x000000008b900000|100%| O|  |TAMS 0x000000008b800000, 0x000000008b800000| Untracked 
| 185|0x000000008b900000, 0x000000008ba00000, 0x000000008ba00000|100%| O|  |TAMS 0x000000008b900000, 0x000000008b900000| Untracked 
| 186|0x000000008ba00000, 0x000000008bb00000, 0x000000008bb00000|100%| O|  |TAMS 0x000000008ba00000, 0x000000008ba00000| Untracked 
| 187|0x000000008bb00000, 0x000000008bb00000, 0x000000008bc00000|  0%| F|  |TAMS 0x000000008bb00000, 0x000000008bb00000| Untracked 
| 188|0x000000008bc00000, 0x000000008bc00000, 0x000000008bd00000|  0%| F|  |TAMS 0x000000008bc00000, 0x000000008bc00000| Untracked 
| 189|0x000000008bd00000, 0x000000008bd00000, 0x000000008be00000|  0%| F|  |TAMS 0x000000008bd00000, 0x000000008bd00000| Untracked 
| 190|0x000000008be00000, 0x000000008be00000, 0x000000008bf00000|  0%| F|  |TAMS 0x000000008be00000, 0x000000008be00000| Untracked 
| 191|0x000000008bf00000, 0x000000008bf00000, 0x000000008c000000|  0%| F|  |TAMS 0x000000008bf00000, 0x000000008bf00000| Untracked 
| 192|0x000000008c000000, 0x000000008c100000, 0x000000008c100000|100%| O|  |TAMS 0x000000008c000000, 0x000000008c000000| Untracked 
| 193|0x000000008c100000, 0x000000008c100000, 0x000000008c200000|  0%| F|  |TAMS 0x000000008c100000, 0x000000008c100000| Untracked 
| 194|0x000000008c200000, 0x000000008c300000, 0x000000008c300000|100%| O|  |TAMS 0x000000008c200000, 0x000000008c200000| Untracked 
| 195|0x000000008c300000, 0x000000008c300000, 0x000000008c400000|  0%| F|  |TAMS 0x000000008c300000, 0x000000008c300000| Untracked 
| 196|0x000000008c400000, 0x000000008c500000, 0x000000008c500000|100%| O|  |TAMS 0x000000008c500000, 0x000000008c400000| Untracked 
| 197|0x000000008c500000, 0x000000008c500000, 0x000000008c600000|  0%| F|  |TAMS 0x000000008c500000, 0x000000008c500000| Untracked 
| 198|0x000000008c600000, 0x000000008c700000, 0x000000008c700000|100%| O|  |TAMS 0x000000008c600000, 0x000000008c600000| Untracked 
| 199|0x000000008c700000, 0x000000008c700000, 0x000000008c800000|  0%| F|  |TAMS 0x000000008c700000, 0x000000008c700000| Untracked 
| 200|0x000000008c800000, 0x000000008c900000, 0x000000008c900000|100%| O|  |TAMS 0x000000008c900000, 0x000000008c800000| Untracked 
| 201|0x000000008c900000, 0x000000008ca00000, 0x000000008ca00000|100%| O|  |TAMS 0x000000008c900000, 0x000000008c900000| Untracked 
| 202|0x000000008ca00000, 0x000000008ca00000, 0x000000008cb00000|  0%| F|  |TAMS 0x000000008ca00000, 0x000000008ca00000| Untracked 
| 203|0x000000008cb00000, 0x000000008cb00000, 0x000000008cc00000|  0%| F|  |TAMS 0x000000008cb00000, 0x000000008cb00000| Untracked 
| 204|0x000000008cc00000, 0x000000008cd00000, 0x000000008cd00000|100%| O|  |TAMS 0x000000008cc00000, 0x000000008cc00000| Untracked 
| 205|0x000000008cd00000, 0x000000008cd00000, 0x000000008ce00000|  0%| F|  |TAMS 0x000000008cd00000, 0x000000008cd00000| Untracked 
| 206|0x000000008ce00000, 0x000000008ce00000, 0x000000008cf00000|  0%| F|  |TAMS 0x000000008ce00000, 0x000000008ce00000| Untracked 
| 207|0x000000008cf00000, 0x000000008d000000, 0x000000008d000000|100%| O|  |TAMS 0x000000008cf00000, 0x000000008cf00000| Untracked 
| 208|0x000000008d000000, 0x000000008d100000, 0x000000008d100000|100%| O|  |TAMS 0x000000008d000000, 0x000000008d000000| Untracked 
| 209|0x000000008d100000, 0x000000008d200000, 0x000000008d200000|100%| O|  |TAMS 0x000000008d100000, 0x000000008d100000| Untracked 
| 210|0x000000008d200000, 0x000000008d300000, 0x000000008d300000|100%| O|  |TAMS 0x000000008d200000, 0x000000008d200000| Untracked 
| 211|0x000000008d300000, 0x000000008d400000, 0x000000008d400000|100%| O|  |TAMS 0x000000008d300000, 0x000000008d300000| Untracked 
| 212|0x000000008d400000, 0x000000008d500000, 0x000000008d500000|100%| O|  |TAMS 0x000000008d400000, 0x000000008d400000| Untracked 
| 213|0x000000008d500000, 0x000000008d600000, 0x000000008d600000|100%| O|  |TAMS 0x000000008d500000, 0x000000008d500000| Untracked 
| 214|0x000000008d600000, 0x000000008d700000, 0x000000008d700000|100%| O|  |TAMS 0x000000008d600000, 0x000000008d600000| Untracked 
| 215|0x000000008d700000, 0x000000008d800000, 0x000000008d800000|100%| O|  |TAMS 0x000000008d700000, 0x000000008d700000| Untracked 
| 216|0x000000008d800000, 0x000000008d900000, 0x000000008d900000|100%| O|  |TAMS 0x000000008d800000, 0x000000008d800000| Untracked 
| 217|0x000000008d900000, 0x000000008da00000, 0x000000008da00000|100%| O|  |TAMS 0x000000008d900000, 0x000000008d900000| Untracked 
| 218|0x000000008da00000, 0x000000008db00000, 0x000000008db00000|100%| O|  |TAMS 0x000000008da00000, 0x000000008da00000| Untracked 
| 219|0x000000008db00000, 0x000000008db00000, 0x000000008dc00000|  0%| F|  |TAMS 0x000000008db00000, 0x000000008db00000| Untracked 
| 220|0x000000008dc00000, 0x000000008dc00000, 0x000000008dd00000|  0%| F|  |TAMS 0x000000008dc00000, 0x000000008dc00000| Untracked 
| 221|0x000000008dd00000, 0x000000008dd00000, 0x000000008de00000|  0%| F|  |TAMS 0x000000008dd00000, 0x000000008dd00000| Untracked 
| 222|0x000000008de00000, 0x000000008de00000, 0x000000008df00000|  0%| F|  |TAMS 0x000000008de00000, 0x000000008de00000| Untracked 
| 223|0x000000008df00000, 0x000000008df00000, 0x000000008e000000|  0%| F|  |TAMS 0x000000008df00000, 0x000000008df00000| Untracked 
| 224|0x000000008e000000, 0x000000008e000000, 0x000000008e100000|  0%| F|  |TAMS 0x000000008e000000, 0x000000008e000000| Untracked 
| 225|0x000000008e100000, 0x000000008e100000, 0x000000008e200000|  0%| F|  |TAMS 0x000000008e100000, 0x000000008e100000| Untracked 
| 226|0x000000008e200000, 0x000000008e200000, 0x000000008e300000|  0%| F|  |TAMS 0x000000008e200000, 0x000000008e200000| Untracked 
| 227|0x000000008e300000, 0x000000008e300000, 0x000000008e400000|  0%| F|  |TAMS 0x000000008e300000, 0x000000008e300000| Untracked 
| 228|0x000000008e400000, 0x000000008e400000, 0x000000008e500000|  0%| F|  |TAMS 0x000000008e400000, 0x000000008e400000| Untracked 
| 229|0x000000008e500000, 0x000000008e500000, 0x000000008e600000|  0%| F|  |TAMS 0x000000008e500000, 0x000000008e500000| Untracked 
| 230|0x000000008e600000, 0x000000008e600000, 0x000000008e700000|  0%| F|  |TAMS 0x000000008e600000, 0x000000008e600000| Untracked 
| 231|0x000000008e700000, 0x000000008e700000, 0x000000008e800000|  0%| F|  |TAMS 0x000000008e700000, 0x000000008e700000| Untracked 
| 232|0x000000008e800000, 0x000000008e800000, 0x000000008e900000|  0%| F|  |TAMS 0x000000008e800000, 0x000000008e800000| Untracked 
| 233|0x000000008e900000, 0x000000008e900000, 0x000000008ea00000|  0%| F|  |TAMS 0x000000008e900000, 0x000000008e900000| Untracked 
| 234|0x000000008ea00000, 0x000000008ea00000, 0x000000008eb00000|  0%| F|  |TAMS 0x000000008ea00000, 0x000000008ea00000| Untracked 
| 235|0x000000008eb00000, 0x000000008eb00000, 0x000000008ec00000|  0%| F|  |TAMS 0x000000008eb00000, 0x000000008eb00000| Untracked 
| 236|0x000000008ec00000, 0x000000008ec00000, 0x000000008ed00000|  0%| F|  |TAMS 0x000000008ec00000, 0x000000008ec00000| Untracked 
| 237|0x000000008ed00000, 0x000000008ed00000, 0x000000008ee00000|  0%| F|  |TAMS 0x000000008ed00000, 0x000000008ed00000| Untracked 
| 238|0x000000008ee00000, 0x000000008ee00000, 0x000000008ef00000|  0%| F|  |TAMS 0x000000008ee00000, 0x000000008ee00000| Untracked 
| 239|0x000000008ef00000, 0x000000008ef00000, 0x000000008f000000|  0%| F|  |TAMS 0x000000008ef00000, 0x000000008ef00000| Untracked 
| 240|0x000000008f000000, 0x000000008f000000, 0x000000008f100000|  0%| F|  |TAMS 0x000000008f000000, 0x000000008f000000| Untracked 
| 241|0x000000008f100000, 0x000000008f100000, 0x000000008f200000|  0%| F|  |TAMS 0x000000008f100000, 0x000000008f100000| Untracked 
| 242|0x000000008f200000, 0x000000008f200000, 0x000000008f300000|  0%| F|  |TAMS 0x000000008f200000, 0x000000008f200000| Untracked 
| 243|0x000000008f300000, 0x000000008f300000, 0x000000008f400000|  0%| F|  |TAMS 0x000000008f300000, 0x000000008f300000| Untracked 
| 244|0x000000008f400000, 0x000000008f400000, 0x000000008f500000|  0%| F|  |TAMS 0x000000008f400000, 0x000000008f400000| Untracked 
| 245|0x000000008f500000, 0x000000008f500000, 0x000000008f600000|  0%| F|  |TAMS 0x000000008f500000, 0x000000008f500000| Untracked 
| 246|0x000000008f600000, 0x000000008f600000, 0x000000008f700000|  0%| F|  |TAMS 0x000000008f600000, 0x000000008f600000| Untracked 
| 247|0x000000008f700000, 0x000000008f800000, 0x000000008f800000|100%| O|  |TAMS 0x000000008f700000, 0x000000008f700000| Untracked 
| 248|0x000000008f800000, 0x000000008f800000, 0x000000008f900000|  0%| F|  |TAMS 0x000000008f800000, 0x000000008f800000| Untracked 
| 249|0x000000008f900000, 0x000000008f900000, 0x000000008fa00000|  0%| F|  |TAMS 0x000000008f900000, 0x000000008f900000| Untracked 
| 250|0x000000008fa00000, 0x000000008fa00000, 0x000000008fb00000|  0%| F|  |TAMS 0x000000008fa00000, 0x000000008fa00000| Untracked 
| 251|0x000000008fb00000, 0x000000008fb00000, 0x000000008fc00000|  0%| F|  |TAMS 0x000000008fb00000, 0x000000008fb00000| Untracked 
| 252|0x000000008fc00000, 0x000000008fc00000, 0x000000008fd00000|  0%| F|  |TAMS 0x000000008fc00000, 0x000000008fc00000| Untracked 
| 253|0x000000008fd00000, 0x000000008fd00000, 0x000000008fe00000|  0%| F|  |TAMS 0x000000008fd00000, 0x000000008fd00000| Untracked 
| 254|0x000000008fe00000, 0x000000008fe00000, 0x000000008ff00000|  0%| F|  |TAMS 0x000000008fe00000, 0x000000008fe00000| Untracked 
| 255|0x000000008ff00000, 0x000000008ff00000, 0x0000000090000000|  0%| F|  |TAMS 0x000000008ff00000, 0x000000008ff00000| Untracked 
| 256|0x0000000090000000, 0x0000000090000000, 0x0000000090100000|  0%| F|  |TAMS 0x0000000090000000, 0x0000000090000000| Untracked 
| 257|0x0000000090100000, 0x0000000090100000, 0x0000000090200000|  0%| F|  |TAMS 0x0000000090100000, 0x0000000090100000| Untracked 
| 258|0x0000000090200000, 0x0000000090200000, 0x0000000090300000|  0%| F|  |TAMS 0x0000000090200000, 0x0000000090200000| Untracked 
| 259|0x0000000090300000, 0x0000000090300000, 0x0000000090400000|  0%| F|  |TAMS 0x0000000090300000, 0x0000000090300000| Untracked 
| 260|0x0000000090400000, 0x0000000090400000, 0x0000000090500000|  0%| F|  |TAMS 0x0000000090400000, 0x0000000090400000| Untracked 
| 261|0x0000000090500000, 0x0000000090500000, 0x0000000090600000|  0%| F|  |TAMS 0x0000000090500000, 0x0000000090500000| Untracked 
| 262|0x0000000090600000, 0x0000000090600000, 0x0000000090700000|  0%| F|  |TAMS 0x0000000090600000, 0x0000000090600000| Untracked 
| 263|0x0000000090700000, 0x0000000090700000, 0x0000000090800000|  0%| F|  |TAMS 0x0000000090700000, 0x0000000090700000| Untracked 
| 264|0x0000000090800000, 0x0000000090800000, 0x0000000090900000|  0%| F|  |TAMS 0x0000000090800000, 0x0000000090800000| Untracked 
| 265|0x0000000090900000, 0x0000000090900000, 0x0000000090a00000|  0%| F|  |TAMS 0x0000000090900000, 0x0000000090900000| Untracked 
| 266|0x0000000090a00000, 0x0000000090a00000, 0x0000000090b00000|  0%| F|  |TAMS 0x0000000090a00000, 0x0000000090a00000| Untracked 
| 267|0x0000000090b00000, 0x0000000090b00000, 0x0000000090c00000|  0%| F|  |TAMS 0x0000000090b00000, 0x0000000090b00000| Untracked 
| 268|0x0000000090c00000, 0x0000000090c00000, 0x0000000090d00000|  0%| F|  |TAMS 0x0000000090c00000, 0x0000000090c00000| Untracked 
| 269|0x0000000090d00000, 0x0000000090d00000, 0x0000000090e00000|  0%| F|  |TAMS 0x0000000090d00000, 0x0000000090d00000| Untracked 
| 270|0x0000000090e00000, 0x0000000090f00000, 0x0000000090f00000|100%| O|  |TAMS 0x0000000090e00000, 0x0000000090e00000| Untracked 
| 271|0x0000000090f00000, 0x0000000091000000, 0x0000000091000000|100%| O|  |TAMS 0x0000000091000000, 0x0000000090f00000| Untracked 
| 272|0x0000000091000000, 0x0000000091000000, 0x0000000091100000|  0%| F|  |TAMS 0x0000000091000000, 0x0000000091000000| Untracked 
| 273|0x0000000091100000, 0x0000000091100000, 0x0000000091200000|  0%| F|  |TAMS 0x0000000091100000, 0x0000000091100000| Untracked 
| 274|0x0000000091200000, 0x0000000091300000, 0x0000000091300000|100%|HS|  |TAMS 0x0000000091300000, 0x0000000091200000| Complete 
| 275|0x0000000091300000, 0x0000000091400000, 0x0000000091400000|100%|HC|  |TAMS 0x0000000091400000, 0x0000000091300000| Complete 
| 276|0x0000000091400000, 0x0000000091500000, 0x0000000091500000|100%|HC|  |TAMS 0x0000000091500000, 0x0000000091400000| Complete 
| 277|0x0000000091500000, 0x0000000091500000, 0x0000000091600000|  0%| F|  |TAMS 0x0000000091500000, 0x0000000091500000| Untracked 
| 278|0x0000000091600000, 0x0000000091600000, 0x0000000091700000|  0%| F|  |TAMS 0x0000000091600000, 0x0000000091600000| Untracked 
| 279|0x0000000091700000, 0x0000000091700000, 0x0000000091800000|  0%| F|  |TAMS 0x0000000091700000, 0x0000000091700000| Untracked 
| 280|0x0000000091800000, 0x0000000091800000, 0x0000000091900000|  0%| F|  |TAMS 0x0000000091800000, 0x0000000091800000| Untracked 
| 281|0x0000000091900000, 0x0000000091900000, 0x0000000091a00000|  0%| F|  |TAMS 0x0000000091900000, 0x0000000091900000| Untracked 
| 282|0x0000000091a00000, 0x0000000091a00000, 0x0000000091b00000|  0%| F|  |TAMS 0x0000000091a00000, 0x0000000091a00000| Untracked 
| 283|0x0000000091b00000, 0x0000000091b00000, 0x0000000091c00000|  0%| F|  |TAMS 0x0000000091b00000, 0x0000000091b00000| Untracked 
| 284|0x0000000091c00000, 0x0000000091c00000, 0x0000000091d00000|  0%| F|  |TAMS 0x0000000091c00000, 0x0000000091c00000| Untracked 
| 285|0x0000000091d00000, 0x0000000091d00000, 0x0000000091e00000|  0%| F|  |TAMS 0x0000000091d00000, 0x0000000091d00000| Untracked 
| 286|0x0000000091e00000, 0x0000000091e00000, 0x0000000091f00000|  0%| F|  |TAMS 0x0000000091e00000, 0x0000000091e00000| Untracked 
| 287|0x0000000091f00000, 0x0000000092000000, 0x0000000092000000|100%| O|  |TAMS 0x0000000091f00000, 0x0000000091f00000| Untracked 
| 288|0x0000000092000000, 0x0000000092000000, 0x0000000092100000|  0%| F|  |TAMS 0x0000000092000000, 0x0000000092000000| Untracked 
| 289|0x0000000092100000, 0x0000000092100000, 0x0000000092200000|  0%| F|  |TAMS 0x0000000092100000, 0x0000000092100000| Untracked 
| 290|0x0000000092200000, 0x0000000092200000, 0x0000000092300000|  0%| F|  |TAMS 0x0000000092200000, 0x0000000092200000| Untracked 
| 291|0x0000000092300000, 0x0000000092300000, 0x0000000092400000|  0%| F|  |TAMS 0x0000000092300000, 0x0000000092300000| Untracked 
| 292|0x0000000092400000, 0x0000000092400000, 0x0000000092500000|  0%| F|  |TAMS 0x0000000092400000, 0x0000000092400000| Untracked 
| 293|0x0000000092500000, 0x0000000092500000, 0x0000000092600000|  0%| F|  |TAMS 0x0000000092500000, 0x0000000092500000| Untracked 
| 294|0x0000000092600000, 0x0000000092600000, 0x0000000092700000|  0%| F|  |TAMS 0x0000000092600000, 0x0000000092600000| Untracked 
| 295|0x0000000092700000, 0x0000000092700000, 0x0000000092800000|  0%| F|  |TAMS 0x0000000092700000, 0x0000000092700000| Untracked 
| 296|0x0000000092800000, 0x0000000092800000, 0x0000000092900000|  0%| F|  |TAMS 0x0000000092800000, 0x0000000092800000| Untracked 
| 297|0x0000000092900000, 0x0000000092900000, 0x0000000092a00000|  0%| F|  |TAMS 0x0000000092900000, 0x0000000092900000| Untracked 
| 298|0x0000000092a00000, 0x0000000092b00000, 0x0000000092b00000|100%| O|  |TAMS 0x0000000092a00000, 0x0000000092a00000| Untracked 
| 299|0x0000000092b00000, 0x0000000092b00000, 0x0000000092c00000|  0%| F|  |TAMS 0x0000000092b00000, 0x0000000092b00000| Untracked 
| 300|0x0000000092c00000, 0x0000000092d00000, 0x0000000092d00000|100%| O|  |TAMS 0x0000000092c00000, 0x0000000092c00000| Untracked 
| 301|0x0000000092d00000, 0x0000000092d00000, 0x0000000092e00000|  0%| F|  |TAMS 0x0000000092d00000, 0x0000000092d00000| Untracked 
| 302|0x0000000092e00000, 0x0000000092e00000, 0x0000000092f00000|  0%| F|  |TAMS 0x0000000092e00000, 0x0000000092e00000| Untracked 
| 303|0x0000000092f00000, 0x0000000092f00000, 0x0000000093000000|  0%| F|  |TAMS 0x0000000092f00000, 0x0000000092f00000| Untracked 
| 304|0x0000000093000000, 0x0000000093000000, 0x0000000093100000|  0%| F|  |TAMS 0x0000000093000000, 0x0000000093000000| Untracked 
| 305|0x0000000093100000, 0x0000000093200000, 0x0000000093200000|100%|HS|  |TAMS 0x0000000093200000, 0x0000000093100000| Complete 
| 306|0x0000000093200000, 0x0000000093300000, 0x0000000093300000|100%|HC|  |TAMS 0x0000000093300000, 0x0000000093200000| Complete 
| 307|0x0000000093300000, 0x0000000093400000, 0x0000000093400000|100%|HC|  |TAMS 0x0000000093400000, 0x0000000093300000| Complete 
| 308|0x0000000093400000, 0x0000000093500000, 0x0000000093500000|100%|HC|  |TAMS 0x0000000093500000, 0x0000000093400000| Complete 
| 309|0x0000000093500000, 0x0000000093500000, 0x0000000093600000|  0%| F|  |TAMS 0x0000000093500000, 0x0000000093500000| Untracked 
| 310|0x0000000093600000, 0x0000000093600000, 0x0000000093700000|  0%| F|  |TAMS 0x0000000093600000, 0x0000000093600000| Untracked 
| 311|0x0000000093700000, 0x0000000093700000, 0x0000000093800000|  0%| F|  |TAMS 0x0000000093700000, 0x0000000093700000| Untracked 
| 312|0x0000000093800000, 0x0000000093800000, 0x0000000093900000|  0%| F|  |TAMS 0x0000000093800000, 0x0000000093800000| Untracked 
| 313|0x0000000093900000, 0x0000000093900000, 0x0000000093a00000|  0%| F|  |TAMS 0x0000000093900000, 0x0000000093900000| Untracked 
| 314|0x0000000093a00000, 0x0000000093a00000, 0x0000000093b00000|  0%| F|  |TAMS 0x0000000093a00000, 0x0000000093a00000| Untracked 
| 315|0x0000000093b00000, 0x0000000093b00000, 0x0000000093c00000|  0%| F|  |TAMS 0x0000000093b00000, 0x0000000093b00000| Untracked 
| 316|0x0000000093c00000, 0x0000000093c00000, 0x0000000093d00000|  0%| F|  |TAMS 0x0000000093c00000, 0x0000000093c00000| Untracked 
| 317|0x0000000093d00000, 0x0000000093d00000, 0x0000000093e00000|  0%| F|  |TAMS 0x0000000093d00000, 0x0000000093d00000| Untracked 
| 318|0x0000000093e00000, 0x0000000093e00000, 0x0000000093f00000|  0%| F|  |TAMS 0x0000000093e00000, 0x0000000093e00000| Untracked 
| 319|0x0000000093f00000, 0x0000000093f00000, 0x0000000094000000|  0%| F|  |TAMS 0x0000000093f00000, 0x0000000093f00000| Untracked 
| 320|0x0000000094000000, 0x0000000094000000, 0x0000000094100000|  0%| F|  |TAMS 0x0000000094000000, 0x0000000094000000| Untracked 
| 321|0x0000000094100000, 0x0000000094100000, 0x0000000094200000|  0%| F|  |TAMS 0x0000000094100000, 0x0000000094100000| Untracked 
| 322|0x0000000094200000, 0x0000000094200000, 0x0000000094300000|  0%| F|  |TAMS 0x0000000094200000, 0x0000000094200000| Untracked 
| 323|0x0000000094300000, 0x0000000094300000, 0x0000000094400000|  0%| F|  |TAMS 0x0000000094300000, 0x0000000094300000| Untracked 
| 324|0x0000000094400000, 0x0000000094400000, 0x0000000094500000|  0%| F|  |TAMS 0x0000000094400000, 0x0000000094400000| Untracked 
| 325|0x0000000094500000, 0x0000000094600000, 0x0000000094600000|100%| O|  |TAMS 0x0000000094500000, 0x0000000094500000| Untracked 
| 326|0x0000000094600000, 0x0000000094600000, 0x0000000094700000|  0%| F|  |TAMS 0x0000000094600000, 0x0000000094600000| Untracked 
| 327|0x0000000094700000, 0x0000000094700000, 0x0000000094800000|  0%| F|  |TAMS 0x0000000094700000, 0x0000000094700000| Untracked 
| 328|0x0000000094800000, 0x0000000094800000, 0x0000000094900000|  0%| F|  |TAMS 0x0000000094800000, 0x0000000094800000| Untracked 
| 329|0x0000000094900000, 0x0000000094900000, 0x0000000094a00000|  0%| F|  |TAMS 0x0000000094900000, 0x0000000094900000| Untracked 
| 330|0x0000000094a00000, 0x0000000094a00000, 0x0000000094b00000|  0%| F|  |TAMS 0x0000000094a00000, 0x0000000094a00000| Untracked 
| 331|0x0000000094b00000, 0x0000000094b00000, 0x0000000094c00000|  0%| F|  |TAMS 0x0000000094b00000, 0x0000000094b00000| Untracked 
| 332|0x0000000094c00000, 0x0000000094c00000, 0x0000000094d00000|  0%| F|  |TAMS 0x0000000094c00000, 0x0000000094c00000| Untracked 
| 333|0x0000000094d00000, 0x0000000094d00000, 0x0000000094e00000|  0%| F|  |TAMS 0x0000000094d00000, 0x0000000094d00000| Untracked 
| 334|0x0000000094e00000, 0x0000000094e00000, 0x0000000094f00000|  0%| F|  |TAMS 0x0000000094e00000, 0x0000000094e00000| Untracked 
| 335|0x0000000094f00000, 0x0000000094f00000, 0x0000000095000000|  0%| F|  |TAMS 0x0000000094f00000, 0x0000000094f00000| Untracked 
| 336|0x0000000095000000, 0x0000000095000000, 0x0000000095100000|  0%| F|  |TAMS 0x0000000095000000, 0x0000000095000000| Untracked 
| 337|0x0000000095100000, 0x0000000095100000, 0x0000000095200000|  0%| F|  |TAMS 0x0000000095100000, 0x0000000095100000| Untracked 
| 338|0x0000000095200000, 0x0000000095200000, 0x0000000095300000|  0%| F|  |TAMS 0x0000000095200000, 0x0000000095200000| Untracked 
| 339|0x0000000095300000, 0x0000000095300000, 0x0000000095400000|  0%| F|  |TAMS 0x0000000095300000, 0x0000000095300000| Untracked 
| 340|0x0000000095400000, 0x0000000095400000, 0x0000000095500000|  0%| F|  |TAMS 0x0000000095400000, 0x0000000095400000| Untracked 
| 341|0x0000000095500000, 0x0000000095500000, 0x0000000095600000|  0%| F|  |TAMS 0x0000000095500000, 0x0000000095500000| Untracked 
| 342|0x0000000095600000, 0x0000000095600000, 0x0000000095700000|  0%| F|  |TAMS 0x0000000095600000, 0x0000000095600000| Untracked 
| 343|0x0000000095700000, 0x0000000095700000, 0x0000000095800000|  0%| F|  |TAMS 0x0000000095700000, 0x0000000095700000| Untracked 
| 344|0x0000000095800000, 0x0000000095800000, 0x0000000095900000|  0%| F|  |TAMS 0x0000000095800000, 0x0000000095800000| Untracked 
| 345|0x0000000095900000, 0x0000000095900000, 0x0000000095a00000|  0%| F|  |TAMS 0x0000000095900000, 0x0000000095900000| Untracked 
| 346|0x0000000095a00000, 0x0000000095a00000, 0x0000000095b00000|  0%| F|  |TAMS 0x0000000095a00000, 0x0000000095a00000| Untracked 
| 347|0x0000000095b00000, 0x0000000095b00000, 0x0000000095c00000|  0%| F|  |TAMS 0x0000000095b00000, 0x0000000095b00000| Untracked 
| 348|0x0000000095c00000, 0x0000000095c00000, 0x0000000095d00000|  0%| F|  |TAMS 0x0000000095c00000, 0x0000000095c00000| Untracked 
| 349|0x0000000095d00000, 0x0000000095d00000, 0x0000000095e00000|  0%| F|  |TAMS 0x0000000095d00000, 0x0000000095d00000| Untracked 
| 350|0x0000000095e00000, 0x0000000095e00000, 0x0000000095f00000|  0%| F|  |TAMS 0x0000000095e00000, 0x0000000095e00000| Untracked 
| 351|0x0000000095f00000, 0x0000000095f00000, 0x0000000096000000|  0%| F|  |TAMS 0x0000000095f00000, 0x0000000095f00000| Untracked 
| 352|0x0000000096000000, 0x0000000096000000, 0x0000000096100000|  0%| F|  |TAMS 0x0000000096000000, 0x0000000096000000| Untracked 
| 353|0x0000000096100000, 0x0000000096100000, 0x0000000096200000|  0%| F|  |TAMS 0x0000000096100000, 0x0000000096100000| Untracked 
| 354|0x0000000096200000, 0x0000000096200000, 0x0000000096300000|  0%| F|  |TAMS 0x0000000096200000, 0x0000000096200000| Untracked 
| 355|0x0000000096300000, 0x0000000096300000, 0x0000000096400000|  0%| F|  |TAMS 0x0000000096300000, 0x0000000096300000| Untracked 
| 356|0x0000000096400000, 0x0000000096400000, 0x0000000096500000|  0%| F|  |TAMS 0x0000000096400000, 0x0000000096400000| Untracked 
| 357|0x0000000096500000, 0x0000000096500000, 0x0000000096600000|  0%| F|  |TAMS 0x0000000096500000, 0x0000000096500000| Untracked 
| 358|0x0000000096600000, 0x0000000096600000, 0x0000000096700000|  0%| F|  |TAMS 0x0000000096600000, 0x0000000096600000| Untracked 
| 359|0x0000000096700000, 0x0000000096700000, 0x0000000096800000|  0%| F|  |TAMS 0x0000000096700000, 0x0000000096700000| Untracked 
| 360|0x0000000096800000, 0x0000000096800000, 0x0000000096900000|  0%| F|  |TAMS 0x0000000096800000, 0x0000000096800000| Untracked 
| 361|0x0000000096900000, 0x0000000096900000, 0x0000000096a00000|  0%| F|  |TAMS 0x0000000096900000, 0x0000000096900000| Untracked 
| 362|0x0000000096a00000, 0x0000000096a00000, 0x0000000096b00000|  0%| F|  |TAMS 0x0000000096a00000, 0x0000000096a00000| Untracked 
| 363|0x0000000096b00000, 0x0000000096b00000, 0x0000000096c00000|  0%| F|  |TAMS 0x0000000096b00000, 0x0000000096b00000| Untracked 
| 364|0x0000000096c00000, 0x0000000096c00000, 0x0000000096d00000|  0%| F|  |TAMS 0x0000000096c00000, 0x0000000096c00000| Untracked 
| 365|0x0000000096d00000, 0x0000000096d00000, 0x0000000096e00000|  0%| F|  |TAMS 0x0000000096d00000, 0x0000000096d00000| Untracked 
| 366|0x0000000096e00000, 0x0000000096e00000, 0x0000000096f00000|  0%| F|  |TAMS 0x0000000096e00000, 0x0000000096e00000| Untracked 
| 367|0x0000000096f00000, 0x0000000096f00000, 0x0000000097000000|  0%| F|  |TAMS 0x0000000096f00000, 0x0000000096f00000| Untracked 
| 368|0x0000000097000000, 0x0000000097000000, 0x0000000097100000|  0%| F|  |TAMS 0x0000000097000000, 0x0000000097000000| Untracked 
| 369|0x0000000097100000, 0x0000000097100000, 0x0000000097200000|  0%| F|  |TAMS 0x0000000097100000, 0x0000000097100000| Untracked 
| 370|0x0000000097200000, 0x0000000097200000, 0x0000000097300000|  0%| F|  |TAMS 0x0000000097200000, 0x0000000097200000| Untracked 
| 371|0x0000000097300000, 0x0000000097300000, 0x0000000097400000|  0%| F|  |TAMS 0x0000000097300000, 0x0000000097300000| Untracked 
| 372|0x0000000097400000, 0x0000000097400000, 0x0000000097500000|  0%| F|  |TAMS 0x0000000097400000, 0x0000000097400000| Untracked 
| 373|0x0000000097500000, 0x0000000097500000, 0x0000000097600000|  0%| F|  |TAMS 0x0000000097500000, 0x0000000097500000| Untracked 
| 374|0x0000000097600000, 0x0000000097600000, 0x0000000097700000|  0%| F|  |TAMS 0x0000000097600000, 0x0000000097600000| Untracked 
| 375|0x0000000097700000, 0x0000000097800000, 0x0000000097800000|100%| O|  |TAMS 0x0000000097700000, 0x0000000097700000| Untracked 
| 376|0x0000000097800000, 0x0000000097800000, 0x0000000097900000|  0%| F|  |TAMS 0x0000000097800000, 0x0000000097800000| Untracked 
| 377|0x0000000097900000, 0x0000000097900000, 0x0000000097a00000|  0%| F|  |TAMS 0x0000000097900000, 0x0000000097900000| Untracked 
| 378|0x0000000097a00000, 0x0000000097a00000, 0x0000000097b00000|  0%| F|  |TAMS 0x0000000097a00000, 0x0000000097a00000| Untracked 
| 379|0x0000000097b00000, 0x0000000097b00000, 0x0000000097c00000|  0%| F|  |TAMS 0x0000000097b00000, 0x0000000097b00000| Untracked 
| 380|0x0000000097c00000, 0x0000000097c00000, 0x0000000097d00000|  0%| F|  |TAMS 0x0000000097c00000, 0x0000000097c00000| Untracked 
| 381|0x0000000097d00000, 0x0000000097d00000, 0x0000000097e00000|  0%| F|  |TAMS 0x0000000097d00000, 0x0000000097d00000| Untracked 
| 382|0x0000000097e00000, 0x0000000097e00000, 0x0000000097f00000|  0%| F|  |TAMS 0x0000000097e00000, 0x0000000097e00000| Untracked 
| 383|0x0000000097f00000, 0x0000000097f00000, 0x0000000098000000|  0%| F|  |TAMS 0x0000000097f00000, 0x0000000097f00000| Untracked 
| 384|0x0000000098000000, 0x0000000098000000, 0x0000000098100000|  0%| F|  |TAMS 0x0000000098000000, 0x0000000098000000| Untracked 
| 385|0x0000000098100000, 0x0000000098100000, 0x0000000098200000|  0%| F|  |TAMS 0x0000000098100000, 0x0000000098100000| Untracked 
| 386|0x0000000098200000, 0x0000000098200000, 0x0000000098300000|  0%| F|  |TAMS 0x0000000098200000, 0x0000000098200000| Untracked 
| 387|0x0000000098300000, 0x0000000098300000, 0x0000000098400000|  0%| F|  |TAMS 0x0000000098300000, 0x0000000098300000| Untracked 
| 388|0x0000000098400000, 0x0000000098400000, 0x0000000098500000|  0%| F|  |TAMS 0x0000000098400000, 0x0000000098400000| Untracked 
| 389|0x0000000098500000, 0x0000000098500000, 0x0000000098600000|  0%| F|  |TAMS 0x0000000098500000, 0x0000000098500000| Untracked 
| 390|0x0000000098600000, 0x0000000098600000, 0x0000000098700000|  0%| F|  |TAMS 0x0000000098600000, 0x0000000098600000| Untracked 
| 391|0x0000000098700000, 0x0000000098800000, 0x0000000098800000|100%|HS|  |TAMS 0x0000000098700000, 0x0000000098700000| Complete 
| 392|0x0000000098800000, 0x0000000098900000, 0x0000000098900000|100%|HC|  |TAMS 0x0000000098800000, 0x0000000098800000| Complete 
| 393|0x0000000098900000, 0x0000000098a00000, 0x0000000098a00000|100%|HC|  |TAMS 0x0000000098900000, 0x0000000098900000| Complete 
| 394|0x0000000098a00000, 0x0000000098b00000, 0x0000000098b00000|100%|HC|  |TAMS 0x0000000098a00000, 0x0000000098a00000| Complete 
| 395|0x0000000098b00000, 0x0000000098c00000, 0x0000000098c00000|100%|HC|  |TAMS 0x0000000098b00000, 0x0000000098b00000| Complete 
| 396|0x0000000098c00000, 0x0000000098d00000, 0x0000000098d00000|100%|HC|  |TAMS 0x0000000098c00000, 0x0000000098c00000| Complete 
| 397|0x0000000098d00000, 0x0000000098e00000, 0x0000000098e00000|100%|HC|  |TAMS 0x0000000098d00000, 0x0000000098d00000| Complete 
| 398|0x0000000098e00000, 0x0000000098f00000, 0x0000000098f00000|100%|HC|  |TAMS 0x0000000098e00000, 0x0000000098e00000| Complete 
| 399|0x0000000098f00000, 0x0000000099000000, 0x0000000099000000|100%|HC|  |TAMS 0x0000000098f00000, 0x0000000098f00000| Complete 
| 400|0x0000000099000000, 0x0000000099100000, 0x0000000099100000|100%|HC|  |TAMS 0x0000000099000000, 0x0000000099000000| Complete 
| 401|0x0000000099100000, 0x0000000099200000, 0x0000000099200000|100%|HC|  |TAMS 0x0000000099100000, 0x0000000099100000| Complete 
| 402|0x0000000099200000, 0x0000000099300000, 0x0000000099300000|100%|HC|  |TAMS 0x0000000099200000, 0x0000000099200000| Complete 
| 403|0x0000000099300000, 0x0000000099400000, 0x0000000099400000|100%|HC|  |TAMS 0x0000000099300000, 0x0000000099300000| Complete 
| 404|0x0000000099400000, 0x0000000099500000, 0x0000000099500000|100%|HC|  |TAMS 0x0000000099400000, 0x0000000099400000| Complete 
| 405|0x0000000099500000, 0x0000000099600000, 0x0000000099600000|100%|HC|  |TAMS 0x0000000099500000, 0x0000000099500000| Complete 
| 406|0x0000000099600000, 0x0000000099700000, 0x0000000099700000|100%|HC|  |TAMS 0x0000000099600000, 0x0000000099600000| Complete 
| 407|0x0000000099700000, 0x0000000099800000, 0x0000000099800000|100%|HC|  |TAMS 0x0000000099700000, 0x0000000099700000| Complete 
| 408|0x0000000099800000, 0x0000000099900000, 0x0000000099900000|100%|HC|  |TAMS 0x0000000099800000, 0x0000000099800000| Complete 
| 409|0x0000000099900000, 0x0000000099a00000, 0x0000000099a00000|100%|HC|  |TAMS 0x0000000099900000, 0x0000000099900000| Complete 
| 410|0x0000000099a00000, 0x0000000099b00000, 0x0000000099b00000|100%|HC|  |TAMS 0x0000000099a00000, 0x0000000099a00000| Complete 
| 411|0x0000000099b00000, 0x0000000099c00000, 0x0000000099c00000|100%|HC|  |TAMS 0x0000000099b00000, 0x0000000099b00000| Complete 
| 412|0x0000000099c00000, 0x0000000099d00000, 0x0000000099d00000|100%|HC|  |TAMS 0x0000000099c00000, 0x0000000099c00000| Complete 
| 413|0x0000000099d00000, 0x0000000099e00000, 0x0000000099e00000|100%|HC|  |TAMS 0x0000000099d00000, 0x0000000099d00000| Complete 
| 414|0x0000000099e00000, 0x0000000099f00000, 0x0000000099f00000|100%|HC|  |TAMS 0x0000000099e00000, 0x0000000099e00000| Complete 
| 415|0x0000000099f00000, 0x000000009a000000, 0x000000009a000000|100%|HC|  |TAMS 0x0000000099f00000, 0x0000000099f00000| Complete 
| 416|0x000000009a000000, 0x000000009a100000, 0x000000009a100000|100%|HC|  |TAMS 0x000000009a000000, 0x000000009a000000| Complete 
| 417|0x000000009a100000, 0x000000009a200000, 0x000000009a200000|100%|HC|  |TAMS 0x000000009a100000, 0x000000009a100000| Complete 
| 418|0x000000009a200000, 0x000000009a300000, 0x000000009a300000|100%|HC|  |TAMS 0x000000009a200000, 0x000000009a200000| Complete 
| 419|0x000000009a300000, 0x000000009a400000, 0x000000009a400000|100%|HC|  |TAMS 0x000000009a300000, 0x000000009a300000| Complete 
| 420|0x000000009a400000, 0x000000009a500000, 0x000000009a500000|100%|HC|  |TAMS 0x000000009a400000, 0x000000009a400000| Complete 
| 421|0x000000009a500000, 0x000000009a600000, 0x000000009a600000|100%|HC|  |TAMS 0x000000009a500000, 0x000000009a500000| Complete 
| 422|0x000000009a600000, 0x000000009a600000, 0x000000009a700000|  0%| F|  |TAMS 0x000000009a600000, 0x000000009a600000| Untracked 
| 423|0x000000009a700000, 0x000000009a700000, 0x000000009a800000|  0%| F|  |TAMS 0x000000009a700000, 0x000000009a700000| Untracked 
| 424|0x000000009a800000, 0x000000009a800000, 0x000000009a900000|  0%| F|  |TAMS 0x000000009a800000, 0x000000009a800000| Untracked 
| 425|0x000000009a900000, 0x000000009a900000, 0x000000009aa00000|  0%| F|  |TAMS 0x000000009a900000, 0x000000009a900000| Untracked 
| 426|0x000000009aa00000, 0x000000009aa00000, 0x000000009ab00000|  0%| F|  |TAMS 0x000000009aa00000, 0x000000009aa00000| Untracked 
| 427|0x000000009ab00000, 0x000000009ab00000, 0x000000009ac00000|  0%| F|  |TAMS 0x000000009ab00000, 0x000000009ab00000| Untracked 
| 428|0x000000009ac00000, 0x000000009ac00000, 0x000000009ad00000|  0%| F|  |TAMS 0x000000009ac00000, 0x000000009ac00000| Untracked 
| 429|0x000000009ad00000, 0x000000009ad00000, 0x000000009ae00000|  0%| F|  |TAMS 0x000000009ad00000, 0x000000009ad00000| Untracked 
| 430|0x000000009ae00000, 0x000000009ae00000, 0x000000009af00000|  0%| F|  |TAMS 0x000000009ae00000, 0x000000009ae00000| Untracked 
| 431|0x000000009af00000, 0x000000009af00000, 0x000000009b000000|  0%| F|  |TAMS 0x000000009af00000, 0x000000009af00000| Untracked 
| 432|0x000000009b000000, 0x000000009b000000, 0x000000009b100000|  0%| F|  |TAMS 0x000000009b000000, 0x000000009b000000| Untracked 
| 433|0x000000009b100000, 0x000000009b100000, 0x000000009b200000|  0%| F|  |TAMS 0x000000009b100000, 0x000000009b100000| Untracked 
| 434|0x000000009b200000, 0x000000009b200000, 0x000000009b300000|  0%| F|  |TAMS 0x000000009b200000, 0x000000009b200000| Untracked 
| 435|0x000000009b300000, 0x000000009b300000, 0x000000009b400000|  0%| F|  |TAMS 0x000000009b300000, 0x000000009b300000| Untracked 
| 436|0x000000009b400000, 0x000000009b400000, 0x000000009b500000|  0%| F|  |TAMS 0x000000009b400000, 0x000000009b400000| Untracked 
| 437|0x000000009b500000, 0x000000009b500000, 0x000000009b600000|  0%| F|  |TAMS 0x000000009b500000, 0x000000009b500000| Untracked 
| 438|0x000000009b600000, 0x000000009b700000, 0x000000009b700000|100%| O|  |TAMS 0x000000009b700000, 0x000000009b600000| Untracked 
| 439|0x000000009b700000, 0x000000009b800000, 0x000000009b800000|100%| O|  |TAMS 0x000000009b800000, 0x000000009b700000| Untracked 
| 440|0x000000009b800000, 0x000000009b900000, 0x000000009b900000|100%| O|  |TAMS 0x000000009b900000, 0x000000009b800000| Untracked 
| 441|0x000000009b900000, 0x000000009ba00000, 0x000000009ba00000|100%| O|  |TAMS 0x000000009ba00000, 0x000000009b900000| Untracked 
| 442|0x000000009ba00000, 0x000000009bb00000, 0x000000009bb00000|100%| O|  |TAMS 0x000000009bb00000, 0x000000009ba00000| Untracked 
| 443|0x000000009bb00000, 0x000000009bc00000, 0x000000009bc00000|100%| O|  |TAMS 0x000000009bc00000, 0x000000009bb00000| Untracked 
| 444|0x000000009bc00000, 0x000000009bd00000, 0x000000009bd00000|100%| O|  |TAMS 0x000000009bd00000, 0x000000009bc00000| Untracked 
| 445|0x000000009bd00000, 0x000000009be00000, 0x000000009be00000|100%| O|  |TAMS 0x000000009be00000, 0x000000009bd00000| Untracked 
| 446|0x000000009be00000, 0x000000009bf00000, 0x000000009bf00000|100%| O|  |TAMS 0x000000009bf00000, 0x000000009be00000| Untracked 
| 447|0x000000009bf00000, 0x000000009c000000, 0x000000009c000000|100%| O|  |TAMS 0x000000009c000000, 0x000000009bf00000| Untracked 
| 448|0x000000009c000000, 0x000000009c100000, 0x000000009c100000|100%| O|  |TAMS 0x000000009c100000, 0x000000009c000000| Untracked 
| 449|0x000000009c100000, 0x000000009c200000, 0x000000009c200000|100%| O|  |TAMS 0x000000009c200000, 0x000000009c100000| Untracked 
| 450|0x000000009c200000, 0x000000009c300000, 0x000000009c300000|100%| O|  |TAMS 0x000000009c300000, 0x000000009c200000| Untracked 
| 451|0x000000009c300000, 0x000000009c400000, 0x000000009c400000|100%| O|  |TAMS 0x000000009c400000, 0x000000009c300000| Untracked 
| 452|0x000000009c400000, 0x000000009c500000, 0x000000009c500000|100%| O|  |TAMS 0x000000009c500000, 0x000000009c400000| Untracked 
| 453|0x000000009c500000, 0x000000009c600000, 0x000000009c600000|100%| O|  |TAMS 0x000000009c600000, 0x000000009c500000| Untracked 
| 454|0x000000009c600000, 0x000000009c700000, 0x000000009c700000|100%| O|  |TAMS 0x000000009c700000, 0x000000009c600000| Untracked 
| 455|0x000000009c700000, 0x000000009c800000, 0x000000009c800000|100%| O|  |TAMS 0x000000009c800000, 0x000000009c700000| Untracked 
| 456|0x000000009c800000, 0x000000009c900000, 0x000000009c900000|100%| O|  |TAMS 0x000000009c900000, 0x000000009c800000| Untracked 
| 457|0x000000009c900000, 0x000000009ca00000, 0x000000009ca00000|100%| O|  |TAMS 0x000000009ca00000, 0x000000009c900000| Untracked 
| 458|0x000000009ca00000, 0x000000009cb00000, 0x000000009cb00000|100%| O|  |TAMS 0x000000009cb00000, 0x000000009ca00000| Untracked 
| 459|0x000000009cb00000, 0x000000009cc00000, 0x000000009cc00000|100%| O|  |TAMS 0x000000009cc00000, 0x000000009cb00000| Untracked 
| 460|0x000000009cc00000, 0x000000009cd00000, 0x000000009cd00000|100%| O|  |TAMS 0x000000009cd00000, 0x000000009cc00000| Untracked 
| 461|0x000000009cd00000, 0x000000009ce00000, 0x000000009ce00000|100%| O|  |TAMS 0x000000009ce00000, 0x000000009cd00000| Untracked 
| 462|0x000000009ce00000, 0x000000009cf00000, 0x000000009cf00000|100%| O|  |TAMS 0x000000009cf00000, 0x000000009ce00000| Untracked 
| 463|0x000000009cf00000, 0x000000009d000000, 0x000000009d000000|100%| O|  |TAMS 0x000000009d000000, 0x000000009cf00000| Untracked 
| 464|0x000000009d000000, 0x000000009d100000, 0x000000009d100000|100%| O|  |TAMS 0x000000009d100000, 0x000000009d000000| Untracked 
| 465|0x000000009d100000, 0x000000009d200000, 0x000000009d200000|100%| O|  |TAMS 0x000000009d200000, 0x000000009d100000| Untracked 
| 466|0x000000009d200000, 0x000000009d300000, 0x000000009d300000|100%| O|  |TAMS 0x000000009d300000, 0x000000009d200000| Untracked 
| 467|0x000000009d300000, 0x000000009d400000, 0x000000009d400000|100%| O|  |TAMS 0x000000009d400000, 0x000000009d300000| Untracked 
| 468|0x000000009d400000, 0x000000009d500000, 0x000000009d500000|100%| O|  |TAMS 0x000000009d500000, 0x000000009d400000| Untracked 
| 469|0x000000009d500000, 0x000000009d600000, 0x000000009d600000|100%| O|  |TAMS 0x000000009d600000, 0x000000009d500000| Untracked 
| 470|0x000000009d600000, 0x000000009d700000, 0x000000009d700000|100%| O|  |TAMS 0x000000009d700000, 0x000000009d600000| Untracked 
| 471|0x000000009d700000, 0x000000009d800000, 0x000000009d800000|100%| O|  |TAMS 0x000000009d800000, 0x000000009d700000| Untracked 
| 472|0x000000009d800000, 0x000000009d900000, 0x000000009d900000|100%| O|  |TAMS 0x000000009d900000, 0x000000009d800000| Untracked 
| 473|0x000000009d900000, 0x000000009da00000, 0x000000009da00000|100%| O|  |TAMS 0x000000009da00000, 0x000000009d900000| Untracked 
| 474|0x000000009da00000, 0x000000009da00000, 0x000000009db00000|  0%| F|  |TAMS 0x000000009da00000, 0x000000009da00000| Untracked 
| 475|0x000000009db00000, 0x000000009db00000, 0x000000009dc00000|  0%| F|  |TAMS 0x000000009db00000, 0x000000009db00000| Untracked 
| 476|0x000000009dc00000, 0x000000009dc00000, 0x000000009dd00000|  0%| F|  |TAMS 0x000000009dc00000, 0x000000009dc00000| Untracked 
| 477|0x000000009dd00000, 0x000000009dd00000, 0x000000009de00000|  0%| F|  |TAMS 0x000000009dd00000, 0x000000009dd00000| Untracked 
| 478|0x000000009de00000, 0x000000009df00000, 0x000000009df00000|100%| O|  |TAMS 0x000000009de00000, 0x000000009de00000| Untracked 
| 479|0x000000009df00000, 0x000000009e000000, 0x000000009e000000|100%| O|  |TAMS 0x000000009e000000, 0x000000009df00000| Untracked 
| 480|0x000000009e000000, 0x000000009e100000, 0x000000009e100000|100%| O|  |TAMS 0x000000009e100000, 0x000000009e000000| Untracked 
| 481|0x000000009e100000, 0x000000009e100000, 0x000000009e200000|  0%| F|  |TAMS 0x000000009e100000, 0x000000009e100000| Untracked 
| 482|0x000000009e200000, 0x000000009e200000, 0x000000009e300000|  0%| F|  |TAMS 0x000000009e200000, 0x000000009e200000| Untracked 
| 483|0x000000009e300000, 0x000000009e300000, 0x000000009e400000|  0%| F|  |TAMS 0x000000009e300000, 0x000000009e300000| Untracked 
| 484|0x000000009e400000, 0x000000009e400000, 0x000000009e500000|  0%| F|  |TAMS 0x000000009e400000, 0x000000009e400000| Untracked 
| 485|0x000000009e500000, 0x000000009e500000, 0x000000009e600000|  0%| F|  |TAMS 0x000000009e500000, 0x000000009e500000| Untracked 
| 486|0x000000009e600000, 0x000000009e600000, 0x000000009e700000|  0%| F|  |TAMS 0x000000009e600000, 0x000000009e600000| Untracked 
| 487|0x000000009e700000, 0x000000009e700000, 0x000000009e800000|  0%| F|  |TAMS 0x000000009e700000, 0x000000009e700000| Untracked 
| 488|0x000000009e800000, 0x000000009e800000, 0x000000009e900000|  0%| F|  |TAMS 0x000000009e800000, 0x000000009e800000| Untracked 
| 489|0x000000009e900000, 0x000000009ea00000, 0x000000009ea00000|100%| O|  |TAMS 0x000000009e900000, 0x000000009e900000| Untracked 
| 490|0x000000009ea00000, 0x000000009eb00000, 0x000000009eb00000|100%| O|  |TAMS 0x000000009eb00000, 0x000000009ea00000| Untracked 
| 491|0x000000009eb00000, 0x000000009eb00000, 0x000000009ec00000|  0%| F|  |TAMS 0x000000009eb00000, 0x000000009eb00000| Untracked 
| 492|0x000000009ec00000, 0x000000009ec00000, 0x000000009ed00000|  0%| F|  |TAMS 0x000000009ec00000, 0x000000009ec00000| Untracked 
| 493|0x000000009ed00000, 0x000000009ed00000, 0x000000009ee00000|  0%| F|  |TAMS 0x000000009ed00000, 0x000000009ed00000| Untracked 
| 494|0x000000009ee00000, 0x000000009ee00000, 0x000000009ef00000|  0%| F|  |TAMS 0x000000009ee00000, 0x000000009ee00000| Untracked 
| 495|0x000000009ef00000, 0x000000009ef00000, 0x000000009f000000|  0%| F|  |TAMS 0x000000009ef00000, 0x000000009ef00000| Untracked 
| 496|0x000000009f000000, 0x000000009f000000, 0x000000009f100000|  0%| F|  |TAMS 0x000000009f000000, 0x000000009f000000| Untracked 
| 497|0x000000009f100000, 0x000000009f100000, 0x000000009f200000|  0%| F|  |TAMS 0x000000009f100000, 0x000000009f100000| Untracked 
| 498|0x000000009f200000, 0x000000009f200000, 0x000000009f300000|  0%| F|  |TAMS 0x000000009f200000, 0x000000009f200000| Untracked 
| 499|0x000000009f300000, 0x000000009f300000, 0x000000009f400000|  0%| F|  |TAMS 0x000000009f300000, 0x000000009f300000| Untracked 
| 500|0x000000009f400000, 0x000000009f400000, 0x000000009f500000|  0%| F|  |TAMS 0x000000009f400000, 0x000000009f400000| Untracked 
| 501|0x000000009f500000, 0x000000009f500000, 0x000000009f600000|  0%| F|  |TAMS 0x000000009f500000, 0x000000009f500000| Untracked 
| 502|0x000000009f600000, 0x000000009f600000, 0x000000009f700000|  0%| F|  |TAMS 0x000000009f600000, 0x000000009f600000| Untracked 
| 503|0x000000009f700000, 0x000000009f700000, 0x000000009f800000|  0%| F|  |TAMS 0x000000009f700000, 0x000000009f700000| Untracked 
| 504|0x000000009f800000, 0x000000009f800000, 0x000000009f900000|  0%| F|  |TAMS 0x000000009f800000, 0x000000009f800000| Untracked 
| 505|0x000000009f900000, 0x000000009f900000, 0x000000009fa00000|  0%| F|  |TAMS 0x000000009f900000, 0x000000009f900000| Untracked 
| 506|0x000000009fa00000, 0x000000009fa00000, 0x000000009fb00000|  0%| F|  |TAMS 0x000000009fa00000, 0x000000009fa00000| Untracked 
| 507|0x000000009fb00000, 0x000000009fb00000, 0x000000009fc00000|  0%| F|  |TAMS 0x000000009fb00000, 0x000000009fb00000| Untracked 
| 508|0x000000009fc00000, 0x000000009fc00000, 0x000000009fd00000|  0%| F|  |TAMS 0x000000009fc00000, 0x000000009fc00000| Untracked 
| 509|0x000000009fd00000, 0x000000009fd00000, 0x000000009fe00000|  0%| F|  |TAMS 0x000000009fd00000, 0x000000009fd00000| Untracked 
| 510|0x000000009fe00000, 0x000000009fe00000, 0x000000009ff00000|  0%| F|  |TAMS 0x000000009fe00000, 0x000000009fe00000| Untracked 
| 511|0x000000009ff00000, 0x000000009ff00000, 0x00000000a0000000|  0%| F|  |TAMS 0x000000009ff00000, 0x000000009ff00000| Untracked 
| 512|0x00000000a0000000, 0x00000000a0000000, 0x00000000a0100000|  0%| F|  |TAMS 0x00000000a0000000, 0x00000000a0000000| Untracked 
| 513|0x00000000a0100000, 0x00000000a0100000, 0x00000000a0200000|  0%| F|  |TAMS 0x00000000a0100000, 0x00000000a0100000| Untracked 
| 514|0x00000000a0200000, 0x00000000a0200000, 0x00000000a0300000|  0%| F|  |TAMS 0x00000000a0200000, 0x00000000a0200000| Untracked 
| 515|0x00000000a0300000, 0x00000000a0300000, 0x00000000a0400000|  0%| F|  |TAMS 0x00000000a0300000, 0x00000000a0300000| Untracked 
| 516|0x00000000a0400000, 0x00000000a0400000, 0x00000000a0500000|  0%| F|  |TAMS 0x00000000a0400000, 0x00000000a0400000| Untracked 
| 517|0x00000000a0500000, 0x00000000a0500000, 0x00000000a0600000|  0%| F|  |TAMS 0x00000000a0500000, 0x00000000a0500000| Untracked 
| 518|0x00000000a0600000, 0x00000000a0600000, 0x00000000a0700000|  0%| F|  |TAMS 0x00000000a0600000, 0x00000000a0600000| Untracked 
| 519|0x00000000a0700000, 0x00000000a0700000, 0x00000000a0800000|  0%| F|  |TAMS 0x00000000a0700000, 0x00000000a0700000| Untracked 
| 520|0x00000000a0800000, 0x00000000a0800000, 0x00000000a0900000|  0%| F|  |TAMS 0x00000000a0800000, 0x00000000a0800000| Untracked 
| 521|0x00000000a0900000, 0x00000000a0a00000, 0x00000000a0a00000|100%| O|  |TAMS 0x00000000a0900000, 0x00000000a0900000| Untracked 
| 522|0x00000000a0a00000, 0x00000000a0b00000, 0x00000000a0b00000|100%| O|  |TAMS 0x00000000a0b00000, 0x00000000a0a00000| Untracked 
| 523|0x00000000a0b00000, 0x00000000a0c00000, 0x00000000a0c00000|100%| O|  |TAMS 0x00000000a0c00000, 0x00000000a0b00000| Untracked 
| 524|0x00000000a0c00000, 0x00000000a0d00000, 0x00000000a0d00000|100%| O|  |TAMS 0x00000000a0d00000, 0x00000000a0c00000| Untracked 
| 525|0x00000000a0d00000, 0x00000000a0e00000, 0x00000000a0e00000|100%| O|  |TAMS 0x00000000a0e00000, 0x00000000a0d00000| Untracked 
| 526|0x00000000a0e00000, 0x00000000a0f00000, 0x00000000a0f00000|100%| O|  |TAMS 0x00000000a0f00000, 0x00000000a0e00000| Untracked 
| 527|0x00000000a0f00000, 0x00000000a1000000, 0x00000000a1000000|100%| O|  |TAMS 0x00000000a1000000, 0x00000000a0f00000| Untracked 
| 528|0x00000000a1000000, 0x00000000a1100000, 0x00000000a1100000|100%| O|  |TAMS 0x00000000a1100000, 0x00000000a1000000| Untracked 
| 529|0x00000000a1100000, 0x00000000a1200000, 0x00000000a1200000|100%| O|  |TAMS 0x00000000a1200000, 0x00000000a1100000| Untracked 
| 530|0x00000000a1200000, 0x00000000a1300000, 0x00000000a1300000|100%| O|  |TAMS 0x00000000a1300000, 0x00000000a1200000| Untracked 
| 531|0x00000000a1300000, 0x00000000a1400000, 0x00000000a1400000|100%| O|  |TAMS 0x00000000a1400000, 0x00000000a1300000| Untracked 
| 532|0x00000000a1400000, 0x00000000a1500000, 0x00000000a1500000|100%| O|  |TAMS 0x00000000a1500000, 0x00000000a1400000| Untracked 
| 533|0x00000000a1500000, 0x00000000a1600000, 0x00000000a1600000|100%| O|  |TAMS 0x00000000a1600000, 0x00000000a1500000| Untracked 
| 534|0x00000000a1600000, 0x00000000a1600000, 0x00000000a1700000|  0%| F|  |TAMS 0x00000000a1600000, 0x00000000a1600000| Untracked 
| 535|0x00000000a1700000, 0x00000000a1800000, 0x00000000a1800000|100%| O|  |TAMS 0x00000000a1800000, 0x00000000a1700000| Untracked 
| 536|0x00000000a1800000, 0x00000000a1800000, 0x00000000a1900000|  0%| F|  |TAMS 0x00000000a1800000, 0x00000000a1800000| Untracked 
| 537|0x00000000a1900000, 0x00000000a1900000, 0x00000000a1a00000|  0%| F|  |TAMS 0x00000000a1900000, 0x00000000a1900000| Untracked 
| 538|0x00000000a1a00000, 0x00000000a1a00000, 0x00000000a1b00000|  0%| F|  |TAMS 0x00000000a1a00000, 0x00000000a1a00000| Untracked 
| 539|0x00000000a1b00000, 0x00000000a1c00000, 0x00000000a1c00000|100%| O|  |TAMS 0x00000000a1c00000, 0x00000000a1b00000| Untracked 
| 540|0x00000000a1c00000, 0x00000000a1d00000, 0x00000000a1d00000|100%| O|  |TAMS 0x00000000a1d00000, 0x00000000a1c00000| Untracked 
| 541|0x00000000a1d00000, 0x00000000a1e00000, 0x00000000a1e00000|100%| O|  |TAMS 0x00000000a1e00000, 0x00000000a1d00000| Untracked 
| 542|0x00000000a1e00000, 0x00000000a1f00000, 0x00000000a1f00000|100%| O|  |TAMS 0x00000000a1f00000, 0x00000000a1e00000| Untracked 
| 543|0x00000000a1f00000, 0x00000000a1f00000, 0x00000000a2000000|  0%| F|  |TAMS 0x00000000a1f00000, 0x00000000a1f00000| Untracked 
| 544|0x00000000a2000000, 0x00000000a2100000, 0x00000000a2100000|100%| O|  |TAMS 0x00000000a2000000, 0x00000000a2000000| Untracked 
| 545|0x00000000a2100000, 0x00000000a2100000, 0x00000000a2200000|  0%| F|  |TAMS 0x00000000a2100000, 0x00000000a2100000| Untracked 
| 546|0x00000000a2200000, 0x00000000a2200000, 0x00000000a2300000|  0%| F|  |TAMS 0x00000000a2200000, 0x00000000a2200000| Untracked 
| 547|0x00000000a2300000, 0x00000000a2300000, 0x00000000a2400000|  0%| F|  |TAMS 0x00000000a2300000, 0x00000000a2300000| Untracked 
| 548|0x00000000a2400000, 0x00000000a2400000, 0x00000000a2500000|  0%| F|  |TAMS 0x00000000a2400000, 0x00000000a2400000| Untracked 
| 549|0x00000000a2500000, 0x00000000a2500000, 0x00000000a2600000|  0%| F|  |TAMS 0x00000000a2500000, 0x00000000a2500000| Untracked 
| 550|0x00000000a2600000, 0x00000000a2600000, 0x00000000a2700000|  0%| F|  |TAMS 0x00000000a2600000, 0x00000000a2600000| Untracked 
| 551|0x00000000a2700000, 0x00000000a2700000, 0x00000000a2800000|  0%| F|  |TAMS 0x00000000a2700000, 0x00000000a2700000| Untracked 
| 552|0x00000000a2800000, 0x00000000a2800000, 0x00000000a2900000|  0%| F|  |TAMS 0x00000000a2800000, 0x00000000a2800000| Untracked 
| 553|0x00000000a2900000, 0x00000000a2900000, 0x00000000a2a00000|  0%| F|  |TAMS 0x00000000a2900000, 0x00000000a2900000| Untracked 
| 554|0x00000000a2a00000, 0x00000000a2a00000, 0x00000000a2b00000|  0%| F|  |TAMS 0x00000000a2a00000, 0x00000000a2a00000| Untracked 
| 555|0x00000000a2b00000, 0x00000000a2b00000, 0x00000000a2c00000|  0%| F|  |TAMS 0x00000000a2b00000, 0x00000000a2b00000| Untracked 
| 556|0x00000000a2c00000, 0x00000000a2c00000, 0x00000000a2d00000|  0%| F|  |TAMS 0x00000000a2c00000, 0x00000000a2c00000| Untracked 
| 557|0x00000000a2d00000, 0x00000000a2e00000, 0x00000000a2e00000|100%| O|  |TAMS 0x00000000a2d00000, 0x00000000a2d00000| Untracked 
| 558|0x00000000a2e00000, 0x00000000a2f00000, 0x00000000a2f00000|100%| O|  |TAMS 0x00000000a2e00000, 0x00000000a2e00000| Untracked 
| 559|0x00000000a2f00000, 0x00000000a3000000, 0x00000000a3000000|100%| O|  |TAMS 0x00000000a2f00000, 0x00000000a2f00000| Untracked 
| 560|0x00000000a3000000, 0x00000000a3100000, 0x00000000a3100000|100%| O|  |TAMS 0x00000000a3000000, 0x00000000a3000000| Untracked 
| 561|0x00000000a3100000, 0x00000000a3200000, 0x00000000a3200000|100%| O|  |TAMS 0x00000000a3100000, 0x00000000a3100000| Untracked 
| 562|0x00000000a3200000, 0x00000000a3300000, 0x00000000a3300000|100%| O|  |TAMS 0x00000000a3200000, 0x00000000a3200000| Untracked 
| 563|0x00000000a3300000, 0x00000000a3400000, 0x00000000a3400000|100%| O|  |TAMS 0x00000000a3400000, 0x00000000a3300000| Untracked 
| 564|0x00000000a3400000, 0x00000000a3500000, 0x00000000a3500000|100%| O|  |TAMS 0x00000000a3400000, 0x00000000a3400000| Untracked 
| 565|0x00000000a3500000, 0x00000000a3500000, 0x00000000a3600000|  0%| F|  |TAMS 0x00000000a3500000, 0x00000000a3500000| Untracked 
| 566|0x00000000a3600000, 0x00000000a3700000, 0x00000000a3700000|100%| O|  |TAMS 0x00000000a3700000, 0x00000000a3600000| Untracked 
| 567|0x00000000a3700000, 0x00000000a3800000, 0x00000000a3800000|100%| O|  |TAMS 0x00000000a3800000, 0x00000000a3700000| Untracked 
| 568|0x00000000a3800000, 0x00000000a3900000, 0x00000000a3900000|100%| O|  |TAMS 0x00000000a3900000, 0x00000000a3800000| Untracked 
| 569|0x00000000a3900000, 0x00000000a3a00000, 0x00000000a3a00000|100%| O|  |TAMS 0x00000000a3a00000, 0x00000000a3900000| Untracked 
| 570|0x00000000a3a00000, 0x00000000a3a00000, 0x00000000a3b00000|  0%| F|  |TAMS 0x00000000a3a00000, 0x00000000a3a00000| Untracked 
| 571|0x00000000a3b00000, 0x00000000a3c00000, 0x00000000a3c00000|100%| O|  |TAMS 0x00000000a3c00000, 0x00000000a3b00000| Untracked 
| 572|0x00000000a3c00000, 0x00000000a3c00000, 0x00000000a3d00000|  0%| F|  |TAMS 0x00000000a3c00000, 0x00000000a3c00000| Untracked 
| 573|0x00000000a3d00000, 0x00000000a3d00000, 0x00000000a3e00000|  0%| F|  |TAMS 0x00000000a3d00000, 0x00000000a3d00000| Untracked 
| 574|0x00000000a3e00000, 0x00000000a3e00000, 0x00000000a3f00000|  0%| F|  |TAMS 0x00000000a3e00000, 0x00000000a3e00000| Untracked 
| 575|0x00000000a3f00000, 0x00000000a3f00000, 0x00000000a4000000|  0%| F|  |TAMS 0x00000000a3f00000, 0x00000000a3f00000| Untracked 
| 576|0x00000000a4000000, 0x00000000a4000000, 0x00000000a4100000|  0%| F|  |TAMS 0x00000000a4000000, 0x00000000a4000000| Untracked 
| 577|0x00000000a4100000, 0x00000000a4100000, 0x00000000a4200000|  0%| F|  |TAMS 0x00000000a4100000, 0x00000000a4100000| Untracked 
| 578|0x00000000a4200000, 0x00000000a4200000, 0x00000000a4300000|  0%| F|  |TAMS 0x00000000a4200000, 0x00000000a4200000| Untracked 
| 579|0x00000000a4300000, 0x00000000a4300000, 0x00000000a4400000|  0%| F|  |TAMS 0x00000000a4300000, 0x00000000a4300000| Untracked 
| 580|0x00000000a4400000, 0x00000000a4400000, 0x00000000a4500000|  0%| F|  |TAMS 0x00000000a4400000, 0x00000000a4400000| Untracked 
| 581|0x00000000a4500000, 0x00000000a4500000, 0x00000000a4600000|  0%| F|  |TAMS 0x00000000a4500000, 0x00000000a4500000| Untracked 
| 582|0x00000000a4600000, 0x00000000a4600000, 0x00000000a4700000|  0%| F|  |TAMS 0x00000000a4600000, 0x00000000a4600000| Untracked 
| 583|0x00000000a4700000, 0x00000000a4700000, 0x00000000a4800000|  0%| F|  |TAMS 0x00000000a4700000, 0x00000000a4700000| Untracked 
| 584|0x00000000a4800000, 0x00000000a4800000, 0x00000000a4900000|  0%| F|  |TAMS 0x00000000a4800000, 0x00000000a4800000| Untracked 
| 585|0x00000000a4900000, 0x00000000a4900000, 0x00000000a4a00000|  0%| F|  |TAMS 0x00000000a4900000, 0x00000000a4900000| Untracked 
| 586|0x00000000a4a00000, 0x00000000a4b00000, 0x00000000a4b00000|100%| O|  |TAMS 0x00000000a4a00000, 0x00000000a4a00000| Untracked 
| 587|0x00000000a4b00000, 0x00000000a4c00000, 0x00000000a4c00000|100%| O|  |TAMS 0x00000000a4b00000, 0x00000000a4b00000| Untracked 
| 588|0x00000000a4c00000, 0x00000000a4d00000, 0x00000000a4d00000|100%| O|  |TAMS 0x00000000a4c00000, 0x00000000a4c00000| Untracked 
| 589|0x00000000a4d00000, 0x00000000a4d68800, 0x00000000a4e00000| 40%| O|  |TAMS 0x00000000a4d00000, 0x00000000a4d00000| Untracked 
| 590|0x00000000a4e00000, 0x00000000a4e00000, 0x00000000a4f00000|  0%| F|  |TAMS 0x00000000a4e00000, 0x00000000a4e00000| Untracked 
| 591|0x00000000a4f00000, 0x00000000a4f00000, 0x00000000a5000000|  0%| F|  |TAMS 0x00000000a4f00000, 0x00000000a4f00000| Untracked 
| 592|0x00000000a5000000, 0x00000000a5000000, 0x00000000a5100000|  0%| F|  |TAMS 0x00000000a5000000, 0x00000000a5000000| Untracked 
| 593|0x00000000a5100000, 0x00000000a5100000, 0x00000000a5200000|  0%| F|  |TAMS 0x00000000a5100000, 0x00000000a5100000| Untracked 
| 594|0x00000000a5200000, 0x00000000a5200000, 0x00000000a5300000|  0%| F|  |TAMS 0x00000000a5200000, 0x00000000a5200000| Untracked 
| 595|0x00000000a5300000, 0x00000000a5300000, 0x00000000a5400000|  0%| F|  |TAMS 0x00000000a5300000, 0x00000000a5300000| Untracked 
| 596|0x00000000a5400000, 0x00000000a5400000, 0x00000000a5500000|  0%| F|  |TAMS 0x00000000a5400000, 0x00000000a5400000| Untracked 
| 597|0x00000000a5500000, 0x00000000a5500000, 0x00000000a5600000|  0%| F|  |TAMS 0x00000000a5500000, 0x00000000a5500000| Untracked 
| 598|0x00000000a5600000, 0x00000000a5600000, 0x00000000a5700000|  0%| F|  |TAMS 0x00000000a5600000, 0x00000000a5600000| Untracked 
| 599|0x00000000a5700000, 0x00000000a5700000, 0x00000000a5800000|  0%| F|  |TAMS 0x00000000a5700000, 0x00000000a5700000| Untracked 
| 600|0x00000000a5800000, 0x00000000a5800000, 0x00000000a5900000|  0%| F|  |TAMS 0x00000000a5800000, 0x00000000a5800000| Untracked 
| 601|0x00000000a5900000, 0x00000000a5900000, 0x00000000a5a00000|  0%| F|  |TAMS 0x00000000a5900000, 0x00000000a5900000| Untracked 
| 602|0x00000000a5a00000, 0x00000000a5a00000, 0x00000000a5b00000|  0%| F|  |TAMS 0x00000000a5a00000, 0x00000000a5a00000| Untracked 
| 603|0x00000000a5b00000, 0x00000000a5b00000, 0x00000000a5c00000|  0%| F|  |TAMS 0x00000000a5b00000, 0x00000000a5b00000| Untracked 
| 604|0x00000000a5c00000, 0x00000000a5c00000, 0x00000000a5d00000|  0%| F|  |TAMS 0x00000000a5c00000, 0x00000000a5c00000| Untracked 
| 605|0x00000000a5d00000, 0x00000000a5d00000, 0x00000000a5e00000|  0%| F|  |TAMS 0x00000000a5d00000, 0x00000000a5d00000| Untracked 
| 606|0x00000000a5e00000, 0x00000000a5e00000, 0x00000000a5f00000|  0%| F|  |TAMS 0x00000000a5e00000, 0x00000000a5e00000| Untracked 
| 607|0x00000000a5f00000, 0x00000000a5f00000, 0x00000000a6000000|  0%| F|  |TAMS 0x00000000a5f00000, 0x00000000a5f00000| Untracked 
| 608|0x00000000a6000000, 0x00000000a6000000, 0x00000000a6100000|  0%| F|  |TAMS 0x00000000a6000000, 0x00000000a6000000| Untracked 
| 609|0x00000000a6100000, 0x00000000a6100000, 0x00000000a6200000|  0%| F|  |TAMS 0x00000000a6100000, 0x00000000a6100000| Untracked 
| 610|0x00000000a6200000, 0x00000000a6200000, 0x00000000a6300000|  0%| F|  |TAMS 0x00000000a6200000, 0x00000000a6200000| Untracked 
| 611|0x00000000a6300000, 0x00000000a6300000, 0x00000000a6400000|  0%| F|  |TAMS 0x00000000a6300000, 0x00000000a6300000| Untracked 
| 612|0x00000000a6400000, 0x00000000a6500000, 0x00000000a6500000|100%| O|  |TAMS 0x00000000a6500000, 0x00000000a6400000| Untracked 
| 613|0x00000000a6500000, 0x00000000a6600000, 0x00000000a6600000|100%| O|  |TAMS 0x00000000a6600000, 0x00000000a6500000| Untracked 
| 614|0x00000000a6600000, 0x00000000a6700000, 0x00000000a6700000|100%| O|  |TAMS 0x00000000a6700000, 0x00000000a6600000| Untracked 
| 615|0x00000000a6700000, 0x00000000a6800000, 0x00000000a6800000|100%| O|  |TAMS 0x00000000a6800000, 0x00000000a6700000| Untracked 
| 616|0x00000000a6800000, 0x00000000a6900000, 0x00000000a6900000|100%| O|  |TAMS 0x00000000a6900000, 0x00000000a6800000| Untracked 
| 617|0x00000000a6900000, 0x00000000a6a00000, 0x00000000a6a00000|100%| O|  |TAMS 0x00000000a6a00000, 0x00000000a6900000| Untracked 
| 618|0x00000000a6a00000, 0x00000000a6b00000, 0x00000000a6b00000|100%| O|  |TAMS 0x00000000a6b00000, 0x00000000a6a00000| Untracked 
| 619|0x00000000a6b00000, 0x00000000a6c00000, 0x00000000a6c00000|100%| O|  |TAMS 0x00000000a6c00000, 0x00000000a6b00000| Untracked 
| 620|0x00000000a6c00000, 0x00000000a6d00000, 0x00000000a6d00000|100%| O|  |TAMS 0x00000000a6d00000, 0x00000000a6c00000| Untracked 
| 621|0x00000000a6d00000, 0x00000000a6e00000, 0x00000000a6e00000|100%| O|  |TAMS 0x00000000a6e00000, 0x00000000a6d00000| Untracked 
| 622|0x00000000a6e00000, 0x00000000a6f00000, 0x00000000a6f00000|100%| O|  |TAMS 0x00000000a6f00000, 0x00000000a6e00000| Untracked 
| 623|0x00000000a6f00000, 0x00000000a6f00000, 0x00000000a7000000|  0%| F|  |TAMS 0x00000000a6f00000, 0x00000000a6f00000| Untracked 
| 624|0x00000000a7000000, 0x00000000a7100000, 0x00000000a7100000|100%| O|  |TAMS 0x00000000a7100000, 0x00000000a7000000| Untracked 
| 625|0x00000000a7100000, 0x00000000a7200000, 0x00000000a7200000|100%| O|  |TAMS 0x00000000a7200000, 0x00000000a7100000| Untracked 
| 626|0x00000000a7200000, 0x00000000a7200000, 0x00000000a7300000|  0%| F|  |TAMS 0x00000000a7200000, 0x00000000a7200000| Untracked 
| 627|0x00000000a7300000, 0x00000000a7300000, 0x00000000a7400000|  0%| F|  |TAMS 0x00000000a7300000, 0x00000000a7300000| Untracked 
| 628|0x00000000a7400000, 0x00000000a7400000, 0x00000000a7500000|  0%| F|  |TAMS 0x00000000a7400000, 0x00000000a7400000| Untracked 
| 629|0x00000000a7500000, 0x00000000a7600000, 0x00000000a7600000|100%| O|  |TAMS 0x00000000a7600000, 0x00000000a7500000| Untracked 
| 630|0x00000000a7600000, 0x00000000a7600000, 0x00000000a7700000|  0%| F|  |TAMS 0x00000000a7600000, 0x00000000a7600000| Untracked 
| 631|0x00000000a7700000, 0x00000000a7700000, 0x00000000a7800000|  0%| F|  |TAMS 0x00000000a7700000, 0x00000000a7700000| Untracked 
| 632|0x00000000a7800000, 0x00000000a7800000, 0x00000000a7900000|  0%| F|  |TAMS 0x00000000a7800000, 0x00000000a7800000| Untracked 
| 633|0x00000000a7900000, 0x00000000a7900000, 0x00000000a7a00000|  0%| F|  |TAMS 0x00000000a7900000, 0x00000000a7900000| Untracked 
| 634|0x00000000a7a00000, 0x00000000a7a00000, 0x00000000a7b00000|  0%| F|  |TAMS 0x00000000a7a00000, 0x00000000a7a00000| Untracked 
| 635|0x00000000a7b00000, 0x00000000a7b00000, 0x00000000a7c00000|  0%| F|  |TAMS 0x00000000a7b00000, 0x00000000a7b00000| Untracked 
| 636|0x00000000a7c00000, 0x00000000a7c00000, 0x00000000a7d00000|  0%| F|  |TAMS 0x00000000a7c00000, 0x00000000a7c00000| Untracked 
| 637|0x00000000a7d00000, 0x00000000a7d00000, 0x00000000a7e00000|  0%| F|  |TAMS 0x00000000a7d00000, 0x00000000a7d00000| Untracked 
| 638|0x00000000a7e00000, 0x00000000a7e00000, 0x00000000a7f00000|  0%| F|  |TAMS 0x00000000a7e00000, 0x00000000a7e00000| Untracked 
| 639|0x00000000a7f00000, 0x00000000a7f00000, 0x00000000a8000000|  0%| F|  |TAMS 0x00000000a7f00000, 0x00000000a7f00000| Untracked 
| 640|0x00000000a8000000, 0x00000000a8000000, 0x00000000a8100000|  0%| F|  |TAMS 0x00000000a8000000, 0x00000000a8000000| Untracked 
| 641|0x00000000a8100000, 0x00000000a8100000, 0x00000000a8200000|  0%| F|  |TAMS 0x00000000a8100000, 0x00000000a8100000| Untracked 
| 642|0x00000000a8200000, 0x00000000a8200000, 0x00000000a8300000|  0%| F|  |TAMS 0x00000000a8200000, 0x00000000a8200000| Untracked 
| 643|0x00000000a8300000, 0x00000000a8300000, 0x00000000a8400000|  0%| F|  |TAMS 0x00000000a8300000, 0x00000000a8300000| Untracked 
| 644|0x00000000a8400000, 0x00000000a8400000, 0x00000000a8500000|  0%| F|  |TAMS 0x00000000a8400000, 0x00000000a8400000| Untracked 
| 645|0x00000000a8500000, 0x00000000a8500000, 0x00000000a8600000|  0%| F|  |TAMS 0x00000000a8500000, 0x00000000a8500000| Untracked 
| 646|0x00000000a8600000, 0x00000000a8600000, 0x00000000a8700000|  0%| F|  |TAMS 0x00000000a8600000, 0x00000000a8600000| Untracked 
| 647|0x00000000a8700000, 0x00000000a8700000, 0x00000000a8800000|  0%| F|  |TAMS 0x00000000a8700000, 0x00000000a8700000| Untracked 
| 648|0x00000000a8800000, 0x00000000a8800000, 0x00000000a8900000|  0%| F|  |TAMS 0x00000000a8800000, 0x00000000a8800000| Untracked 
| 649|0x00000000a8900000, 0x00000000a8900000, 0x00000000a8a00000|  0%| F|  |TAMS 0x00000000a8900000, 0x00000000a8900000| Untracked 
| 650|0x00000000a8a00000, 0x00000000a8a00000, 0x00000000a8b00000|  0%| F|  |TAMS 0x00000000a8a00000, 0x00000000a8a00000| Untracked 
| 651|0x00000000a8b00000, 0x00000000a8c00000, 0x00000000a8c00000|100%| O|  |TAMS 0x00000000a8c00000, 0x00000000a8b00000| Untracked 
| 652|0x00000000a8c00000, 0x00000000a8c00000, 0x00000000a8d00000|  0%| F|  |TAMS 0x00000000a8c00000, 0x00000000a8c00000| Untracked 
| 653|0x00000000a8d00000, 0x00000000a8d00000, 0x00000000a8e00000|  0%| F|  |TAMS 0x00000000a8d00000, 0x00000000a8d00000| Untracked 
| 654|0x00000000a8e00000, 0x00000000a8e00000, 0x00000000a8f00000|  0%| F|  |TAMS 0x00000000a8e00000, 0x00000000a8e00000| Untracked 
| 655|0x00000000a8f00000, 0x00000000a8f00000, 0x00000000a9000000|  0%| F|  |TAMS 0x00000000a8f00000, 0x00000000a8f00000| Untracked 
| 656|0x00000000a9000000, 0x00000000a9100000, 0x00000000a9100000|100%| O|  |TAMS 0x00000000a9100000, 0x00000000a9000000| Untracked 
| 657|0x00000000a9100000, 0x00000000a9100000, 0x00000000a9200000|  0%| F|  |TAMS 0x00000000a9100000, 0x00000000a9100000| Untracked 
| 658|0x00000000a9200000, 0x00000000a9200000, 0x00000000a9300000|  0%| F|  |TAMS 0x00000000a9200000, 0x00000000a9200000| Untracked 
| 659|0x00000000a9300000, 0x00000000a9300000, 0x00000000a9400000|  0%| F|  |TAMS 0x00000000a9300000, 0x00000000a9300000| Untracked 
| 660|0x00000000a9400000, 0x00000000a9400000, 0x00000000a9500000|  0%| F|  |TAMS 0x00000000a9400000, 0x00000000a9400000| Untracked 
| 661|0x00000000a9500000, 0x00000000a9500000, 0x00000000a9600000|  0%| F|  |TAMS 0x00000000a9500000, 0x00000000a9500000| Untracked 
| 662|0x00000000a9600000, 0x00000000a9600000, 0x00000000a9700000|  0%| F|  |TAMS 0x00000000a9600000, 0x00000000a9600000| Untracked 
| 663|0x00000000a9700000, 0x00000000a9700000, 0x00000000a9800000|  0%| F|  |TAMS 0x00000000a9700000, 0x00000000a9700000| Untracked 
| 664|0x00000000a9800000, 0x00000000a9800000, 0x00000000a9900000|  0%| F|  |TAMS 0x00000000a9800000, 0x00000000a9800000| Untracked 
| 665|0x00000000a9900000, 0x00000000a9900000, 0x00000000a9a00000|  0%| F|  |TAMS 0x00000000a9900000, 0x00000000a9900000| Untracked 
| 666|0x00000000a9a00000, 0x00000000a9a00000, 0x00000000a9b00000|  0%| F|  |TAMS 0x00000000a9a00000, 0x00000000a9a00000| Untracked 
| 667|0x00000000a9b00000, 0x00000000a9b00000, 0x00000000a9c00000|  0%| F|  |TAMS 0x00000000a9b00000, 0x00000000a9b00000| Untracked 
| 668|0x00000000a9c00000, 0x00000000a9c00000, 0x00000000a9d00000|  0%| F|  |TAMS 0x00000000a9c00000, 0x00000000a9c00000| Untracked 
| 669|0x00000000a9d00000, 0x00000000a9d00000, 0x00000000a9e00000|  0%| F|  |TAMS 0x00000000a9d00000, 0x00000000a9d00000| Untracked 
| 670|0x00000000a9e00000, 0x00000000a9e00000, 0x00000000a9f00000|  0%| F|  |TAMS 0x00000000a9e00000, 0x00000000a9e00000| Untracked 
| 671|0x00000000a9f00000, 0x00000000a9f00000, 0x00000000aa000000|  0%| F|  |TAMS 0x00000000a9f00000, 0x00000000a9f00000| Untracked 
| 672|0x00000000aa000000, 0x00000000aa000000, 0x00000000aa100000|  0%| F|  |TAMS 0x00000000aa000000, 0x00000000aa000000| Untracked 
| 673|0x00000000aa100000, 0x00000000aa100000, 0x00000000aa200000|  0%| F|  |TAMS 0x00000000aa100000, 0x00000000aa100000| Untracked 
| 674|0x00000000aa200000, 0x00000000aa200000, 0x00000000aa300000|  0%| F|  |TAMS 0x00000000aa200000, 0x00000000aa200000| Untracked 
| 675|0x00000000aa300000, 0x00000000aa300000, 0x00000000aa400000|  0%| F|  |TAMS 0x00000000aa300000, 0x00000000aa300000| Untracked 
| 676|0x00000000aa400000, 0x00000000aa400000, 0x00000000aa500000|  0%| F|  |TAMS 0x00000000aa400000, 0x00000000aa400000| Untracked 
| 677|0x00000000aa500000, 0x00000000aa500000, 0x00000000aa600000|  0%| F|  |TAMS 0x00000000aa500000, 0x00000000aa500000| Untracked 
| 678|0x00000000aa600000, 0x00000000aa600000, 0x00000000aa700000|  0%| F|  |TAMS 0x00000000aa600000, 0x00000000aa600000| Untracked 
| 679|0x00000000aa700000, 0x00000000aa700000, 0x00000000aa800000|  0%| F|  |TAMS 0x00000000aa700000, 0x00000000aa700000| Untracked 
| 680|0x00000000aa800000, 0x00000000aa800000, 0x00000000aa900000|  0%| F|  |TAMS 0x00000000aa800000, 0x00000000aa800000| Untracked 
| 681|0x00000000aa900000, 0x00000000aa900000, 0x00000000aaa00000|  0%| F|  |TAMS 0x00000000aa900000, 0x00000000aa900000| Untracked 
| 682|0x00000000aaa00000, 0x00000000aaa00000, 0x00000000aab00000|  0%| F|  |TAMS 0x00000000aaa00000, 0x00000000aaa00000| Untracked 
| 683|0x00000000aab00000, 0x00000000aab00000, 0x00000000aac00000|  0%| F|  |TAMS 0x00000000aab00000, 0x00000000aab00000| Untracked 
| 684|0x00000000aac00000, 0x00000000aac00000, 0x00000000aad00000|  0%| F|  |TAMS 0x00000000aac00000, 0x00000000aac00000| Untracked 
| 685|0x00000000aad00000, 0x00000000aad00000, 0x00000000aae00000|  0%| F|  |TAMS 0x00000000aad00000, 0x00000000aad00000| Untracked 
| 686|0x00000000aae00000, 0x00000000aae00000, 0x00000000aaf00000|  0%| F|  |TAMS 0x00000000aae00000, 0x00000000aae00000| Untracked 
| 687|0x00000000aaf00000, 0x00000000aaf00000, 0x00000000ab000000|  0%| F|  |TAMS 0x00000000aaf00000, 0x00000000aaf00000| Untracked 
| 688|0x00000000ab000000, 0x00000000ab000000, 0x00000000ab100000|  0%| F|  |TAMS 0x00000000ab000000, 0x00000000ab000000| Untracked 
| 689|0x00000000ab100000, 0x00000000ab100000, 0x00000000ab200000|  0%| F|  |TAMS 0x00000000ab100000, 0x00000000ab100000| Untracked 
| 690|0x00000000ab200000, 0x00000000ab200000, 0x00000000ab300000|  0%| F|  |TAMS 0x00000000ab200000, 0x00000000ab200000| Untracked 
| 691|0x00000000ab300000, 0x00000000ab300000, 0x00000000ab400000|  0%| F|  |TAMS 0x00000000ab300000, 0x00000000ab300000| Untracked 
| 692|0x00000000ab400000, 0x00000000ab400000, 0x00000000ab500000|  0%| F|  |TAMS 0x00000000ab400000, 0x00000000ab400000| Untracked 
| 693|0x00000000ab500000, 0x00000000ab500000, 0x00000000ab600000|  0%| F|  |TAMS 0x00000000ab500000, 0x00000000ab500000| Untracked 
| 694|0x00000000ab600000, 0x00000000ab600000, 0x00000000ab700000|  0%| F|  |TAMS 0x00000000ab600000, 0x00000000ab600000| Untracked 
| 695|0x00000000ab700000, 0x00000000ab700000, 0x00000000ab800000|  0%| F|  |TAMS 0x00000000ab700000, 0x00000000ab700000| Untracked 
| 696|0x00000000ab800000, 0x00000000ab800000, 0x00000000ab900000|  0%| F|  |TAMS 0x00000000ab800000, 0x00000000ab800000| Untracked 
| 697|0x00000000ab900000, 0x00000000ab900000, 0x00000000aba00000|  0%| F|  |TAMS 0x00000000ab900000, 0x00000000ab900000| Untracked 
| 698|0x00000000aba00000, 0x00000000aba00000, 0x00000000abb00000|  0%| F|  |TAMS 0x00000000aba00000, 0x00000000aba00000| Untracked 
| 699|0x00000000abb00000, 0x00000000abb00000, 0x00000000abc00000|  0%| F|  |TAMS 0x00000000abb00000, 0x00000000abb00000| Untracked 
| 700|0x00000000abc00000, 0x00000000abc00000, 0x00000000abd00000|  0%| F|  |TAMS 0x00000000abc00000, 0x00000000abc00000| Untracked 
| 701|0x00000000abd00000, 0x00000000abd00000, 0x00000000abe00000|  0%| F|  |TAMS 0x00000000abd00000, 0x00000000abd00000| Untracked 
| 702|0x00000000abe00000, 0x00000000abe00000, 0x00000000abf00000|  0%| F|  |TAMS 0x00000000abe00000, 0x00000000abe00000| Untracked 
| 703|0x00000000abf00000, 0x00000000abf00000, 0x00000000ac000000|  0%| F|  |TAMS 0x00000000abf00000, 0x00000000abf00000| Untracked 
| 704|0x00000000ac000000, 0x00000000ac000000, 0x00000000ac100000|  0%| F|  |TAMS 0x00000000ac000000, 0x00000000ac000000| Untracked 
| 705|0x00000000ac100000, 0x00000000ac100000, 0x00000000ac200000|  0%| F|  |TAMS 0x00000000ac100000, 0x00000000ac100000| Untracked 
| 706|0x00000000ac200000, 0x00000000ac300000, 0x00000000ac300000|100%| O|  |TAMS 0x00000000ac300000, 0x00000000ac200000| Untracked 
| 707|0x00000000ac300000, 0x00000000ac300000, 0x00000000ac400000|  0%| F|  |TAMS 0x00000000ac300000, 0x00000000ac300000| Untracked 
| 708|0x00000000ac400000, 0x00000000ac400000, 0x00000000ac500000|  0%| F|  |TAMS 0x00000000ac400000, 0x00000000ac400000| Untracked 
| 709|0x00000000ac500000, 0x00000000ac600000, 0x00000000ac600000|100%| O|  |TAMS 0x00000000ac600000, 0x00000000ac500000| Untracked 
| 710|0x00000000ac600000, 0x00000000ac600000, 0x00000000ac700000|  0%| F|  |TAMS 0x00000000ac600000, 0x00000000ac600000| Untracked 
| 711|0x00000000ac700000, 0x00000000ac800000, 0x00000000ac800000|100%| O|  |TAMS 0x00000000ac800000, 0x00000000ac700000| Untracked 
| 712|0x00000000ac800000, 0x00000000ac900000, 0x00000000ac900000|100%| O|  |TAMS 0x00000000ac900000, 0x00000000ac800000| Untracked 
| 713|0x00000000ac900000, 0x00000000aca00000, 0x00000000aca00000|100%| O|  |TAMS 0x00000000aca00000, 0x00000000ac900000| Untracked 
| 714|0x00000000aca00000, 0x00000000acb00000, 0x00000000acb00000|100%| O|  |TAMS 0x00000000acb00000, 0x00000000aca00000| Untracked 
| 715|0x00000000acb00000, 0x00000000acc00000, 0x00000000acc00000|100%| O|  |TAMS 0x00000000acc00000, 0x00000000acb00000| Untracked 
| 716|0x00000000acc00000, 0x00000000acd00000, 0x00000000acd00000|100%| O|  |TAMS 0x00000000acd00000, 0x00000000acc00000| Untracked 
| 717|0x00000000acd00000, 0x00000000ace00000, 0x00000000ace00000|100%| O|  |TAMS 0x00000000ace00000, 0x00000000acd00000| Untracked 
| 718|0x00000000ace00000, 0x00000000acf00000, 0x00000000acf00000|100%| O|  |TAMS 0x00000000acf00000, 0x00000000ace00000| Untracked 
| 719|0x00000000acf00000, 0x00000000ad000000, 0x00000000ad000000|100%| O|  |TAMS 0x00000000ad000000, 0x00000000acf00000| Untracked 
| 720|0x00000000ad000000, 0x00000000ad100000, 0x00000000ad100000|100%| O|  |TAMS 0x00000000ad100000, 0x00000000ad000000| Untracked 
| 721|0x00000000ad100000, 0x00000000ad200000, 0x00000000ad200000|100%| O|  |TAMS 0x00000000ad200000, 0x00000000ad100000| Untracked 
| 722|0x00000000ad200000, 0x00000000ad300000, 0x00000000ad300000|100%| O|  |TAMS 0x00000000ad300000, 0x00000000ad200000| Untracked 
| 723|0x00000000ad300000, 0x00000000ad400000, 0x00000000ad400000|100%| O|  |TAMS 0x00000000ad400000, 0x00000000ad300000| Untracked 
| 724|0x00000000ad400000, 0x00000000ad400000, 0x00000000ad500000|  0%| F|  |TAMS 0x00000000ad400000, 0x00000000ad400000| Untracked 
| 725|0x00000000ad500000, 0x00000000ad600000, 0x00000000ad600000|100%| O|  |TAMS 0x00000000ad600000, 0x00000000ad500000| Untracked 
| 726|0x00000000ad600000, 0x00000000ad700000, 0x00000000ad700000|100%| O|  |TAMS 0x00000000ad700000, 0x00000000ad600000| Untracked 
| 727|0x00000000ad700000, 0x00000000ad800000, 0x00000000ad800000|100%| O|  |TAMS 0x00000000ad800000, 0x00000000ad700000| Untracked 
| 728|0x00000000ad800000, 0x00000000ad900000, 0x00000000ad900000|100%| O|  |TAMS 0x00000000ad900000, 0x00000000ad800000| Untracked 
| 729|0x00000000ad900000, 0x00000000ada00000, 0x00000000ada00000|100%| O|  |TAMS 0x00000000ada00000, 0x00000000ad900000| Untracked 
| 730|0x00000000ada00000, 0x00000000adb00000, 0x00000000adb00000|100%| O|  |TAMS 0x00000000adb00000, 0x00000000ada00000| Untracked 
| 731|0x00000000adb00000, 0x00000000adc00000, 0x00000000adc00000|100%| O|  |TAMS 0x00000000adc00000, 0x00000000adb00000| Untracked 
| 732|0x00000000adc00000, 0x00000000add00000, 0x00000000add00000|100%| O|  |TAMS 0x00000000add00000, 0x00000000adc00000| Untracked 
| 733|0x00000000add00000, 0x00000000ade00000, 0x00000000ade00000|100%| O|  |TAMS 0x00000000ade00000, 0x00000000add00000| Untracked 
| 734|0x00000000ade00000, 0x00000000adf00000, 0x00000000adf00000|100%| O|  |TAMS 0x00000000adf00000, 0x00000000ade00000| Untracked 
| 735|0x00000000adf00000, 0x00000000adf00000, 0x00000000ae000000|  0%| F|  |TAMS 0x00000000adf00000, 0x00000000adf00000| Untracked 
| 736|0x00000000ae000000, 0x00000000ae100000, 0x00000000ae100000|100%| O|  |TAMS 0x00000000ae100000, 0x00000000ae000000| Untracked 
| 737|0x00000000ae100000, 0x00000000ae100000, 0x00000000ae200000|  0%| F|  |TAMS 0x00000000ae100000, 0x00000000ae100000| Untracked 
| 738|0x00000000ae200000, 0x00000000ae200000, 0x00000000ae300000|  0%| F|  |TAMS 0x00000000ae200000, 0x00000000ae200000| Untracked 
| 739|0x00000000ae300000, 0x00000000ae400000, 0x00000000ae400000|100%| O|  |TAMS 0x00000000ae400000, 0x00000000ae300000| Untracked 
| 740|0x00000000ae400000, 0x00000000ae400000, 0x00000000ae500000|  0%| F|  |TAMS 0x00000000ae400000, 0x00000000ae400000| Untracked 
| 741|0x00000000ae500000, 0x00000000ae500000, 0x00000000ae600000|  0%| F|  |TAMS 0x00000000ae500000, 0x00000000ae500000| Untracked 
| 742|0x00000000ae600000, 0x00000000ae600000, 0x00000000ae700000|  0%| F|  |TAMS 0x00000000ae600000, 0x00000000ae600000| Untracked 
| 743|0x00000000ae700000, 0x00000000ae700000, 0x00000000ae800000|  0%| F|  |TAMS 0x00000000ae700000, 0x00000000ae700000| Untracked 
| 744|0x00000000ae800000, 0x00000000ae800000, 0x00000000ae900000|  0%| F|  |TAMS 0x00000000ae800000, 0x00000000ae800000| Untracked 
| 745|0x00000000ae900000, 0x00000000ae900000, 0x00000000aea00000|  0%| F|  |TAMS 0x00000000ae900000, 0x00000000ae900000| Untracked 
| 746|0x00000000aea00000, 0x00000000aea00000, 0x00000000aeb00000|  0%| F|  |TAMS 0x00000000aea00000, 0x00000000aea00000| Untracked 
| 747|0x00000000aeb00000, 0x00000000aeb00000, 0x00000000aec00000|  0%| F|  |TAMS 0x00000000aeb00000, 0x00000000aeb00000| Untracked 
| 748|0x00000000aec00000, 0x00000000aec00000, 0x00000000aed00000|  0%| F|  |TAMS 0x00000000aec00000, 0x00000000aec00000| Untracked 
| 749|0x00000000aed00000, 0x00000000aed00000, 0x00000000aee00000|  0%| F|  |TAMS 0x00000000aed00000, 0x00000000aed00000| Untracked 
| 750|0x00000000aee00000, 0x00000000aee00000, 0x00000000aef00000|  0%| F|  |TAMS 0x00000000aee00000, 0x00000000aee00000| Untracked 
| 751|0x00000000aef00000, 0x00000000aef00000, 0x00000000af000000|  0%| F|  |TAMS 0x00000000aef00000, 0x00000000aef00000| Untracked 
| 752|0x00000000af000000, 0x00000000af000000, 0x00000000af100000|  0%| F|  |TAMS 0x00000000af000000, 0x00000000af000000| Untracked 
| 753|0x00000000af100000, 0x00000000af100000, 0x00000000af200000|  0%| F|  |TAMS 0x00000000af100000, 0x00000000af100000| Untracked 
| 754|0x00000000af200000, 0x00000000af200000, 0x00000000af300000|  0%| F|  |TAMS 0x00000000af200000, 0x00000000af200000| Untracked 
| 755|0x00000000af300000, 0x00000000af300000, 0x00000000af400000|  0%| F|  |TAMS 0x00000000af300000, 0x00000000af300000| Untracked 
| 756|0x00000000af400000, 0x00000000af400000, 0x00000000af500000|  0%| F|  |TAMS 0x00000000af400000, 0x00000000af400000| Untracked 
| 757|0x00000000af500000, 0x00000000af500000, 0x00000000af600000|  0%| F|  |TAMS 0x00000000af500000, 0x00000000af500000| Untracked 
| 758|0x00000000af600000, 0x00000000af600000, 0x00000000af700000|  0%| F|  |TAMS 0x00000000af600000, 0x00000000af600000| Untracked 
| 759|0x00000000af700000, 0x00000000af700000, 0x00000000af800000|  0%| F|  |TAMS 0x00000000af700000, 0x00000000af700000| Untracked 
| 760|0x00000000af800000, 0x00000000af800000, 0x00000000af900000|  0%| F|  |TAMS 0x00000000af800000, 0x00000000af800000| Untracked 
| 761|0x00000000af900000, 0x00000000af900000, 0x00000000afa00000|  0%| F|  |TAMS 0x00000000af900000, 0x00000000af900000| Untracked 
| 762|0x00000000afa00000, 0x00000000afa00000, 0x00000000afb00000|  0%| F|  |TAMS 0x00000000afa00000, 0x00000000afa00000| Untracked 
| 763|0x00000000afb00000, 0x00000000afc00000, 0x00000000afc00000|100%| S|  |TAMS 0x00000000afb00000, 0x00000000afb00000| Complete 
| 764|0x00000000afc00000, 0x00000000afd00000, 0x00000000afd00000|100%| S|  |TAMS 0x00000000afc00000, 0x00000000afc00000| Complete 
| 765|0x00000000afd00000, 0x00000000afe00000, 0x00000000afe00000|100%| S|  |TAMS 0x00000000afd00000, 0x00000000afd00000| Complete 
| 766|0x00000000afe00000, 0x00000000aff00000, 0x00000000aff00000|100%| S|  |TAMS 0x00000000afe00000, 0x00000000afe00000| Complete 
| 767|0x00000000aff00000, 0x00000000b0000000, 0x00000000b0000000|100%| S|  |TAMS 0x00000000aff00000, 0x00000000aff00000| Complete 
| 768|0x00000000b0000000, 0x00000000b0100000, 0x00000000b0100000|100%| S|  |TAMS 0x00000000b0000000, 0x00000000b0000000| Complete 
| 769|0x00000000b0100000, 0x00000000b0200000, 0x00000000b0200000|100%| S|  |TAMS 0x00000000b0100000, 0x00000000b0100000| Complete 
| 770|0x00000000b0200000, 0x00000000b0300000, 0x00000000b0300000|100%| S|  |TAMS 0x00000000b0200000, 0x00000000b0200000| Complete 
| 771|0x00000000b0300000, 0x00000000b0400000, 0x00000000b0400000|100%| S|  |TAMS 0x00000000b0300000, 0x00000000b0300000| Complete 
| 772|0x00000000b0400000, 0x00000000b0500000, 0x00000000b0500000|100%| S|  |TAMS 0x00000000b0400000, 0x00000000b0400000| Complete 
| 773|0x00000000b0500000, 0x00000000b0600000, 0x00000000b0600000|100%| S|  |TAMS 0x00000000b0500000, 0x00000000b0500000| Complete 
| 774|0x00000000b0600000, 0x00000000b0700000, 0x00000000b0700000|100%| S|  |TAMS 0x00000000b0600000, 0x00000000b0600000| Complete 
| 775|0x00000000b0700000, 0x00000000b0800000, 0x00000000b0800000|100%| S|  |TAMS 0x00000000b0700000, 0x00000000b0700000| Complete 
| 776|0x00000000b0800000, 0x00000000b0900000, 0x00000000b0900000|100%| S|  |TAMS 0x00000000b0800000, 0x00000000b0800000| Complete 
| 777|0x00000000b0900000, 0x00000000b0a00000, 0x00000000b0a00000|100%| S|  |TAMS 0x00000000b0900000, 0x00000000b0900000| Complete 
| 778|0x00000000b0a00000, 0x00000000b0b00000, 0x00000000b0b00000|100%| S|  |TAMS 0x00000000b0a00000, 0x00000000b0a00000| Complete 
| 779|0x00000000b0b00000, 0x00000000b0c00000, 0x00000000b0c00000|100%| S|  |TAMS 0x00000000b0b00000, 0x00000000b0b00000| Complete 
| 780|0x00000000b0c00000, 0x00000000b0d00000, 0x00000000b0d00000|100%| S|  |TAMS 0x00000000b0c00000, 0x00000000b0c00000| Complete 
| 781|0x00000000b0d00000, 0x00000000b0e00000, 0x00000000b0e00000|100%| S|  |TAMS 0x00000000b0d00000, 0x00000000b0d00000| Complete 
| 782|0x00000000b0e00000, 0x00000000b0f00000, 0x00000000b0f00000|100%| S|  |TAMS 0x00000000b0e00000, 0x00000000b0e00000| Complete 
| 783|0x00000000b0f00000, 0x00000000b1000000, 0x00000000b1000000|100%| S|  |TAMS 0x00000000b0f00000, 0x00000000b0f00000| Complete 
| 784|0x00000000b1000000, 0x00000000b1100000, 0x00000000b1100000|100%| S|  |TAMS 0x00000000b1000000, 0x00000000b1000000| Complete 
| 785|0x00000000b1100000, 0x00000000b1200000, 0x00000000b1200000|100%| S|  |TAMS 0x00000000b1100000, 0x00000000b1100000| Complete 
| 786|0x00000000b1200000, 0x00000000b1300000, 0x00000000b1300000|100%| O|  |TAMS 0x00000000b1300000, 0x00000000b1200000| Untracked 
| 787|0x00000000b1300000, 0x00000000b1400000, 0x00000000b1400000|100%| O|  |TAMS 0x00000000b1400000, 0x00000000b1300000| Untracked 
| 788|0x00000000b1400000, 0x00000000b1500000, 0x00000000b1500000|100%| O|  |TAMS 0x00000000b1500000, 0x00000000b1400000| Untracked 
| 789|0x00000000b1500000, 0x00000000b1600000, 0x00000000b1600000|100%| O|  |TAMS 0x00000000b1600000, 0x00000000b1500000| Untracked 
| 790|0x00000000b1600000, 0x00000000b1700000, 0x00000000b1700000|100%| O|  |TAMS 0x00000000b1700000, 0x00000000b1600000| Untracked 
| 791|0x00000000b1700000, 0x00000000b1800000, 0x00000000b1800000|100%| O|  |TAMS 0x00000000b1800000, 0x00000000b1700000| Untracked 
| 792|0x00000000b1800000, 0x00000000b1900000, 0x00000000b1900000|100%| O|  |TAMS 0x00000000b1900000, 0x00000000b1800000| Untracked 
| 793|0x00000000b1900000, 0x00000000b1a00000, 0x00000000b1a00000|100%| O|  |TAMS 0x00000000b1a00000, 0x00000000b1900000| Untracked 
| 794|0x00000000b1a00000, 0x00000000b1b00000, 0x00000000b1b00000|100%| O|  |TAMS 0x00000000b1b00000, 0x00000000b1a00000| Untracked 
| 795|0x00000000b1b00000, 0x00000000b1c00000, 0x00000000b1c00000|100%| O|  |TAMS 0x00000000b1c00000, 0x00000000b1b00000| Untracked 
| 796|0x00000000b1c00000, 0x00000000b1d00000, 0x00000000b1d00000|100%| O|  |TAMS 0x00000000b1d00000, 0x00000000b1c00000| Untracked 
| 797|0x00000000b1d00000, 0x00000000b1e00000, 0x00000000b1e00000|100%| O|  |TAMS 0x00000000b1e00000, 0x00000000b1d00000| Untracked 
| 798|0x00000000b1e00000, 0x00000000b1f00000, 0x00000000b1f00000|100%| O|  |TAMS 0x00000000b1f00000, 0x00000000b1e00000| Untracked 
| 799|0x00000000b1f00000, 0x00000000b2000000, 0x00000000b2000000|100%| O|  |TAMS 0x00000000b2000000, 0x00000000b1f00000| Untracked 
| 800|0x00000000b2000000, 0x00000000b2100000, 0x00000000b2100000|100%| S|  |TAMS 0x00000000b2000000, 0x00000000b2000000| Complete 
| 801|0x00000000b2100000, 0x00000000b2200000, 0x00000000b2200000|100%| O|  |TAMS 0x00000000b2200000, 0x00000000b2100000| Untracked 
| 802|0x00000000b2200000, 0x00000000b2300000, 0x00000000b2300000|100%| O|  |TAMS 0x00000000b2300000, 0x00000000b2200000| Untracked 
| 803|0x00000000b2300000, 0x00000000b2400000, 0x00000000b2400000|100%| O|  |TAMS 0x00000000b2400000, 0x00000000b2300000| Untracked 
| 804|0x00000000b2400000, 0x00000000b2500000, 0x00000000b2500000|100%| O|  |TAMS 0x00000000b2500000, 0x00000000b2400000| Untracked 
| 805|0x00000000b2500000, 0x00000000b2600000, 0x00000000b2600000|100%| O|  |TAMS 0x00000000b2600000, 0x00000000b2500000| Untracked 
| 806|0x00000000b2600000, 0x00000000b2700000, 0x00000000b2700000|100%| O|  |TAMS 0x00000000b2700000, 0x00000000b2600000| Untracked 
| 807|0x00000000b2700000, 0x00000000b2800000, 0x00000000b2800000|100%| O|  |TAMS 0x00000000b2800000, 0x00000000b2700000| Untracked 
| 808|0x00000000b2800000, 0x00000000b2900000, 0x00000000b2900000|100%| O|  |TAMS 0x00000000b2900000, 0x00000000b2800000| Untracked 
| 809|0x00000000b2900000, 0x00000000b2a00000, 0x00000000b2a00000|100%| O|  |TAMS 0x00000000b2a00000, 0x00000000b2900000| Untracked 
| 810|0x00000000b2a00000, 0x00000000b2b00000, 0x00000000b2b00000|100%| O|  |TAMS 0x00000000b2b00000, 0x00000000b2a00000| Untracked 
| 811|0x00000000b2b00000, 0x00000000b2c00000, 0x00000000b2c00000|100%| O|  |TAMS 0x00000000b2c00000, 0x00000000b2b00000| Untracked 
| 812|0x00000000b2c00000, 0x00000000b2d00000, 0x00000000b2d00000|100%| S|  |TAMS 0x00000000b2c00000, 0x00000000b2c00000| Complete 
| 813|0x00000000b2d00000, 0x00000000b2e00000, 0x00000000b2e00000|100%| S|  |TAMS 0x00000000b2d00000, 0x00000000b2d00000| Complete 
| 814|0x00000000b2e00000, 0x00000000b2f00000, 0x00000000b2f00000|100%|HS|  |TAMS 0x00000000b2e00000, 0x00000000b2e00000| Complete 
| 815|0x00000000b2f00000, 0x00000000b3000000, 0x00000000b3000000|100%|HC|  |TAMS 0x00000000b2f00000, 0x00000000b2f00000| Complete 
| 816|0x00000000b3000000, 0x00000000b3100000, 0x00000000b3100000|100%| S|  |TAMS 0x00000000b3000000, 0x00000000b3000000| Complete 
| 817|0x00000000b3100000, 0x00000000b3200000, 0x00000000b3200000|100%| S|  |TAMS 0x00000000b3100000, 0x00000000b3100000| Complete 
| 818|0x00000000b3200000, 0x00000000b3300000, 0x00000000b3300000|100%| S|  |TAMS 0x00000000b3200000, 0x00000000b3200000| Complete 
| 819|0x00000000b3300000, 0x00000000b3400000, 0x00000000b3400000|100%| S|  |TAMS 0x00000000b3300000, 0x00000000b3300000| Complete 
| 820|0x00000000b3400000, 0x00000000b3500000, 0x00000000b3500000|100%| S|  |TAMS 0x00000000b3400000, 0x00000000b3400000| Complete 
| 821|0x00000000b3500000, 0x00000000b3600000, 0x00000000b3600000|100%| S|  |TAMS 0x00000000b3500000, 0x00000000b3500000| Complete 
| 822|0x00000000b3600000, 0x00000000b3700000, 0x00000000b3700000|100%|HS|  |TAMS 0x00000000b3700000, 0x00000000b3600000| Complete 
| 823|0x00000000b3700000, 0x00000000b3800000, 0x00000000b3800000|100%| S|  |TAMS 0x00000000b3700000, 0x00000000b3700000| Complete 
| 824|0x00000000b3800000, 0x00000000b3900000, 0x00000000b3900000|100%| S|  |TAMS 0x00000000b3800000, 0x00000000b3800000| Complete 
| 825|0x00000000b3900000, 0x00000000b3a00000, 0x00000000b3a00000|100%| S|  |TAMS 0x00000000b3900000, 0x00000000b3900000| Complete 
| 826|0x00000000b3a00000, 0x00000000b3b00000, 0x00000000b3b00000|100%| O|  |TAMS 0x00000000b3b00000, 0x00000000b3a00000| Untracked 
| 827|0x00000000b3b00000, 0x00000000b3c00000, 0x00000000b3c00000|100%| S|  |TAMS 0x00000000b3b00000, 0x00000000b3b00000| Complete 
| 828|0x00000000b3c00000, 0x00000000b3d00000, 0x00000000b3d00000|100%| S|  |TAMS 0x00000000b3c00000, 0x00000000b3c00000| Complete 
| 829|0x00000000b3d00000, 0x00000000b3e00000, 0x00000000b3e00000|100%| S|  |TAMS 0x00000000b3d00000, 0x00000000b3d00000| Complete 
| 830|0x00000000b3e00000, 0x00000000b3f00000, 0x00000000b3f00000|100%| S|  |TAMS 0x00000000b3e00000, 0x00000000b3e00000| Complete 
| 831|0x00000000b3f00000, 0x00000000b4000000, 0x00000000b4000000|100%| S|  |TAMS 0x00000000b3f00000, 0x00000000b3f00000| Complete 
| 832|0x00000000b4000000, 0x00000000b4100000, 0x00000000b4100000|100%| S|  |TAMS 0x00000000b4000000, 0x00000000b4000000| Complete 
| 833|0x00000000b4100000, 0x00000000b4200000, 0x00000000b4200000|100%| S|  |TAMS 0x00000000b4100000, 0x00000000b4100000| Complete 
| 834|0x00000000b4200000, 0x00000000b4300000, 0x00000000b4300000|100%| S|  |TAMS 0x00000000b4200000, 0x00000000b4200000| Complete 
| 835|0x00000000b4300000, 0x00000000b4400000, 0x00000000b4400000|100%| S|  |TAMS 0x00000000b4300000, 0x00000000b4300000| Complete 
| 836|0x00000000b4400000, 0x00000000b4500000, 0x00000000b4500000|100%|HS|  |TAMS 0x00000000b4500000, 0x00000000b4400000| Complete 
| 837|0x00000000b4500000, 0x00000000b4600000, 0x00000000b4600000|100%|HS|  |TAMS 0x00000000b4600000, 0x00000000b4500000| Complete 
| 838|0x00000000b4600000, 0x00000000b4700000, 0x00000000b4700000|100%|HS|  |TAMS 0x00000000b4700000, 0x00000000b4600000| Complete 
| 839|0x00000000b4700000, 0x00000000b4800000, 0x00000000b4800000|100%|HC|  |TAMS 0x00000000b4800000, 0x00000000b4700000| Complete 
| 840|0x00000000b4800000, 0x00000000b4900000, 0x00000000b4900000|100%| S|  |TAMS 0x00000000b4800000, 0x00000000b4800000| Complete 
| 841|0x00000000b4900000, 0x00000000b4a00000, 0x00000000b4a00000|100%| S|  |TAMS 0x00000000b4900000, 0x00000000b4900000| Complete 
| 842|0x00000000b4a00000, 0x00000000b4b00000, 0x00000000b4b00000|100%| S|  |TAMS 0x00000000b4a00000, 0x00000000b4a00000| Complete 
| 843|0x00000000b4b00000, 0x00000000b4c00000, 0x00000000b4c00000|100%| O|  |TAMS 0x00000000b4c00000, 0x00000000b4b00000| Untracked 
| 844|0x00000000b4c00000, 0x00000000b4d00000, 0x00000000b4d00000|100%| O|  |TAMS 0x00000000b4d00000, 0x00000000b4c00000| Untracked 
| 845|0x00000000b4d00000, 0x00000000b4e00000, 0x00000000b4e00000|100%| S|  |TAMS 0x00000000b4d00000, 0x00000000b4d00000| Complete 
| 846|0x00000000b4e00000, 0x00000000b4f00000, 0x00000000b4f00000|100%| S|  |TAMS 0x00000000b4e00000, 0x00000000b4e00000| Complete 
| 847|0x00000000b4f00000, 0x00000000b5000000, 0x00000000b5000000|100%| S|  |TAMS 0x00000000b4f00000, 0x00000000b4f00000| Complete 
| 848|0x00000000b5000000, 0x00000000b5100000, 0x00000000b5100000|100%| S|  |TAMS 0x00000000b5000000, 0x00000000b5000000| Complete 
| 849|0x00000000b5100000, 0x00000000b5200000, 0x00000000b5200000|100%| S|  |TAMS 0x00000000b5100000, 0x00000000b5100000| Complete 
| 850|0x00000000b5200000, 0x00000000b5300000, 0x00000000b5300000|100%| S|  |TAMS 0x00000000b5200000, 0x00000000b5200000| Complete 
| 851|0x00000000b5300000, 0x00000000b5400000, 0x00000000b5400000|100%| S|  |TAMS 0x00000000b5300000, 0x00000000b5300000| Complete 
| 852|0x00000000b5400000, 0x00000000b5500000, 0x00000000b5500000|100%| S|  |TAMS 0x00000000b5400000, 0x00000000b5400000| Complete 
| 853|0x00000000b5500000, 0x00000000b5600000, 0x00000000b5600000|100%| S|  |TAMS 0x00000000b5500000, 0x00000000b5500000| Complete 
| 854|0x00000000b5600000, 0x00000000b5700000, 0x00000000b5700000|100%| S|  |TAMS 0x00000000b5600000, 0x00000000b5600000| Complete 
| 855|0x00000000b5700000, 0x00000000b5800000, 0x00000000b5800000|100%| S|  |TAMS 0x00000000b5700000, 0x00000000b5700000| Complete 
| 856|0x00000000b5800000, 0x00000000b5900000, 0x00000000b5900000|100%| S|  |TAMS 0x00000000b5800000, 0x00000000b5800000| Complete 
| 857|0x00000000b5900000, 0x00000000b5a00000, 0x00000000b5a00000|100%| S|  |TAMS 0x00000000b5900000, 0x00000000b5900000| Complete 
| 858|0x00000000b5a00000, 0x00000000b5b00000, 0x00000000b5b00000|100%| S|  |TAMS 0x00000000b5a00000, 0x00000000b5a00000| Complete 
| 859|0x00000000b5b00000, 0x00000000b5c00000, 0x00000000b5c00000|100%| S|  |TAMS 0x00000000b5b00000, 0x00000000b5b00000| Complete 
| 860|0x00000000b5c00000, 0x00000000b5d00000, 0x00000000b5d00000|100%| S|  |TAMS 0x00000000b5c00000, 0x00000000b5c00000| Complete 
| 861|0x00000000b5d00000, 0x00000000b5e00000, 0x00000000b5e00000|100%| S|  |TAMS 0x00000000b5d00000, 0x00000000b5d00000| Complete 
| 862|0x00000000b5e00000, 0x00000000b5f00000, 0x00000000b5f00000|100%| S|  |TAMS 0x00000000b5e00000, 0x00000000b5e00000| Complete 
| 863|0x00000000b5f00000, 0x00000000b6000000, 0x00000000b6000000|100%| S|  |TAMS 0x00000000b5f00000, 0x00000000b5f00000| Complete 
| 864|0x00000000b6000000, 0x00000000b6100000, 0x00000000b6100000|100%| S|  |TAMS 0x00000000b6000000, 0x00000000b6000000| Complete 
| 865|0x00000000b6100000, 0x00000000b6200000, 0x00000000b6200000|100%| S|  |TAMS 0x00000000b6100000, 0x00000000b6100000| Complete 
| 866|0x00000000b6200000, 0x00000000b6300000, 0x00000000b6300000|100%| E|CS|TAMS 0x00000000b6200000, 0x00000000b6200000| Complete 
| 867|0x00000000b6300000, 0x00000000b6400000, 0x00000000b6400000|100%| E|CS|TAMS 0x00000000b6300000, 0x00000000b6300000| Complete 
| 868|0x00000000b6400000, 0x00000000b6500000, 0x00000000b6500000|100%| E|CS|TAMS 0x00000000b6400000, 0x00000000b6400000| Complete 
| 869|0x00000000b6500000, 0x00000000b6600000, 0x00000000b6600000|100%| E|CS|TAMS 0x00000000b6500000, 0x00000000b6500000| Complete 
| 870|0x00000000b6600000, 0x00000000b6700000, 0x00000000b6700000|100%| E|CS|TAMS 0x00000000b6600000, 0x00000000b6600000| Complete 
| 871|0x00000000b6700000, 0x00000000b6800000, 0x00000000b6800000|100%| E|CS|TAMS 0x00000000b6700000, 0x00000000b6700000| Complete 
| 872|0x00000000b6800000, 0x00000000b6900000, 0x00000000b6900000|100%| E|CS|TAMS 0x00000000b6800000, 0x00000000b6800000| Complete 
| 873|0x00000000b6900000, 0x00000000b6a00000, 0x00000000b6a00000|100%| E|CS|TAMS 0x00000000b6900000, 0x00000000b6900000| Complete 
| 874|0x00000000b6a00000, 0x00000000b6b00000, 0x00000000b6b00000|100%| E|CS|TAMS 0x00000000b6a00000, 0x00000000b6a00000| Complete 
| 875|0x00000000b6b00000, 0x00000000b6c00000, 0x00000000b6c00000|100%| E|CS|TAMS 0x00000000b6b00000, 0x00000000b6b00000| Complete 
| 876|0x00000000b6c00000, 0x00000000b6d00000, 0x00000000b6d00000|100%| E|CS|TAMS 0x00000000b6c00000, 0x00000000b6c00000| Complete 
| 877|0x00000000b6d00000, 0x00000000b6e00000, 0x00000000b6e00000|100%| E|CS|TAMS 0x00000000b6d00000, 0x00000000b6d00000| Complete 
| 878|0x00000000b6e00000, 0x00000000b6f00000, 0x00000000b6f00000|100%| E|CS|TAMS 0x00000000b6e00000, 0x00000000b6e00000| Complete 
| 879|0x00000000b6f00000, 0x00000000b7000000, 0x00000000b7000000|100%| E|CS|TAMS 0x00000000b6f00000, 0x00000000b6f00000| Complete 
| 880|0x00000000b7000000, 0x00000000b7100000, 0x00000000b7100000|100%| E|CS|TAMS 0x00000000b7000000, 0x00000000b7000000| Complete 
| 881|0x00000000b7100000, 0x00000000b7200000, 0x00000000b7200000|100%| E|CS|TAMS 0x00000000b7100000, 0x00000000b7100000| Complete 
| 882|0x00000000b7200000, 0x00000000b7300000, 0x00000000b7300000|100%| E|CS|TAMS 0x00000000b7200000, 0x00000000b7200000| Complete 
| 883|0x00000000b7300000, 0x00000000b7400000, 0x00000000b7400000|100%| E|CS|TAMS 0x00000000b7300000, 0x00000000b7300000| Complete 
| 884|0x00000000b7400000, 0x00000000b7500000, 0x00000000b7500000|100%| E|CS|TAMS 0x00000000b7400000, 0x00000000b7400000| Complete 
| 885|0x00000000b7500000, 0x00000000b7600000, 0x00000000b7600000|100%| E|CS|TAMS 0x00000000b7500000, 0x00000000b7500000| Complete 
| 886|0x00000000b7600000, 0x00000000b7700000, 0x00000000b7700000|100%| E|CS|TAMS 0x00000000b7600000, 0x00000000b7600000| Complete 
| 887|0x00000000b7700000, 0x00000000b7800000, 0x00000000b7800000|100%| E|CS|TAMS 0x00000000b7700000, 0x00000000b7700000| Complete 
| 888|0x00000000b7800000, 0x00000000b7900000, 0x00000000b7900000|100%| E|CS|TAMS 0x00000000b7800000, 0x00000000b7800000| Complete 
| 889|0x00000000b7900000, 0x00000000b7a00000, 0x00000000b7a00000|100%| E|CS|TAMS 0x00000000b7900000, 0x00000000b7900000| Complete 
| 890|0x00000000b7a00000, 0x00000000b7b00000, 0x00000000b7b00000|100%| O|  |TAMS 0x00000000b7b00000, 0x00000000b7a00000| Untracked 
| 891|0x00000000b7b00000, 0x00000000b7c00000, 0x00000000b7c00000|100%| O|  |TAMS 0x00000000b7c00000, 0x00000000b7b00000| Untracked 
| 892|0x00000000b7c00000, 0x00000000b7d00000, 0x00000000b7d00000|100%| E|CS|TAMS 0x00000000b7c00000, 0x00000000b7c00000| Complete 
| 893|0x00000000b7d00000, 0x00000000b7e00000, 0x00000000b7e00000|100%| O|  |TAMS 0x00000000b7e00000, 0x00000000b7d00000| Untracked 
| 894|0x00000000b7e00000, 0x00000000b7f00000, 0x00000000b7f00000|100%| O|  |TAMS 0x00000000b7f00000, 0x00000000b7e00000| Untracked 
| 895|0x00000000b7f00000, 0x00000000b8000000, 0x00000000b8000000|100%| O|  |TAMS 0x00000000b8000000, 0x00000000b7f00000| Untracked 
| 896|0x00000000b8000000, 0x00000000b8100000, 0x00000000b8100000|100%| O|  |TAMS 0x00000000b8100000, 0x00000000b8000000| Untracked 
| 897|0x00000000b8100000, 0x00000000b8200000, 0x00000000b8200000|100%| E|CS|TAMS 0x00000000b8100000, 0x00000000b8100000| Complete 
| 898|0x00000000b8200000, 0x00000000b8300000, 0x00000000b8300000|100%| O|  |TAMS 0x00000000b8300000, 0x00000000b8200000| Untracked 
| 899|0x00000000b8300000, 0x00000000b8400000, 0x00000000b8400000|100%| O|  |TAMS 0x00000000b8400000, 0x00000000b8300000| Untracked 
| 900|0x00000000b8400000, 0x00000000b8500000, 0x00000000b8500000|100%| O|  |TAMS 0x00000000b8500000, 0x00000000b8400000| Untracked 
| 901|0x00000000b8500000, 0x00000000b8600000, 0x00000000b8600000|100%| O|  |TAMS 0x00000000b8600000, 0x00000000b8500000| Untracked 
| 902|0x00000000b8600000, 0x00000000b8700000, 0x00000000b8700000|100%| O|  |TAMS 0x00000000b8700000, 0x00000000b8600000| Untracked 
| 903|0x00000000b8700000, 0x00000000b8800000, 0x00000000b8800000|100%| O|  |TAMS 0x00000000b8800000, 0x00000000b8700000| Untracked 
| 904|0x00000000b8800000, 0x00000000b8900000, 0x00000000b8900000|100%| O|  |TAMS 0x00000000b8900000, 0x00000000b8800000| Untracked 
| 905|0x00000000b8900000, 0x00000000b8a00000, 0x00000000b8a00000|100%| O|  |TAMS 0x00000000b8a00000, 0x00000000b8900000| Untracked 
| 906|0x00000000b8a00000, 0x00000000b8b00000, 0x00000000b8b00000|100%| O|  |TAMS 0x00000000b8b00000, 0x00000000b8a00000| Untracked 
| 907|0x00000000b8b00000, 0x00000000b8c00000, 0x00000000b8c00000|100%| O|  |TAMS 0x00000000b8c00000, 0x00000000b8b00000| Untracked 
| 908|0x00000000b8c00000, 0x00000000b8d00000, 0x00000000b8d00000|100%| O|  |TAMS 0x00000000b8d00000, 0x00000000b8c00000| Untracked 
| 909|0x00000000b8d00000, 0x00000000b8e00000, 0x00000000b8e00000|100%| O|  |TAMS 0x00000000b8e00000, 0x00000000b8d00000| Untracked 
| 910|0x00000000b8e00000, 0x00000000b8f00000, 0x00000000b8f00000|100%| O|  |TAMS 0x00000000b8f00000, 0x00000000b8e00000| Untracked 
| 911|0x00000000b8f00000, 0x00000000b9000000, 0x00000000b9000000|100%| O|  |TAMS 0x00000000b9000000, 0x00000000b8f00000| Untracked 
| 912|0x00000000b9000000, 0x00000000b9100000, 0x00000000b9100000|100%| O|  |TAMS 0x00000000b9100000, 0x00000000b9000000| Untracked 
| 913|0x00000000b9100000, 0x00000000b9200000, 0x00000000b9200000|100%| O|  |TAMS 0x00000000b9200000, 0x00000000b9100000| Untracked 
| 914|0x00000000b9200000, 0x00000000b9300000, 0x00000000b9300000|100%| O|  |TAMS 0x00000000b9300000, 0x00000000b9200000| Untracked 
| 915|0x00000000b9300000, 0x00000000b9400000, 0x00000000b9400000|100%| O|  |TAMS 0x00000000b9400000, 0x00000000b9300000| Untracked 
| 916|0x00000000b9400000, 0x00000000b9500000, 0x00000000b9500000|100%| O|  |TAMS 0x00000000b9500000, 0x00000000b9400000| Untracked 
| 917|0x00000000b9500000, 0x00000000b9600000, 0x00000000b9600000|100%| O|  |TAMS 0x00000000b9600000, 0x00000000b9500000| Untracked 
| 918|0x00000000b9600000, 0x00000000b9700000, 0x00000000b9700000|100%| E|CS|TAMS 0x00000000b9600000, 0x00000000b9600000| Complete 
| 919|0x00000000b9700000, 0x00000000b9800000, 0x00000000b9800000|100%| E|CS|TAMS 0x00000000b9700000, 0x00000000b9700000| Complete 
| 920|0x00000000b9800000, 0x00000000b9900000, 0x00000000b9900000|100%| E|CS|TAMS 0x00000000b9800000, 0x00000000b9800000| Complete 
| 921|0x00000000b9900000, 0x00000000b9a00000, 0x00000000b9a00000|100%| E|CS|TAMS 0x00000000b9900000, 0x00000000b9900000| Complete 
| 922|0x00000000b9a00000, 0x00000000b9b00000, 0x00000000b9b00000|100%| E|CS|TAMS 0x00000000b9a00000, 0x00000000b9a00000| Complete 
| 923|0x00000000b9b00000, 0x00000000b9c00000, 0x00000000b9c00000|100%| E|CS|TAMS 0x00000000b9b00000, 0x00000000b9b00000| Complete 
| 924|0x00000000b9c00000, 0x00000000b9d00000, 0x00000000b9d00000|100%| E|CS|TAMS 0x00000000b9c00000, 0x00000000b9c00000| Complete 
| 925|0x00000000b9d00000, 0x00000000b9e00000, 0x00000000b9e00000|100%| E|CS|TAMS 0x00000000b9d00000, 0x00000000b9d00000| Complete 
| 926|0x00000000b9e00000, 0x00000000b9f00000, 0x00000000b9f00000|100%| E|CS|TAMS 0x00000000b9e00000, 0x00000000b9e00000| Complete 
| 927|0x00000000b9f00000, 0x00000000ba000000, 0x00000000ba000000|100%| E|CS|TAMS 0x00000000b9f00000, 0x00000000b9f00000| Complete 
| 928|0x00000000ba000000, 0x00000000ba100000, 0x00000000ba100000|100%| E|CS|TAMS 0x00000000ba000000, 0x00000000ba000000| Complete 
| 929|0x00000000ba100000, 0x00000000ba200000, 0x00000000ba200000|100%| E|CS|TAMS 0x00000000ba100000, 0x00000000ba100000| Complete 
| 930|0x00000000ba200000, 0x00000000ba300000, 0x00000000ba300000|100%| E|CS|TAMS 0x00000000ba200000, 0x00000000ba200000| Complete 
| 931|0x00000000ba300000, 0x00000000ba400000, 0x00000000ba400000|100%| E|CS|TAMS 0x00000000ba300000, 0x00000000ba300000| Complete 
| 932|0x00000000ba400000, 0x00000000ba500000, 0x00000000ba500000|100%| E|CS|TAMS 0x00000000ba400000, 0x00000000ba400000| Complete 
| 933|0x00000000ba500000, 0x00000000ba600000, 0x00000000ba600000|100%| E|CS|TAMS 0x00000000ba500000, 0x00000000ba500000| Complete 
| 934|0x00000000ba600000, 0x00000000ba700000, 0x00000000ba700000|100%| E|CS|TAMS 0x00000000ba600000, 0x00000000ba600000| Complete 
| 935|0x00000000ba700000, 0x00000000ba800000, 0x00000000ba800000|100%| E|CS|TAMS 0x00000000ba700000, 0x00000000ba700000| Complete 
| 936|0x00000000ba800000, 0x00000000ba900000, 0x00000000ba900000|100%| E|CS|TAMS 0x00000000ba800000, 0x00000000ba800000| Complete 
| 937|0x00000000ba900000, 0x00000000baa00000, 0x00000000baa00000|100%| E|CS|TAMS 0x00000000ba900000, 0x00000000ba900000| Complete 
| 938|0x00000000baa00000, 0x00000000bab00000, 0x00000000bab00000|100%| E|CS|TAMS 0x00000000baa00000, 0x00000000baa00000| Complete 
| 939|0x00000000bab00000, 0x00000000bac00000, 0x00000000bac00000|100%| E|CS|TAMS 0x00000000bab00000, 0x00000000bab00000| Complete 
| 940|0x00000000bac00000, 0x00000000bad00000, 0x00000000bad00000|100%| E|CS|TAMS 0x00000000bac00000, 0x00000000bac00000| Complete 
| 941|0x00000000bad00000, 0x00000000bae00000, 0x00000000bae00000|100%| E|CS|TAMS 0x00000000bad00000, 0x00000000bad00000| Complete 
| 942|0x00000000bae00000, 0x00000000baf00000, 0x00000000baf00000|100%| E|CS|TAMS 0x00000000bae00000, 0x00000000bae00000| Complete 
| 943|0x00000000baf00000, 0x00000000bb000000, 0x00000000bb000000|100%| E|CS|TAMS 0x00000000baf00000, 0x00000000baf00000| Complete 
| 944|0x00000000bb000000, 0x00000000bb100000, 0x00000000bb100000|100%| E|CS|TAMS 0x00000000bb000000, 0x00000000bb000000| Complete 
| 945|0x00000000bb100000, 0x00000000bb200000, 0x00000000bb200000|100%| E|CS|TAMS 0x00000000bb100000, 0x00000000bb100000| Complete 
| 946|0x00000000bb200000, 0x00000000bb300000, 0x00000000bb300000|100%| E|CS|TAMS 0x00000000bb200000, 0x00000000bb200000| Complete 
| 947|0x00000000bb300000, 0x00000000bb400000, 0x00000000bb400000|100%| E|CS|TAMS 0x00000000bb300000, 0x00000000bb300000| Complete 
| 948|0x00000000bb400000, 0x00000000bb500000, 0x00000000bb500000|100%| E|CS|TAMS 0x00000000bb400000, 0x00000000bb400000| Complete 
| 949|0x00000000bb500000, 0x00000000bb600000, 0x00000000bb600000|100%| E|CS|TAMS 0x00000000bb500000, 0x00000000bb500000| Complete 
| 950|0x00000000bb600000, 0x00000000bb700000, 0x00000000bb700000|100%| E|CS|TAMS 0x00000000bb600000, 0x00000000bb600000| Complete 
| 951|0x00000000bb700000, 0x00000000bb800000, 0x00000000bb800000|100%| E|CS|TAMS 0x00000000bb700000, 0x00000000bb700000| Complete 
| 952|0x00000000bb800000, 0x00000000bb900000, 0x00000000bb900000|100%| E|CS|TAMS 0x00000000bb800000, 0x00000000bb800000| Complete 
| 953|0x00000000bb900000, 0x00000000bba00000, 0x00000000bba00000|100%| E|CS|TAMS 0x00000000bb900000, 0x00000000bb900000| Complete 
| 954|0x00000000bba00000, 0x00000000bbb00000, 0x00000000bbb00000|100%| E|CS|TAMS 0x00000000bba00000, 0x00000000bba00000| Complete 
| 955|0x00000000bbb00000, 0x00000000bbc00000, 0x00000000bbc00000|100%| E|CS|TAMS 0x00000000bbb00000, 0x00000000bbb00000| Complete 
| 956|0x00000000bbc00000, 0x00000000bbd00000, 0x00000000bbd00000|100%| E|CS|TAMS 0x00000000bbc00000, 0x00000000bbc00000| Complete 
| 957|0x00000000bbd00000, 0x00000000bbe00000, 0x00000000bbe00000|100%| E|CS|TAMS 0x00000000bbd00000, 0x00000000bbd00000| Complete 
| 958|0x00000000bbe00000, 0x00000000bbf00000, 0x00000000bbf00000|100%| E|CS|TAMS 0x00000000bbe00000, 0x00000000bbe00000| Complete 
| 959|0x00000000bbf00000, 0x00000000bc000000, 0x00000000bc000000|100%| E|CS|TAMS 0x00000000bbf00000, 0x00000000bbf00000| Complete 
| 960|0x00000000bc000000, 0x00000000bc100000, 0x00000000bc100000|100%| E|CS|TAMS 0x00000000bc000000, 0x00000000bc000000| Complete 
| 961|0x00000000bc100000, 0x00000000bc200000, 0x00000000bc200000|100%| E|CS|TAMS 0x00000000bc100000, 0x00000000bc100000| Complete 
| 962|0x00000000bc200000, 0x00000000bc300000, 0x00000000bc300000|100%| E|CS|TAMS 0x00000000bc200000, 0x00000000bc200000| Complete 
| 963|0x00000000bc300000, 0x00000000bc400000, 0x00000000bc400000|100%| E|CS|TAMS 0x00000000bc300000, 0x00000000bc300000| Complete 
| 964|0x00000000bc400000, 0x00000000bc500000, 0x00000000bc500000|100%| E|CS|TAMS 0x00000000bc400000, 0x00000000bc400000| Complete 
| 965|0x00000000bc500000, 0x00000000bc600000, 0x00000000bc600000|100%| E|CS|TAMS 0x00000000bc500000, 0x00000000bc500000| Complete 
| 966|0x00000000bc600000, 0x00000000bc700000, 0x00000000bc700000|100%| E|CS|TAMS 0x00000000bc600000, 0x00000000bc600000| Complete 
| 967|0x00000000bc700000, 0x00000000bc800000, 0x00000000bc800000|100%| E|CS|TAMS 0x00000000bc700000, 0x00000000bc700000| Complete 
| 968|0x00000000bc800000, 0x00000000bc900000, 0x00000000bc900000|100%| E|CS|TAMS 0x00000000bc800000, 0x00000000bc800000| Complete 
| 969|0x00000000bc900000, 0x00000000bca00000, 0x00000000bca00000|100%| E|CS|TAMS 0x00000000bc900000, 0x00000000bc900000| Complete 
| 970|0x00000000bca00000, 0x00000000bcb00000, 0x00000000bcb00000|100%| O|  |TAMS 0x00000000bcb00000, 0x00000000bca00000| Untracked 
| 971|0x00000000bcb00000, 0x00000000bcc00000, 0x00000000bcc00000|100%| O|  |TAMS 0x00000000bcc00000, 0x00000000bcb00000| Untracked 
| 972|0x00000000bcc00000, 0x00000000bcd00000, 0x00000000bcd00000|100%| O|  |TAMS 0x00000000bcd00000, 0x00000000bcc00000| Untracked 
| 973|0x00000000bcd00000, 0x00000000bce00000, 0x00000000bce00000|100%| O|  |TAMS 0x00000000bce00000, 0x00000000bcd00000| Untracked 
| 974|0x00000000bce00000, 0x00000000bcf00000, 0x00000000bcf00000|100%| E|CS|TAMS 0x00000000bce00000, 0x00000000bce00000| Complete 
| 975|0x00000000bcf00000, 0x00000000bd000000, 0x00000000bd000000|100%| O|  |TAMS 0x00000000bd000000, 0x00000000bcf00000| Untracked 
| 976|0x00000000bd000000, 0x00000000bd100000, 0x00000000bd100000|100%| E|CS|TAMS 0x00000000bd000000, 0x00000000bd000000| Complete 
| 977|0x00000000bd100000, 0x00000000bd200000, 0x00000000bd200000|100%| O|  |TAMS 0x00000000bd200000, 0x00000000bd100000| Untracked 
| 978|0x00000000bd200000, 0x00000000bd300000, 0x00000000bd300000|100%| E|CS|TAMS 0x00000000bd200000, 0x00000000bd200000| Complete 
| 979|0x00000000bd300000, 0x00000000bd400000, 0x00000000bd400000|100%| E|CS|TAMS 0x00000000bd300000, 0x00000000bd300000| Complete 
| 980|0x00000000bd400000, 0x00000000bd500000, 0x00000000bd500000|100%| O|  |TAMS 0x00000000bd470200, 0x00000000bd400000| Untracked 
| 981|0x00000000bd500000, 0x00000000bd600000, 0x00000000bd600000|100%| E|CS|TAMS 0x00000000bd500000, 0x00000000bd500000| Complete 
| 982|0x00000000bd600000, 0x00000000bd700000, 0x00000000bd700000|100%| E|CS|TAMS 0x00000000bd600000, 0x00000000bd600000| Complete 
| 983|0x00000000bd700000, 0x00000000bd800000, 0x00000000bd800000|100%| E|CS|TAMS 0x00000000bd700000, 0x00000000bd700000| Complete 
| 984|0x00000000bd800000, 0x00000000bd900000, 0x00000000bd900000|100%| E|CS|TAMS 0x00000000bd800000, 0x00000000bd800000| Complete 
| 985|0x00000000bd900000, 0x00000000bda00000, 0x00000000bda00000|100%| E|CS|TAMS 0x00000000bd900000, 0x00000000bd900000| Complete 
| 986|0x00000000bda00000, 0x00000000bdb00000, 0x00000000bdb00000|100%| E|CS|TAMS 0x00000000bda00000, 0x00000000bda00000| Complete 
| 987|0x00000000bdb00000, 0x00000000bdc00000, 0x00000000bdc00000|100%| E|CS|TAMS 0x00000000bdb00000, 0x00000000bdb00000| Complete 
| 988|0x00000000bdc00000, 0x00000000bdd00000, 0x00000000bdd00000|100%| E|CS|TAMS 0x00000000bdc00000, 0x00000000bdc00000| Complete 
| 989|0x00000000bdd00000, 0x00000000bde00000, 0x00000000bde00000|100%| E|CS|TAMS 0x00000000bdd00000, 0x00000000bdd00000| Complete 
| 990|0x00000000bde00000, 0x00000000bdf00000, 0x00000000bdf00000|100%| E|CS|TAMS 0x00000000bde00000, 0x00000000bde00000| Complete 
| 991|0x00000000bdf00000, 0x00000000be000000, 0x00000000be000000|100%| E|CS|TAMS 0x00000000bdf00000, 0x00000000bdf00000| Complete 
| 992|0x00000000be000000, 0x00000000be100000, 0x00000000be100000|100%| E|CS|TAMS 0x00000000be000000, 0x00000000be000000| Complete 
| 993|0x00000000be100000, 0x00000000be200000, 0x00000000be200000|100%| E|CS|TAMS 0x00000000be100000, 0x00000000be100000| Complete 
| 994|0x00000000be200000, 0x00000000be300000, 0x00000000be300000|100%| E|CS|TAMS 0x00000000be200000, 0x00000000be200000| Complete 
| 995|0x00000000be300000, 0x00000000be400000, 0x00000000be400000|100%| E|CS|TAMS 0x00000000be300000, 0x00000000be300000| Complete 
| 996|0x00000000be400000, 0x00000000be500000, 0x00000000be500000|100%| E|CS|TAMS 0x00000000be400000, 0x00000000be400000| Complete 
| 997|0x00000000be500000, 0x00000000be600000, 0x00000000be600000|100%| E|CS|TAMS 0x00000000be500000, 0x00000000be500000| Complete 
| 998|0x00000000be600000, 0x00000000be700000, 0x00000000be700000|100%| E|CS|TAMS 0x00000000be600000, 0x00000000be600000| Complete 
| 999|0x00000000be700000, 0x00000000be800000, 0x00000000be800000|100%| E|CS|TAMS 0x00000000be700000, 0x00000000be700000| Complete 
|1000|0x00000000be800000, 0x00000000be900000, 0x00000000be900000|100%| E|CS|TAMS 0x00000000be800000, 0x00000000be800000| Complete 
|1001|0x00000000be900000, 0x00000000bea00000, 0x00000000bea00000|100%| E|CS|TAMS 0x00000000be900000, 0x00000000be900000| Complete 
|1002|0x00000000bea00000, 0x00000000beb00000, 0x00000000beb00000|100%| E|CS|TAMS 0x00000000bea00000, 0x00000000bea00000| Complete 
|1003|0x00000000beb00000, 0x00000000bec00000, 0x00000000bec00000|100%| E|CS|TAMS 0x00000000beb00000, 0x00000000beb00000| Complete 
|1004|0x00000000bec00000, 0x00000000bed00000, 0x00000000bed00000|100%| E|CS|TAMS 0x00000000bec00000, 0x00000000bec00000| Complete 
|1005|0x00000000bed00000, 0x00000000bee00000, 0x00000000bee00000|100%| E|CS|TAMS 0x00000000bed00000, 0x00000000bed00000| Complete 
|1006|0x00000000bee00000, 0x00000000bef00000, 0x00000000bef00000|100%| E|CS|TAMS 0x00000000bee00000, 0x00000000bee00000| Complete 
|1007|0x00000000bef00000, 0x00000000bf000000, 0x00000000bf000000|100%| E|CS|TAMS 0x00000000bef00000, 0x00000000bef00000| Complete 
|1008|0x00000000bf000000, 0x00000000bf100000, 0x00000000bf100000|100%| E|CS|TAMS 0x00000000bf000000, 0x00000000bf000000| Complete 
|1009|0x00000000bf100000, 0x00000000bf200000, 0x00000000bf200000|100%| E|CS|TAMS 0x00000000bf100000, 0x00000000bf100000| Complete 
|1010|0x00000000bf200000, 0x00000000bf300000, 0x00000000bf300000|100%| E|CS|TAMS 0x00000000bf200000, 0x00000000bf200000| Complete 
|1011|0x00000000bf300000, 0x00000000bf400000, 0x00000000bf400000|100%| E|CS|TAMS 0x00000000bf300000, 0x00000000bf300000| Complete 
|1012|0x00000000bf400000, 0x00000000bf500000, 0x00000000bf500000|100%| E|CS|TAMS 0x00000000bf400000, 0x00000000bf400000| Complete 
|1013|0x00000000bf500000, 0x00000000bf600000, 0x00000000bf600000|100%| E|CS|TAMS 0x00000000bf500000, 0x00000000bf500000| Complete 
|1014|0x00000000bf600000, 0x00000000bf700000, 0x00000000bf700000|100%| E|CS|TAMS 0x00000000bf600000, 0x00000000bf600000| Complete 
|1015|0x00000000bf700000, 0x00000000bf800000, 0x00000000bf800000|100%| E|CS|TAMS 0x00000000bf700000, 0x00000000bf700000| Complete 
|1016|0x00000000bf800000, 0x00000000bf900000, 0x00000000bf900000|100%| E|CS|TAMS 0x00000000bf800000, 0x00000000bf800000| Complete 
|1017|0x00000000bf900000, 0x00000000bfa00000, 0x00000000bfa00000|100%| E|CS|TAMS 0x00000000bf900000, 0x00000000bf900000| Complete 
|1018|0x00000000bfa00000, 0x00000000bfb00000, 0x00000000bfb00000|100%| E|CS|TAMS 0x00000000bfa00000, 0x00000000bfa00000| Complete 
|1019|0x00000000bfb00000, 0x00000000bfc00000, 0x00000000bfc00000|100%| E|CS|TAMS 0x00000000bfb00000, 0x00000000bfb00000| Complete 
|1020|0x00000000bfc00000, 0x00000000bfd00000, 0x00000000bfd00000|100%| E|CS|TAMS 0x00000000bfc00000, 0x00000000bfc00000| Complete 
|1021|0x00000000bfd00000, 0x00000000bfe00000, 0x00000000bfe00000|100%| E|CS|TAMS 0x00000000bfd00000, 0x00000000bfd00000| Complete 
|1022|0x00000000bfe00000, 0x00000000bff00000, 0x00000000bff00000|100%| E|CS|TAMS 0x00000000bfe00000, 0x00000000bfe00000| Complete 
|1023|0x00000000bff00000, 0x00000000c0000000, 0x00000000c0000000|100%| E|CS|TAMS 0x00000000bff00000, 0x00000000bff00000| Complete 
|1024|0x00000000c0000000, 0x00000000c0100000, 0x00000000c0100000|100%| E|CS|TAMS 0x00000000c0000000, 0x00000000c0000000| Complete 
|1025|0x00000000c0100000, 0x00000000c0200000, 0x00000000c0200000|100%| E|CS|TAMS 0x00000000c0100000, 0x00000000c0100000| Complete 
|1026|0x00000000c0200000, 0x00000000c0300000, 0x00000000c0300000|100%| E|CS|TAMS 0x00000000c0200000, 0x00000000c0200000| Complete 
|1027|0x00000000c0300000, 0x00000000c0400000, 0x00000000c0400000|100%| E|CS|TAMS 0x00000000c0300000, 0x00000000c0300000| Complete 
|1028|0x00000000c0400000, 0x00000000c0500000, 0x00000000c0500000|100%| E|CS|TAMS 0x00000000c0400000, 0x00000000c0400000| Complete 
|1029|0x00000000c0500000, 0x00000000c0600000, 0x00000000c0600000|100%| E|CS|TAMS 0x00000000c0500000, 0x00000000c0500000| Complete 
|1030|0x00000000c0600000, 0x00000000c0700000, 0x00000000c0700000|100%| E|CS|TAMS 0x00000000c0600000, 0x00000000c0600000| Complete 
|1031|0x00000000c0700000, 0x00000000c0800000, 0x00000000c0800000|100%| E|CS|TAMS 0x00000000c0700000, 0x00000000c0700000| Complete 
|1032|0x00000000c0800000, 0x00000000c0900000, 0x00000000c0900000|100%| E|CS|TAMS 0x00000000c0800000, 0x00000000c0800000| Complete 
|1033|0x00000000c0900000, 0x00000000c0a00000, 0x00000000c0a00000|100%| E|CS|TAMS 0x00000000c0900000, 0x00000000c0900000| Complete 
|1034|0x00000000c0a00000, 0x00000000c0b00000, 0x00000000c0b00000|100%| E|CS|TAMS 0x00000000c0a00000, 0x00000000c0a00000| Complete 
|1035|0x00000000c0b00000, 0x00000000c0c00000, 0x00000000c0c00000|100%| E|CS|TAMS 0x00000000c0b00000, 0x00000000c0b00000| Complete 
|1036|0x00000000c0c00000, 0x00000000c0d00000, 0x00000000c0d00000|100%| E|CS|TAMS 0x00000000c0c00000, 0x00000000c0c00000| Complete 
|1037|0x00000000c0d00000, 0x00000000c0e00000, 0x00000000c0e00000|100%| E|CS|TAMS 0x00000000c0d00000, 0x00000000c0d00000| Complete 
|1038|0x00000000c0e00000, 0x00000000c0f00000, 0x00000000c0f00000|100%| E|CS|TAMS 0x00000000c0e00000, 0x00000000c0e00000| Complete 
|1039|0x00000000c0f00000, 0x00000000c1000000, 0x00000000c1000000|100%| E|CS|TAMS 0x00000000c0f00000, 0x00000000c0f00000| Complete 
|1040|0x00000000c1000000, 0x00000000c1100000, 0x00000000c1100000|100%| E|CS|TAMS 0x00000000c1000000, 0x00000000c1000000| Complete 
|1041|0x00000000c1100000, 0x00000000c1200000, 0x00000000c1200000|100%| E|CS|TAMS 0x00000000c1100000, 0x00000000c1100000| Complete 
|1042|0x00000000c1200000, 0x00000000c1300000, 0x00000000c1300000|100%| E|CS|TAMS 0x00000000c1200000, 0x00000000c1200000| Complete 
|1043|0x00000000c1300000, 0x00000000c1400000, 0x00000000c1400000|100%| E|CS|TAMS 0x00000000c1300000, 0x00000000c1300000| Complete 
|1044|0x00000000c1400000, 0x00000000c1500000, 0x00000000c1500000|100%| E|CS|TAMS 0x00000000c1400000, 0x00000000c1400000| Complete 
|1045|0x00000000c1500000, 0x00000000c1600000, 0x00000000c1600000|100%| E|CS|TAMS 0x00000000c1500000, 0x00000000c1500000| Complete 
|1046|0x00000000c1600000, 0x00000000c1700000, 0x00000000c1700000|100%| E|CS|TAMS 0x00000000c1600000, 0x00000000c1600000| Complete 
|1047|0x00000000c1700000, 0x00000000c1800000, 0x00000000c1800000|100%| E|CS|TAMS 0x00000000c1700000, 0x00000000c1700000| Complete 
|1048|0x00000000c1800000, 0x00000000c1900000, 0x00000000c1900000|100%| E|CS|TAMS 0x00000000c1800000, 0x00000000c1800000| Complete 
|1049|0x00000000c1900000, 0x00000000c1a00000, 0x00000000c1a00000|100%| E|CS|TAMS 0x00000000c1900000, 0x00000000c1900000| Complete 
|1050|0x00000000c1a00000, 0x00000000c1b00000, 0x00000000c1b00000|100%| E|CS|TAMS 0x00000000c1a00000, 0x00000000c1a00000| Complete 
|1051|0x00000000c1b00000, 0x00000000c1c00000, 0x00000000c1c00000|100%| E|CS|TAMS 0x00000000c1b00000, 0x00000000c1b00000| Complete 
|1052|0x00000000c1c00000, 0x00000000c1d00000, 0x00000000c1d00000|100%| E|CS|TAMS 0x00000000c1c00000, 0x00000000c1c00000| Complete 
|1053|0x00000000c1d00000, 0x00000000c1e00000, 0x00000000c1e00000|100%| E|CS|TAMS 0x00000000c1d00000, 0x00000000c1d00000| Complete 
|1054|0x00000000c1e00000, 0x00000000c1f00000, 0x00000000c1f00000|100%| E|CS|TAMS 0x00000000c1e00000, 0x00000000c1e00000| Complete 
|1055|0x00000000c1f00000, 0x00000000c2000000, 0x00000000c2000000|100%| E|CS|TAMS 0x00000000c1f00000, 0x00000000c1f00000| Complete 
|1056|0x00000000c2000000, 0x00000000c2100000, 0x00000000c2100000|100%| E|CS|TAMS 0x00000000c2000000, 0x00000000c2000000| Complete 
|1057|0x00000000c2100000, 0x00000000c2200000, 0x00000000c2200000|100%| E|CS|TAMS 0x00000000c2100000, 0x00000000c2100000| Complete 
|1058|0x00000000c2200000, 0x00000000c2300000, 0x00000000c2300000|100%| E|CS|TAMS 0x00000000c2200000, 0x00000000c2200000| Complete 
|1059|0x00000000c2300000, 0x00000000c2400000, 0x00000000c2400000|100%| E|CS|TAMS 0x00000000c2300000, 0x00000000c2300000| Complete 
|1060|0x00000000c2400000, 0x00000000c2500000, 0x00000000c2500000|100%| E|CS|TAMS 0x00000000c2400000, 0x00000000c2400000| Complete 
|1061|0x00000000c2500000, 0x00000000c2600000, 0x00000000c2600000|100%| E|CS|TAMS 0x00000000c2500000, 0x00000000c2500000| Complete 
|1062|0x00000000c2600000, 0x00000000c2700000, 0x00000000c2700000|100%| E|CS|TAMS 0x00000000c2600000, 0x00000000c2600000| Complete 
|1063|0x00000000c2700000, 0x00000000c2800000, 0x00000000c2800000|100%| E|CS|TAMS 0x00000000c2700000, 0x00000000c2700000| Complete 
|1064|0x00000000c2800000, 0x00000000c2900000, 0x00000000c2900000|100%| E|CS|TAMS 0x00000000c2800000, 0x00000000c2800000| Complete 
|1065|0x00000000c2900000, 0x00000000c2a00000, 0x00000000c2a00000|100%| E|CS|TAMS 0x00000000c2900000, 0x00000000c2900000| Complete 
|1066|0x00000000c2a00000, 0x00000000c2b00000, 0x00000000c2b00000|100%| E|CS|TAMS 0x00000000c2a00000, 0x00000000c2a00000| Complete 
|1067|0x00000000c2b00000, 0x00000000c2c00000, 0x00000000c2c00000|100%| E|CS|TAMS 0x00000000c2b00000, 0x00000000c2b00000| Complete 
|1068|0x00000000c2c00000, 0x00000000c2d00000, 0x00000000c2d00000|100%| E|CS|TAMS 0x00000000c2c00000, 0x00000000c2c00000| Complete 
|1069|0x00000000c2d00000, 0x00000000c2e00000, 0x00000000c2e00000|100%| E|CS|TAMS 0x00000000c2d00000, 0x00000000c2d00000| Complete 
|1070|0x00000000c2e00000, 0x00000000c2f00000, 0x00000000c2f00000|100%| E|CS|TAMS 0x00000000c2e00000, 0x00000000c2e00000| Complete 
|1071|0x00000000c2f00000, 0x00000000c3000000, 0x00000000c3000000|100%| E|CS|TAMS 0x00000000c2f00000, 0x00000000c2f00000| Complete 
|1072|0x00000000c3000000, 0x00000000c3100000, 0x00000000c3100000|100%| E|CS|TAMS 0x00000000c3000000, 0x00000000c3000000| Complete 
|1073|0x00000000c3100000, 0x00000000c3200000, 0x00000000c3200000|100%| E|CS|TAMS 0x00000000c3100000, 0x00000000c3100000| Complete 
|1074|0x00000000c3200000, 0x00000000c3300000, 0x00000000c3300000|100%| E|CS|TAMS 0x00000000c3200000, 0x00000000c3200000| Complete 
|1075|0x00000000c3300000, 0x00000000c3400000, 0x00000000c3400000|100%| E|CS|TAMS 0x00000000c3300000, 0x00000000c3300000| Complete 
|1076|0x00000000c3400000, 0x00000000c3500000, 0x00000000c3500000|100%| E|CS|TAMS 0x00000000c3400000, 0x00000000c3400000| Complete 
|1077|0x00000000c3500000, 0x00000000c3600000, 0x00000000c3600000|100%| E|CS|TAMS 0x00000000c3500000, 0x00000000c3500000| Complete 
|1078|0x00000000c3600000, 0x00000000c3700000, 0x00000000c3700000|100%| E|CS|TAMS 0x00000000c3600000, 0x00000000c3600000| Complete 
|1079|0x00000000c3700000, 0x00000000c3800000, 0x00000000c3800000|100%| E|CS|TAMS 0x00000000c3700000, 0x00000000c3700000| Complete 
|1080|0x00000000c3800000, 0x00000000c3900000, 0x00000000c3900000|100%| E|CS|TAMS 0x00000000c3800000, 0x00000000c3800000| Complete 
|1081|0x00000000c3900000, 0x00000000c3a00000, 0x00000000c3a00000|100%| E|CS|TAMS 0x00000000c3900000, 0x00000000c3900000| Complete 
|1082|0x00000000c3a00000, 0x00000000c3b00000, 0x00000000c3b00000|100%| E|CS|TAMS 0x00000000c3a00000, 0x00000000c3a00000| Complete 
|1083|0x00000000c3b00000, 0x00000000c3c00000, 0x00000000c3c00000|100%| E|CS|TAMS 0x00000000c3b00000, 0x00000000c3b00000| Complete 
|1084|0x00000000c3c00000, 0x00000000c3d00000, 0x00000000c3d00000|100%| E|CS|TAMS 0x00000000c3c00000, 0x00000000c3c00000| Complete 
|1085|0x00000000c3d00000, 0x00000000c3e00000, 0x00000000c3e00000|100%| E|CS|TAMS 0x00000000c3d00000, 0x00000000c3d00000| Complete 
|1086|0x00000000c3e00000, 0x00000000c3f00000, 0x00000000c3f00000|100%| E|CS|TAMS 0x00000000c3e00000, 0x00000000c3e00000| Complete 
|1087|0x00000000c3f00000, 0x00000000c4000000, 0x00000000c4000000|100%| E|CS|TAMS 0x00000000c3f00000, 0x00000000c3f00000| Complete 
|1088|0x00000000c4000000, 0x00000000c4100000, 0x00000000c4100000|100%| E|CS|TAMS 0x00000000c4000000, 0x00000000c4000000| Complete 
|1089|0x00000000c4100000, 0x00000000c4200000, 0x00000000c4200000|100%| E|CS|TAMS 0x00000000c4100000, 0x00000000c4100000| Complete 
|1090|0x00000000c4200000, 0x00000000c4300000, 0x00000000c4300000|100%| E|CS|TAMS 0x00000000c4200000, 0x00000000c4200000| Complete 
|1091|0x00000000c4300000, 0x00000000c4400000, 0x00000000c4400000|100%| E|CS|TAMS 0x00000000c4300000, 0x00000000c4300000| Complete 
|1092|0x00000000c4400000, 0x00000000c4500000, 0x00000000c4500000|100%| E|CS|TAMS 0x00000000c4400000, 0x00000000c4400000| Complete 
|1093|0x00000000c4500000, 0x00000000c4600000, 0x00000000c4600000|100%| E|CS|TAMS 0x00000000c4500000, 0x00000000c4500000| Complete 
|1094|0x00000000c4600000, 0x00000000c4700000, 0x00000000c4700000|100%| E|CS|TAMS 0x00000000c4600000, 0x00000000c4600000| Complete 
|1095|0x00000000c4700000, 0x00000000c4800000, 0x00000000c4800000|100%| E|CS|TAMS 0x00000000c4700000, 0x00000000c4700000| Complete 
|1096|0x00000000c4800000, 0x00000000c4900000, 0x00000000c4900000|100%| E|CS|TAMS 0x00000000c4800000, 0x00000000c4800000| Complete 
|1097|0x00000000c4900000, 0x00000000c4a00000, 0x00000000c4a00000|100%| E|CS|TAMS 0x00000000c4900000, 0x00000000c4900000| Complete 
|1098|0x00000000c4a00000, 0x00000000c4b00000, 0x00000000c4b00000|100%| E|CS|TAMS 0x00000000c4a00000, 0x00000000c4a00000| Complete 
|1099|0x00000000c4b00000, 0x00000000c4c00000, 0x00000000c4c00000|100%| E|CS|TAMS 0x00000000c4b00000, 0x00000000c4b00000| Complete 
|1100|0x00000000c4c00000, 0x00000000c4d00000, 0x00000000c4d00000|100%| O|  |TAMS 0x00000000c4d00000, 0x00000000c4c00000| Untracked 
|1101|0x00000000c4d00000, 0x00000000c4e00000, 0x00000000c4e00000|100%| E|CS|TAMS 0x00000000c4d00000, 0x00000000c4d00000| Complete 
|1102|0x00000000c4e00000, 0x00000000c4f00000, 0x00000000c4f00000|100%| E|CS|TAMS 0x00000000c4e00000, 0x00000000c4e00000| Complete 
|1103|0x00000000c4f00000, 0x00000000c5000000, 0x00000000c5000000|100%| E|CS|TAMS 0x00000000c4f00000, 0x00000000c4f00000| Complete 
|1104|0x00000000c5000000, 0x00000000c5100000, 0x00000000c5100000|100%| E|CS|TAMS 0x00000000c5000000, 0x00000000c5000000| Complete 
|1105|0x00000000c5100000, 0x00000000c5200000, 0x00000000c5200000|100%| E|CS|TAMS 0x00000000c5100000, 0x00000000c5100000| Complete 
|1106|0x00000000c5200000, 0x00000000c5300000, 0x00000000c5300000|100%| E|CS|TAMS 0x00000000c5200000, 0x00000000c5200000| Complete 
|1107|0x00000000c5300000, 0x00000000c5400000, 0x00000000c5400000|100%| E|CS|TAMS 0x00000000c5300000, 0x00000000c5300000| Complete 
|1108|0x00000000c5400000, 0x00000000c5500000, 0x00000000c5500000|100%| E|CS|TAMS 0x00000000c5400000, 0x00000000c5400000| Complete 
|1109|0x00000000c5500000, 0x00000000c5600000, 0x00000000c5600000|100%| E|CS|TAMS 0x00000000c5500000, 0x00000000c5500000| Complete 
|1110|0x00000000c5600000, 0x00000000c5700000, 0x00000000c5700000|100%| E|CS|TAMS 0x00000000c5600000, 0x00000000c5600000| Complete 
|1111|0x00000000c5700000, 0x00000000c5800000, 0x00000000c5800000|100%| E|CS|TAMS 0x00000000c5700000, 0x00000000c5700000| Complete 
|1112|0x00000000c5800000, 0x00000000c5900000, 0x00000000c5900000|100%| E|CS|TAMS 0x00000000c5800000, 0x00000000c5800000| Complete 
|1113|0x00000000c5900000, 0x00000000c5a00000, 0x00000000c5a00000|100%| E|CS|TAMS 0x00000000c5900000, 0x00000000c5900000| Complete 
|1114|0x00000000c5a00000, 0x00000000c5b00000, 0x00000000c5b00000|100%| E|CS|TAMS 0x00000000c5a00000, 0x00000000c5a00000| Complete 
|1115|0x00000000c5b00000, 0x00000000c5c00000, 0x00000000c5c00000|100%| E|CS|TAMS 0x00000000c5b00000, 0x00000000c5b00000| Complete 
|1116|0x00000000c5c00000, 0x00000000c5d00000, 0x00000000c5d00000|100%| E|CS|TAMS 0x00000000c5c00000, 0x00000000c5c00000| Complete 
|1117|0x00000000c5d00000, 0x00000000c5e00000, 0x00000000c5e00000|100%| E|CS|TAMS 0x00000000c5d00000, 0x00000000c5d00000| Complete 
|1118|0x00000000c5e00000, 0x00000000c5f00000, 0x00000000c5f00000|100%| E|CS|TAMS 0x00000000c5e00000, 0x00000000c5e00000| Complete 
|1119|0x00000000c5f00000, 0x00000000c6000000, 0x00000000c6000000|100%| E|CS|TAMS 0x00000000c5f00000, 0x00000000c5f00000| Complete 
|1120|0x00000000c6000000, 0x00000000c6100000, 0x00000000c6100000|100%| E|CS|TAMS 0x00000000c6000000, 0x00000000c6000000| Complete 
|1121|0x00000000c6100000, 0x00000000c6200000, 0x00000000c6200000|100%| E|CS|TAMS 0x00000000c6100000, 0x00000000c6100000| Complete 
|1122|0x00000000c6200000, 0x00000000c6300000, 0x00000000c6300000|100%| E|CS|TAMS 0x00000000c6200000, 0x00000000c6200000| Complete 
|1123|0x00000000c6300000, 0x00000000c6400000, 0x00000000c6400000|100%| E|CS|TAMS 0x00000000c6300000, 0x00000000c6300000| Complete 
|1124|0x00000000c6400000, 0x00000000c6500000, 0x00000000c6500000|100%| E|CS|TAMS 0x00000000c6400000, 0x00000000c6400000| Complete 
|1125|0x00000000c6500000, 0x00000000c6600000, 0x00000000c6600000|100%| E|CS|TAMS 0x00000000c6500000, 0x00000000c6500000| Complete 
|1126|0x00000000c6600000, 0x00000000c6700000, 0x00000000c6700000|100%| E|CS|TAMS 0x00000000c6600000, 0x00000000c6600000| Complete 
|1127|0x00000000c6700000, 0x00000000c6800000, 0x00000000c6800000|100%| E|CS|TAMS 0x00000000c6700000, 0x00000000c6700000| Complete 
|1128|0x00000000c6800000, 0x00000000c6900000, 0x00000000c6900000|100%| E|CS|TAMS 0x00000000c6800000, 0x00000000c6800000| Complete 
|1129|0x00000000c6900000, 0x00000000c6a00000, 0x00000000c6a00000|100%| E|CS|TAMS 0x00000000c6900000, 0x00000000c6900000| Complete 
|1130|0x00000000c6a00000, 0x00000000c6b00000, 0x00000000c6b00000|100%| E|CS|TAMS 0x00000000c6a00000, 0x00000000c6a00000| Complete 
|1131|0x00000000c6b00000, 0x00000000c6c00000, 0x00000000c6c00000|100%| E|CS|TAMS 0x00000000c6b00000, 0x00000000c6b00000| Complete 
|1132|0x00000000c6c00000, 0x00000000c6d00000, 0x00000000c6d00000|100%| E|CS|TAMS 0x00000000c6c00000, 0x00000000c6c00000| Complete 
|1133|0x00000000c6d00000, 0x00000000c6e00000, 0x00000000c6e00000|100%| E|CS|TAMS 0x00000000c6d00000, 0x00000000c6d00000| Complete 
|1134|0x00000000c6e00000, 0x00000000c6f00000, 0x00000000c6f00000|100%| E|CS|TAMS 0x00000000c6e00000, 0x00000000c6e00000| Complete 
|1135|0x00000000c6f00000, 0x00000000c7000000, 0x00000000c7000000|100%| E|CS|TAMS 0x00000000c6f00000, 0x00000000c6f00000| Complete 
|1136|0x00000000c7000000, 0x00000000c7100000, 0x00000000c7100000|100%| E|CS|TAMS 0x00000000c7000000, 0x00000000c7000000| Complete 
|1137|0x00000000c7100000, 0x00000000c7200000, 0x00000000c7200000|100%| E|CS|TAMS 0x00000000c7100000, 0x00000000c7100000| Complete 
|1138|0x00000000c7200000, 0x00000000c7300000, 0x00000000c7300000|100%| E|CS|TAMS 0x00000000c7200000, 0x00000000c7200000| Complete 
|1139|0x00000000c7300000, 0x00000000c7400000, 0x00000000c7400000|100%| E|CS|TAMS 0x00000000c7300000, 0x00000000c7300000| Complete 
|1140|0x00000000c7400000, 0x00000000c7500000, 0x00000000c7500000|100%| E|CS|TAMS 0x00000000c7400000, 0x00000000c7400000| Complete 
|1141|0x00000000c7500000, 0x00000000c7600000, 0x00000000c7600000|100%| E|CS|TAMS 0x00000000c7500000, 0x00000000c7500000| Complete 
|1142|0x00000000c7600000, 0x00000000c7700000, 0x00000000c7700000|100%| E|CS|TAMS 0x00000000c7600000, 0x00000000c7600000| Complete 
|1143|0x00000000c7700000, 0x00000000c7800000, 0x00000000c7800000|100%| E|CS|TAMS 0x00000000c7700000, 0x00000000c7700000| Complete 
|1144|0x00000000c7800000, 0x00000000c7900000, 0x00000000c7900000|100%| E|CS|TAMS 0x00000000c7800000, 0x00000000c7800000| Complete 
|1145|0x00000000c7900000, 0x00000000c7a00000, 0x00000000c7a00000|100%| E|CS|TAMS 0x00000000c7900000, 0x00000000c7900000| Complete 
|1146|0x00000000c7a00000, 0x00000000c7b00000, 0x00000000c7b00000|100%| E|CS|TAMS 0x00000000c7a00000, 0x00000000c7a00000| Complete 
|1147|0x00000000c7b00000, 0x00000000c7c00000, 0x00000000c7c00000|100%| E|CS|TAMS 0x00000000c7b00000, 0x00000000c7b00000| Complete 
|1148|0x00000000c7c00000, 0x00000000c7d00000, 0x00000000c7d00000|100%| E|CS|TAMS 0x00000000c7c00000, 0x00000000c7c00000| Complete 
|1149|0x00000000c7d00000, 0x00000000c7e00000, 0x00000000c7e00000|100%| E|CS|TAMS 0x00000000c7d00000, 0x00000000c7d00000| Complete 
|1150|0x00000000c7e00000, 0x00000000c7f00000, 0x00000000c7f00000|100%| E|CS|TAMS 0x00000000c7e00000, 0x00000000c7e00000| Complete 
|1151|0x00000000c7f00000, 0x00000000c8000000, 0x00000000c8000000|100%| E|CS|TAMS 0x00000000c7f00000, 0x00000000c7f00000| Complete 
|1152|0x00000000c8000000, 0x00000000c8100000, 0x00000000c8100000|100%| E|CS|TAMS 0x00000000c8000000, 0x00000000c8000000| Complete 
|1153|0x00000000c8100000, 0x00000000c8200000, 0x00000000c8200000|100%| E|CS|TAMS 0x00000000c8100000, 0x00000000c8100000| Complete 
|1154|0x00000000c8200000, 0x00000000c8300000, 0x00000000c8300000|100%| E|CS|TAMS 0x00000000c8200000, 0x00000000c8200000| Complete 
|1155|0x00000000c8300000, 0x00000000c8400000, 0x00000000c8400000|100%| E|CS|TAMS 0x00000000c8300000, 0x00000000c8300000| Complete 
|1156|0x00000000c8400000, 0x00000000c8500000, 0x00000000c8500000|100%| E|CS|TAMS 0x00000000c8400000, 0x00000000c8400000| Complete 
|1157|0x00000000c8500000, 0x00000000c8600000, 0x00000000c8600000|100%| E|CS|TAMS 0x00000000c8500000, 0x00000000c8500000| Complete 
|1158|0x00000000c8600000, 0x00000000c8700000, 0x00000000c8700000|100%| E|CS|TAMS 0x00000000c8600000, 0x00000000c8600000| Complete 
|1159|0x00000000c8700000, 0x00000000c8800000, 0x00000000c8800000|100%| E|CS|TAMS 0x00000000c8700000, 0x00000000c8700000| Complete 
|1160|0x00000000c8800000, 0x00000000c8900000, 0x00000000c8900000|100%| E|CS|TAMS 0x00000000c8800000, 0x00000000c8800000| Complete 
|1161|0x00000000c8900000, 0x00000000c8a00000, 0x00000000c8a00000|100%| E|CS|TAMS 0x00000000c8900000, 0x00000000c8900000| Complete 
|1162|0x00000000c8a00000, 0x00000000c8b00000, 0x00000000c8b00000|100%| E|CS|TAMS 0x00000000c8a00000, 0x00000000c8a00000| Complete 
|1163|0x00000000c8b00000, 0x00000000c8c00000, 0x00000000c8c00000|100%| E|CS|TAMS 0x00000000c8b00000, 0x00000000c8b00000| Complete 
|1164|0x00000000c8c00000, 0x00000000c8d00000, 0x00000000c8d00000|100%| E|CS|TAMS 0x00000000c8c00000, 0x00000000c8c00000| Complete 
|1165|0x00000000c8d00000, 0x00000000c8e00000, 0x00000000c8e00000|100%| E|CS|TAMS 0x00000000c8d00000, 0x00000000c8d00000| Complete 
|1166|0x00000000c8e00000, 0x00000000c8f00000, 0x00000000c8f00000|100%| E|CS|TAMS 0x00000000c8e00000, 0x00000000c8e00000| Complete 
|1167|0x00000000c8f00000, 0x00000000c9000000, 0x00000000c9000000|100%| E|CS|TAMS 0x00000000c8f00000, 0x00000000c8f00000| Complete 
|1168|0x00000000c9000000, 0x00000000c9100000, 0x00000000c9100000|100%| E|CS|TAMS 0x00000000c9000000, 0x00000000c9000000| Complete 
|1169|0x00000000c9100000, 0x00000000c9200000, 0x00000000c9200000|100%| E|CS|TAMS 0x00000000c9100000, 0x00000000c9100000| Complete 
|1170|0x00000000c9200000, 0x00000000c9300000, 0x00000000c9300000|100%| E|CS|TAMS 0x00000000c9200000, 0x00000000c9200000| Complete 
|1171|0x00000000c9300000, 0x00000000c9400000, 0x00000000c9400000|100%| E|CS|TAMS 0x00000000c9300000, 0x00000000c9300000| Complete 
|1172|0x00000000c9400000, 0x00000000c9500000, 0x00000000c9500000|100%| E|CS|TAMS 0x00000000c9400000, 0x00000000c9400000| Complete 
|1173|0x00000000c9500000, 0x00000000c9600000, 0x00000000c9600000|100%| E|CS|TAMS 0x00000000c9500000, 0x00000000c9500000| Complete 
|1174|0x00000000c9600000, 0x00000000c9700000, 0x00000000c9700000|100%| E|CS|TAMS 0x00000000c9600000, 0x00000000c9600000| Complete 
|1175|0x00000000c9700000, 0x00000000c9800000, 0x00000000c9800000|100%| E|CS|TAMS 0x00000000c9700000, 0x00000000c9700000| Complete 
|1176|0x00000000c9800000, 0x00000000c9900000, 0x00000000c9900000|100%| E|CS|TAMS 0x00000000c9800000, 0x00000000c9800000| Complete 
|1177|0x00000000c9900000, 0x00000000c9a00000, 0x00000000c9a00000|100%| E|CS|TAMS 0x00000000c9900000, 0x00000000c9900000| Complete 
|1178|0x00000000c9a00000, 0x00000000c9b00000, 0x00000000c9b00000|100%| E|CS|TAMS 0x00000000c9a00000, 0x00000000c9a00000| Complete 
|1179|0x00000000c9b00000, 0x00000000c9c00000, 0x00000000c9c00000|100%| E|CS|TAMS 0x00000000c9b00000, 0x00000000c9b00000| Complete 
|1180|0x00000000c9c00000, 0x00000000c9d00000, 0x00000000c9d00000|100%| E|CS|TAMS 0x00000000c9c00000, 0x00000000c9c00000| Complete 
|1181|0x00000000c9d00000, 0x00000000c9e00000, 0x00000000c9e00000|100%| E|CS|TAMS 0x00000000c9d00000, 0x00000000c9d00000| Complete 
|1182|0x00000000c9e00000, 0x00000000c9f00000, 0x00000000c9f00000|100%| E|CS|TAMS 0x00000000c9e00000, 0x00000000c9e00000| Complete 
|1183|0x00000000c9f00000, 0x00000000ca000000, 0x00000000ca000000|100%| E|CS|TAMS 0x00000000c9f00000, 0x00000000c9f00000| Complete 
|1184|0x00000000ca000000, 0x00000000ca100000, 0x00000000ca100000|100%| E|CS|TAMS 0x00000000ca000000, 0x00000000ca000000| Complete 
|1185|0x00000000ca100000, 0x00000000ca200000, 0x00000000ca200000|100%| E|CS|TAMS 0x00000000ca100000, 0x00000000ca100000| Complete 
|1186|0x00000000ca200000, 0x00000000ca300000, 0x00000000ca300000|100%| E|CS|TAMS 0x00000000ca200000, 0x00000000ca200000| Complete 
|1187|0x00000000ca300000, 0x00000000ca400000, 0x00000000ca400000|100%| E|CS|TAMS 0x00000000ca300000, 0x00000000ca300000| Complete 
|1188|0x00000000ca400000, 0x00000000ca500000, 0x00000000ca500000|100%| E|CS|TAMS 0x00000000ca400000, 0x00000000ca400000| Complete 
|1189|0x00000000ca500000, 0x00000000ca600000, 0x00000000ca600000|100%| E|CS|TAMS 0x00000000ca500000, 0x00000000ca500000| Complete 
|1190|0x00000000ca600000, 0x00000000ca700000, 0x00000000ca700000|100%| E|CS|TAMS 0x00000000ca600000, 0x00000000ca600000| Complete 
|1191|0x00000000ca700000, 0x00000000ca800000, 0x00000000ca800000|100%| E|CS|TAMS 0x00000000ca700000, 0x00000000ca700000| Complete 
|1192|0x00000000ca800000, 0x00000000ca900000, 0x00000000ca900000|100%| E|CS|TAMS 0x00000000ca800000, 0x00000000ca800000| Complete 
|1193|0x00000000ca900000, 0x00000000caa00000, 0x00000000caa00000|100%| E|CS|TAMS 0x00000000ca900000, 0x00000000ca900000| Complete 
|1194|0x00000000caa00000, 0x00000000cab00000, 0x00000000cab00000|100%| E|CS|TAMS 0x00000000caa00000, 0x00000000caa00000| Complete 
|1195|0x00000000cab00000, 0x00000000cac00000, 0x00000000cac00000|100%| E|CS|TAMS 0x00000000cab00000, 0x00000000cab00000| Complete 
|1196|0x00000000cac00000, 0x00000000cad00000, 0x00000000cad00000|100%| E|CS|TAMS 0x00000000cac00000, 0x00000000cac00000| Complete 
|1197|0x00000000cad00000, 0x00000000cae00000, 0x00000000cae00000|100%| E|CS|TAMS 0x00000000cad00000, 0x00000000cad00000| Complete 
|1198|0x00000000cae00000, 0x00000000caf00000, 0x00000000caf00000|100%| E|CS|TAMS 0x00000000cae00000, 0x00000000cae00000| Complete 
|1199|0x00000000caf00000, 0x00000000cb000000, 0x00000000cb000000|100%| E|CS|TAMS 0x00000000caf00000, 0x00000000caf00000| Complete 
|1200|0x00000000cb000000, 0x00000000cb100000, 0x00000000cb100000|100%| E|CS|TAMS 0x00000000cb000000, 0x00000000cb000000| Complete 
|1201|0x00000000cb100000, 0x00000000cb200000, 0x00000000cb200000|100%| E|CS|TAMS 0x00000000cb100000, 0x00000000cb100000| Complete 
|1202|0x00000000cb200000, 0x00000000cb300000, 0x00000000cb300000|100%| E|CS|TAMS 0x00000000cb200000, 0x00000000cb200000| Complete 
|1203|0x00000000cb300000, 0x00000000cb400000, 0x00000000cb400000|100%| E|CS|TAMS 0x00000000cb300000, 0x00000000cb300000| Complete 
|1204|0x00000000cb400000, 0x00000000cb500000, 0x00000000cb500000|100%| E|CS|TAMS 0x00000000cb400000, 0x00000000cb400000| Complete 
|1205|0x00000000cb500000, 0x00000000cb600000, 0x00000000cb600000|100%| E|CS|TAMS 0x00000000cb500000, 0x00000000cb500000| Complete 
|1206|0x00000000cb600000, 0x00000000cb700000, 0x00000000cb700000|100%| E|CS|TAMS 0x00000000cb600000, 0x00000000cb600000| Complete 
|1207|0x00000000cb700000, 0x00000000cb800000, 0x00000000cb800000|100%| E|CS|TAMS 0x00000000cb700000, 0x00000000cb700000| Complete 
|1208|0x00000000cb800000, 0x00000000cb900000, 0x00000000cb900000|100%| E|CS|TAMS 0x00000000cb800000, 0x00000000cb800000| Complete 
|1209|0x00000000cb900000, 0x00000000cba00000, 0x00000000cba00000|100%| E|CS|TAMS 0x00000000cb900000, 0x00000000cb900000| Complete 
|1210|0x00000000cba00000, 0x00000000cbb00000, 0x00000000cbb00000|100%| E|CS|TAMS 0x00000000cba00000, 0x00000000cba00000| Complete 
|1211|0x00000000cbb00000, 0x00000000cbc00000, 0x00000000cbc00000|100%| E|CS|TAMS 0x00000000cbb00000, 0x00000000cbb00000| Complete 
|1212|0x00000000cbc00000, 0x00000000cbd00000, 0x00000000cbd00000|100%| E|CS|TAMS 0x00000000cbc00000, 0x00000000cbc00000| Complete 
|1213|0x00000000cbd00000, 0x00000000cbe00000, 0x00000000cbe00000|100%| E|CS|TAMS 0x00000000cbd00000, 0x00000000cbd00000| Complete 
|1214|0x00000000cbe00000, 0x00000000cbf00000, 0x00000000cbf00000|100%| E|CS|TAMS 0x00000000cbe00000, 0x00000000cbe00000| Complete 
|1215|0x00000000cbf00000, 0x00000000cc000000, 0x00000000cc000000|100%| E|CS|TAMS 0x00000000cbf00000, 0x00000000cbf00000| Complete 
|1216|0x00000000cc000000, 0x00000000cc100000, 0x00000000cc100000|100%| E|CS|TAMS 0x00000000cc000000, 0x00000000cc000000| Complete 
|1217|0x00000000cc100000, 0x00000000cc200000, 0x00000000cc200000|100%| E|CS|TAMS 0x00000000cc100000, 0x00000000cc100000| Complete 
|1218|0x00000000cc200000, 0x00000000cc300000, 0x00000000cc300000|100%| E|CS|TAMS 0x00000000cc200000, 0x00000000cc200000| Complete 
|1219|0x00000000cc300000, 0x00000000cc400000, 0x00000000cc400000|100%| E|CS|TAMS 0x00000000cc300000, 0x00000000cc300000| Complete 
|1220|0x00000000cc400000, 0x00000000cc500000, 0x00000000cc500000|100%| E|CS|TAMS 0x00000000cc400000, 0x00000000cc400000| Complete 
|1221|0x00000000cc500000, 0x00000000cc600000, 0x00000000cc600000|100%| O|  |TAMS 0x00000000cc600000, 0x00000000cc500000| Untracked 
|1222|0x00000000cc600000, 0x00000000cc700000, 0x00000000cc700000|100%| O|  |TAMS 0x00000000cc700000, 0x00000000cc600000| Untracked 
|1223|0x00000000cc700000, 0x00000000cc800000, 0x00000000cc800000|100%| E|CS|TAMS 0x00000000cc700000, 0x00000000cc700000| Complete 
|1224|0x00000000cc800000, 0x00000000cc900000, 0x00000000cc900000|100%| E|CS|TAMS 0x00000000cc800000, 0x00000000cc800000| Complete 
|1225|0x00000000cc900000, 0x00000000cca00000, 0x00000000cca00000|100%| E|CS|TAMS 0x00000000cc900000, 0x00000000cc900000| Complete 
|1226|0x00000000cca00000, 0x00000000ccb00000, 0x00000000ccb00000|100%| E|CS|TAMS 0x00000000cca00000, 0x00000000cca00000| Complete 
|1227|0x00000000ccb00000, 0x00000000ccc00000, 0x00000000ccc00000|100%| E|CS|TAMS 0x00000000ccb00000, 0x00000000ccb00000| Complete 
|1228|0x00000000ccc00000, 0x00000000ccd00000, 0x00000000ccd00000|100%| E|CS|TAMS 0x00000000ccc00000, 0x00000000ccc00000| Complete 
|1229|0x00000000ccd00000, 0x00000000cce00000, 0x00000000cce00000|100%| E|CS|TAMS 0x00000000ccd00000, 0x00000000ccd00000| Complete 
|1230|0x00000000cce00000, 0x00000000ccf00000, 0x00000000ccf00000|100%| E|CS|TAMS 0x00000000cce00000, 0x00000000cce00000| Complete 
|1231|0x00000000ccf00000, 0x00000000cd000000, 0x00000000cd000000|100%| E|CS|TAMS 0x00000000ccf00000, 0x00000000ccf00000| Complete 
|1232|0x00000000cd000000, 0x00000000cd100000, 0x00000000cd100000|100%| E|CS|TAMS 0x00000000cd000000, 0x00000000cd000000| Complete 
|1233|0x00000000cd100000, 0x00000000cd200000, 0x00000000cd200000|100%| E|CS|TAMS 0x00000000cd100000, 0x00000000cd100000| Complete 
|1234|0x00000000cd200000, 0x00000000cd300000, 0x00000000cd300000|100%| E|CS|TAMS 0x00000000cd200000, 0x00000000cd200000| Complete 
|1235|0x00000000cd300000, 0x00000000cd400000, 0x00000000cd400000|100%| E|CS|TAMS 0x00000000cd300000, 0x00000000cd300000| Complete 
|1236|0x00000000cd400000, 0x00000000cd500000, 0x00000000cd500000|100%| E|CS|TAMS 0x00000000cd400000, 0x00000000cd400000| Complete 
|1237|0x00000000cd500000, 0x00000000cd600000, 0x00000000cd600000|100%| E|CS|TAMS 0x00000000cd500000, 0x00000000cd500000| Complete 
|1238|0x00000000cd600000, 0x00000000cd700000, 0x00000000cd700000|100%| E|CS|TAMS 0x00000000cd600000, 0x00000000cd600000| Complete 
|1239|0x00000000cd700000, 0x00000000cd800000, 0x00000000cd800000|100%| E|CS|TAMS 0x00000000cd700000, 0x00000000cd700000| Complete 
|1240|0x00000000cd800000, 0x00000000cd900000, 0x00000000cd900000|100%| E|CS|TAMS 0x00000000cd800000, 0x00000000cd800000| Complete 
|1241|0x00000000cd900000, 0x00000000cda00000, 0x00000000cda00000|100%| E|CS|TAMS 0x00000000cd900000, 0x00000000cd900000| Complete 
|1242|0x00000000cda00000, 0x00000000cdb00000, 0x00000000cdb00000|100%| E|CS|TAMS 0x00000000cda00000, 0x00000000cda00000| Complete 
|1243|0x00000000cdb00000, 0x00000000cdc00000, 0x00000000cdc00000|100%| E|CS|TAMS 0x00000000cdb00000, 0x00000000cdb00000| Complete 
|1244|0x00000000cdc00000, 0x00000000cdd00000, 0x00000000cdd00000|100%| E|CS|TAMS 0x00000000cdc00000, 0x00000000cdc00000| Complete 
|1245|0x00000000cdd00000, 0x00000000cde00000, 0x00000000cde00000|100%| E|CS|TAMS 0x00000000cdd00000, 0x00000000cdd00000| Complete 
|1246|0x00000000cde00000, 0x00000000cdf00000, 0x00000000cdf00000|100%| E|CS|TAMS 0x00000000cde00000, 0x00000000cde00000| Complete 
|1247|0x00000000cdf00000, 0x00000000ce000000, 0x00000000ce000000|100%| E|CS|TAMS 0x00000000cdf00000, 0x00000000cdf00000| Complete 
|1248|0x00000000ce000000, 0x00000000ce100000, 0x00000000ce100000|100%| E|CS|TAMS 0x00000000ce000000, 0x00000000ce000000| Complete 
|1249|0x00000000ce100000, 0x00000000ce200000, 0x00000000ce200000|100%| E|CS|TAMS 0x00000000ce100000, 0x00000000ce100000| Complete 
|1250|0x00000000ce200000, 0x00000000ce300000, 0x00000000ce300000|100%| E|CS|TAMS 0x00000000ce200000, 0x00000000ce200000| Complete 
|1251|0x00000000ce300000, 0x00000000ce400000, 0x00000000ce400000|100%| E|CS|TAMS 0x00000000ce300000, 0x00000000ce300000| Complete 
|1252|0x00000000ce400000, 0x00000000ce500000, 0x00000000ce500000|100%| E|CS|TAMS 0x00000000ce400000, 0x00000000ce400000| Complete 
|1253|0x00000000ce500000, 0x00000000ce600000, 0x00000000ce600000|100%| E|CS|TAMS 0x00000000ce500000, 0x00000000ce500000| Complete 
|1254|0x00000000ce600000, 0x00000000ce700000, 0x00000000ce700000|100%| O|  |TAMS 0x00000000ce700000, 0x00000000ce600000| Untracked 
|1255|0x00000000ce700000, 0x00000000ce800000, 0x00000000ce800000|100%| E|CS|TAMS 0x00000000ce700000, 0x00000000ce700000| Complete 
|1256|0x00000000ce800000, 0x00000000ce900000, 0x00000000ce900000|100%| E|CS|TAMS 0x00000000ce800000, 0x00000000ce800000| Complete 
|1257|0x00000000ce900000, 0x00000000cea00000, 0x00000000cea00000|100%| O|  |TAMS 0x00000000cea00000, 0x00000000ce900000| Untracked 
|1258|0x00000000cea00000, 0x00000000ceb00000, 0x00000000ceb00000|100%| E|CS|TAMS 0x00000000cea00000, 0x00000000cea00000| Complete 
|1259|0x00000000ceb00000, 0x00000000cec00000, 0x00000000cec00000|100%| E|CS|TAMS 0x00000000ceb00000, 0x00000000ceb00000| Complete 
|1260|0x00000000cec00000, 0x00000000ced00000, 0x00000000ced00000|100%| E|CS|TAMS 0x00000000cec00000, 0x00000000cec00000| Complete 
|1261|0x00000000ced00000, 0x00000000cee00000, 0x00000000cee00000|100%| E|CS|TAMS 0x00000000ced00000, 0x00000000ced00000| Complete 
|1262|0x00000000cee00000, 0x00000000cef00000, 0x00000000cef00000|100%| E|CS|TAMS 0x00000000cee00000, 0x00000000cee00000| Complete 
|1263|0x00000000cef00000, 0x00000000cf000000, 0x00000000cf000000|100%| E|CS|TAMS 0x00000000cef00000, 0x00000000cef00000| Complete 
|1264|0x00000000cf000000, 0x00000000cf100000, 0x00000000cf100000|100%| E|CS|TAMS 0x00000000cf000000, 0x00000000cf000000| Complete 
|1265|0x00000000cf100000, 0x00000000cf200000, 0x00000000cf200000|100%| E|CS|TAMS 0x00000000cf100000, 0x00000000cf100000| Complete 
|1266|0x00000000cf200000, 0x00000000cf300000, 0x00000000cf300000|100%| E|CS|TAMS 0x00000000cf200000, 0x00000000cf200000| Complete 
|1267|0x00000000cf300000, 0x00000000cf400000, 0x00000000cf400000|100%| E|CS|TAMS 0x00000000cf300000, 0x00000000cf300000| Complete 
|1268|0x00000000cf400000, 0x00000000cf500000, 0x00000000cf500000|100%| E|CS|TAMS 0x00000000cf400000, 0x00000000cf400000| Complete 
|1269|0x00000000cf500000, 0x00000000cf600000, 0x00000000cf600000|100%| E|CS|TAMS 0x00000000cf500000, 0x00000000cf500000| Complete 
|1270|0x00000000cf600000, 0x00000000cf700000, 0x00000000cf700000|100%| E|CS|TAMS 0x00000000cf600000, 0x00000000cf600000| Complete 
|1271|0x00000000cf700000, 0x00000000cf800000, 0x00000000cf800000|100%| E|CS|TAMS 0x00000000cf700000, 0x00000000cf700000| Complete 
|1272|0x00000000cf800000, 0x00000000cf900000, 0x00000000cf900000|100%| E|CS|TAMS 0x00000000cf800000, 0x00000000cf800000| Complete 
|1273|0x00000000cf900000, 0x00000000cfa00000, 0x00000000cfa00000|100%| E|CS|TAMS 0x00000000cf900000, 0x00000000cf900000| Complete 
|1274|0x00000000cfa00000, 0x00000000cfb00000, 0x00000000cfb00000|100%| E|CS|TAMS 0x00000000cfa00000, 0x00000000cfa00000| Complete 
|1275|0x00000000cfb00000, 0x00000000cfc00000, 0x00000000cfc00000|100%| E|CS|TAMS 0x00000000cfb00000, 0x00000000cfb00000| Complete 
|1276|0x00000000cfc00000, 0x00000000cfd00000, 0x00000000cfd00000|100%| E|CS|TAMS 0x00000000cfc00000, 0x00000000cfc00000| Complete 
|1277|0x00000000cfd00000, 0x00000000cfe00000, 0x00000000cfe00000|100%| E|CS|TAMS 0x00000000cfd00000, 0x00000000cfd00000| Complete 
|1278|0x00000000cfe00000, 0x00000000cff00000, 0x00000000cff00000|100%| E|CS|TAMS 0x00000000cfe00000, 0x00000000cfe00000| Complete 
|1279|0x00000000cff00000, 0x00000000d0000000, 0x00000000d0000000|100%| E|CS|TAMS 0x00000000cff00000, 0x00000000cff00000| Complete 
|1280|0x00000000d0000000, 0x00000000d0100000, 0x00000000d0100000|100%| E|CS|TAMS 0x00000000d0000000, 0x00000000d0000000| Complete 
|1281|0x00000000d0100000, 0x00000000d0200000, 0x00000000d0200000|100%| E|CS|TAMS 0x00000000d0100000, 0x00000000d0100000| Complete 
|1282|0x00000000d0200000, 0x00000000d0300000, 0x00000000d0300000|100%| E|CS|TAMS 0x00000000d0200000, 0x00000000d0200000| Complete 
|1283|0x00000000d0300000, 0x00000000d0400000, 0x00000000d0400000|100%| E|CS|TAMS 0x00000000d0300000, 0x00000000d0300000| Complete 
|1284|0x00000000d0400000, 0x00000000d0500000, 0x00000000d0500000|100%| E|CS|TAMS 0x00000000d0400000, 0x00000000d0400000| Complete 
|1285|0x00000000d0500000, 0x00000000d0600000, 0x00000000d0600000|100%| E|CS|TAMS 0x00000000d0500000, 0x00000000d0500000| Complete 
|1286|0x00000000d0600000, 0x00000000d0700000, 0x00000000d0700000|100%| E|CS|TAMS 0x00000000d0600000, 0x00000000d0600000| Complete 
|1287|0x00000000d0700000, 0x00000000d0800000, 0x00000000d0800000|100%| E|CS|TAMS 0x00000000d0700000, 0x00000000d0700000| Complete 
|1288|0x00000000d0800000, 0x00000000d0900000, 0x00000000d0900000|100%| E|CS|TAMS 0x00000000d0800000, 0x00000000d0800000| Complete 
|1289|0x00000000d0900000, 0x00000000d0a00000, 0x00000000d0a00000|100%| E|CS|TAMS 0x00000000d0900000, 0x00000000d0900000| Complete 
|1290|0x00000000d0a00000, 0x00000000d0b00000, 0x00000000d0b00000|100%| E|CS|TAMS 0x00000000d0a00000, 0x00000000d0a00000| Complete 
|1291|0x00000000d0b00000, 0x00000000d0c00000, 0x00000000d0c00000|100%| E|CS|TAMS 0x00000000d0b00000, 0x00000000d0b00000| Complete 
|1292|0x00000000d0c00000, 0x00000000d0d00000, 0x00000000d0d00000|100%| E|CS|TAMS 0x00000000d0c00000, 0x00000000d0c00000| Complete 
|1293|0x00000000d0d00000, 0x00000000d0e00000, 0x00000000d0e00000|100%| E|CS|TAMS 0x00000000d0d00000, 0x00000000d0d00000| Complete 
|1294|0x00000000d0e00000, 0x00000000d0f00000, 0x00000000d0f00000|100%| E|CS|TAMS 0x00000000d0e00000, 0x00000000d0e00000| Complete 
|1295|0x00000000d0f00000, 0x00000000d1000000, 0x00000000d1000000|100%| E|CS|TAMS 0x00000000d0f00000, 0x00000000d0f00000| Complete 
|1296|0x00000000d1000000, 0x00000000d1100000, 0x00000000d1100000|100%| E|CS|TAMS 0x00000000d1000000, 0x00000000d1000000| Complete 
|1297|0x00000000d1100000, 0x00000000d1200000, 0x00000000d1200000|100%| E|CS|TAMS 0x00000000d1100000, 0x00000000d1100000| Complete 
|1298|0x00000000d1200000, 0x00000000d1300000, 0x00000000d1300000|100%| E|CS|TAMS 0x00000000d1200000, 0x00000000d1200000| Complete 
|1299|0x00000000d1300000, 0x00000000d1400000, 0x00000000d1400000|100%| E|CS|TAMS 0x00000000d1300000, 0x00000000d1300000| Complete 
|1300|0x00000000d1400000, 0x00000000d1500000, 0x00000000d1500000|100%| E|CS|TAMS 0x00000000d1400000, 0x00000000d1400000| Complete 
|1301|0x00000000d1500000, 0x00000000d1600000, 0x00000000d1600000|100%| E|CS|TAMS 0x00000000d1500000, 0x00000000d1500000| Complete 
|1302|0x00000000d1600000, 0x00000000d1700000, 0x00000000d1700000|100%| E|CS|TAMS 0x00000000d1600000, 0x00000000d1600000| Complete 
|1303|0x00000000d1700000, 0x00000000d1800000, 0x00000000d1800000|100%| E|CS|TAMS 0x00000000d1700000, 0x00000000d1700000| Complete 
|1304|0x00000000d1800000, 0x00000000d1900000, 0x00000000d1900000|100%| E|CS|TAMS 0x00000000d1800000, 0x00000000d1800000| Complete 
|1305|0x00000000d1900000, 0x00000000d1a00000, 0x00000000d1a00000|100%| E|CS|TAMS 0x00000000d1900000, 0x00000000d1900000| Complete 
|1306|0x00000000d1a00000, 0x00000000d1b00000, 0x00000000d1b00000|100%| E|CS|TAMS 0x00000000d1a00000, 0x00000000d1a00000| Complete 
|1307|0x00000000d1b00000, 0x00000000d1c00000, 0x00000000d1c00000|100%| E|CS|TAMS 0x00000000d1b00000, 0x00000000d1b00000| Complete 
|1308|0x00000000d1c00000, 0x00000000d1d00000, 0x00000000d1d00000|100%| E|CS|TAMS 0x00000000d1c00000, 0x00000000d1c00000| Complete 
|1309|0x00000000d1d00000, 0x00000000d1e00000, 0x00000000d1e00000|100%| E|CS|TAMS 0x00000000d1d00000, 0x00000000d1d00000| Complete 
|1310|0x00000000d1e00000, 0x00000000d1f00000, 0x00000000d1f00000|100%| E|CS|TAMS 0x00000000d1e00000, 0x00000000d1e00000| Complete 
|1311|0x00000000d1f00000, 0x00000000d2000000, 0x00000000d2000000|100%| E|CS|TAMS 0x00000000d1f00000, 0x00000000d1f00000| Complete 
|1312|0x00000000d2000000, 0x00000000d2100000, 0x00000000d2100000|100%| E|CS|TAMS 0x00000000d2000000, 0x00000000d2000000| Complete 
|1313|0x00000000d2100000, 0x00000000d2200000, 0x00000000d2200000|100%| E|CS|TAMS 0x00000000d2100000, 0x00000000d2100000| Complete 
|1314|0x00000000d2200000, 0x00000000d2300000, 0x00000000d2300000|100%| E|CS|TAMS 0x00000000d2200000, 0x00000000d2200000| Complete 
|1315|0x00000000d2300000, 0x00000000d2400000, 0x00000000d2400000|100%| E|CS|TAMS 0x00000000d2300000, 0x00000000d2300000| Complete 
|1316|0x00000000d2400000, 0x00000000d2500000, 0x00000000d2500000|100%| E|CS|TAMS 0x00000000d2400000, 0x00000000d2400000| Complete 
|1317|0x00000000d2500000, 0x00000000d2600000, 0x00000000d2600000|100%| E|CS|TAMS 0x00000000d2500000, 0x00000000d2500000| Complete 
|1318|0x00000000d2600000, 0x00000000d2700000, 0x00000000d2700000|100%| E|CS|TAMS 0x00000000d2600000, 0x00000000d2600000| Complete 
|1319|0x00000000d2700000, 0x00000000d2800000, 0x00000000d2800000|100%| E|CS|TAMS 0x00000000d2700000, 0x00000000d2700000| Complete 
|1320|0x00000000d2800000, 0x00000000d2900000, 0x00000000d2900000|100%| E|CS|TAMS 0x00000000d2800000, 0x00000000d2800000| Complete 
|1321|0x00000000d2900000, 0x00000000d2a00000, 0x00000000d2a00000|100%| E|CS|TAMS 0x00000000d2900000, 0x00000000d2900000| Complete 
|1322|0x00000000d2a00000, 0x00000000d2b00000, 0x00000000d2b00000|100%| E|CS|TAMS 0x00000000d2a00000, 0x00000000d2a00000| Complete 
|1323|0x00000000d2b00000, 0x00000000d2c00000, 0x00000000d2c00000|100%| E|CS|TAMS 0x00000000d2b00000, 0x00000000d2b00000| Complete 
|1324|0x00000000d2c00000, 0x00000000d2d00000, 0x00000000d2d00000|100%| E|CS|TAMS 0x00000000d2c00000, 0x00000000d2c00000| Complete 
|1325|0x00000000d2d00000, 0x00000000d2e00000, 0x00000000d2e00000|100%| E|CS|TAMS 0x00000000d2d00000, 0x00000000d2d00000| Complete 
|1326|0x00000000d2e00000, 0x00000000d2f00000, 0x00000000d2f00000|100%| E|CS|TAMS 0x00000000d2e00000, 0x00000000d2e00000| Complete 
|1327|0x00000000d2f00000, 0x00000000d3000000, 0x00000000d3000000|100%| E|CS|TAMS 0x00000000d2f00000, 0x00000000d2f00000| Complete 
|1328|0x00000000d3000000, 0x00000000d3100000, 0x00000000d3100000|100%| E|CS|TAMS 0x00000000d3000000, 0x00000000d3000000| Complete 
|1329|0x00000000d3100000, 0x00000000d3200000, 0x00000000d3200000|100%| E|CS|TAMS 0x00000000d3100000, 0x00000000d3100000| Complete 
|1330|0x00000000d3200000, 0x00000000d3300000, 0x00000000d3300000|100%| E|CS|TAMS 0x00000000d3200000, 0x00000000d3200000| Complete 
|1331|0x00000000d3300000, 0x00000000d3400000, 0x00000000d3400000|100%| E|CS|TAMS 0x00000000d3300000, 0x00000000d3300000| Complete 
|1332|0x00000000d3400000, 0x00000000d3500000, 0x00000000d3500000|100%| E|CS|TAMS 0x00000000d3400000, 0x00000000d3400000| Complete 
|1333|0x00000000d3500000, 0x00000000d3600000, 0x00000000d3600000|100%| E|CS|TAMS 0x00000000d3500000, 0x00000000d3500000| Complete 
|1334|0x00000000d3600000, 0x00000000d3700000, 0x00000000d3700000|100%| E|CS|TAMS 0x00000000d3600000, 0x00000000d3600000| Complete 
|1335|0x00000000d3700000, 0x00000000d3800000, 0x00000000d3800000|100%| E|CS|TAMS 0x00000000d3700000, 0x00000000d3700000| Complete 
|1336|0x00000000d3800000, 0x00000000d3900000, 0x00000000d3900000|100%| E|CS|TAMS 0x00000000d3800000, 0x00000000d3800000| Complete 
|1337|0x00000000d3900000, 0x00000000d3a00000, 0x00000000d3a00000|100%| E|CS|TAMS 0x00000000d3900000, 0x00000000d3900000| Complete 
|1338|0x00000000d3a00000, 0x00000000d3b00000, 0x00000000d3b00000|100%| E|CS|TAMS 0x00000000d3a00000, 0x00000000d3a00000| Complete 
|1339|0x00000000d3b00000, 0x00000000d3c00000, 0x00000000d3c00000|100%| E|CS|TAMS 0x00000000d3b00000, 0x00000000d3b00000| Complete 
|1340|0x00000000d3c00000, 0x00000000d3d00000, 0x00000000d3d00000|100%| E|CS|TAMS 0x00000000d3c00000, 0x00000000d3c00000| Complete 
|1341|0x00000000d3d00000, 0x00000000d3e00000, 0x00000000d3e00000|100%| E|CS|TAMS 0x00000000d3d00000, 0x00000000d3d00000| Complete 
|1342|0x00000000d3e00000, 0x00000000d3f00000, 0x00000000d3f00000|100%| E|CS|TAMS 0x00000000d3e00000, 0x00000000d3e00000| Complete 
|1343|0x00000000d3f00000, 0x00000000d4000000, 0x00000000d4000000|100%| E|CS|TAMS 0x00000000d3f00000, 0x00000000d3f00000| Complete 
|1344|0x00000000d4000000, 0x00000000d4100000, 0x00000000d4100000|100%| E|CS|TAMS 0x00000000d4000000, 0x00000000d4000000| Complete 
|1345|0x00000000d4100000, 0x00000000d4200000, 0x00000000d4200000|100%| E|CS|TAMS 0x00000000d4100000, 0x00000000d4100000| Complete 
|1346|0x00000000d4200000, 0x00000000d4300000, 0x00000000d4300000|100%| E|CS|TAMS 0x00000000d4200000, 0x00000000d4200000| Complete 
|1347|0x00000000d4300000, 0x00000000d4400000, 0x00000000d4400000|100%| E|CS|TAMS 0x00000000d4300000, 0x00000000d4300000| Complete 
|1348|0x00000000d4400000, 0x00000000d4500000, 0x00000000d4500000|100%| E|CS|TAMS 0x00000000d4400000, 0x00000000d4400000| Complete 
|1349|0x00000000d4500000, 0x00000000d4600000, 0x00000000d4600000|100%| E|CS|TAMS 0x00000000d4500000, 0x00000000d4500000| Complete 
|1350|0x00000000d4600000, 0x00000000d4700000, 0x00000000d4700000|100%| E|CS|TAMS 0x00000000d4600000, 0x00000000d4600000| Complete 
|1351|0x00000000d4700000, 0x00000000d4800000, 0x00000000d4800000|100%| E|CS|TAMS 0x00000000d4700000, 0x00000000d4700000| Complete 
|1352|0x00000000d4800000, 0x00000000d4900000, 0x00000000d4900000|100%| E|CS|TAMS 0x00000000d4800000, 0x00000000d4800000| Complete 
|1353|0x00000000d4900000, 0x00000000d4a00000, 0x00000000d4a00000|100%| E|CS|TAMS 0x00000000d4900000, 0x00000000d4900000| Complete 
|1354|0x00000000d4a00000, 0x00000000d4b00000, 0x00000000d4b00000|100%| E|CS|TAMS 0x00000000d4a00000, 0x00000000d4a00000| Complete 
|1355|0x00000000d4b00000, 0x00000000d4c00000, 0x00000000d4c00000|100%| E|CS|TAMS 0x00000000d4b00000, 0x00000000d4b00000| Complete 
|1356|0x00000000d4c00000, 0x00000000d4d00000, 0x00000000d4d00000|100%| E|CS|TAMS 0x00000000d4c00000, 0x00000000d4c00000| Complete 
|1357|0x00000000d4d00000, 0x00000000d4e00000, 0x00000000d4e00000|100%| E|CS|TAMS 0x00000000d4d00000, 0x00000000d4d00000| Complete 
|1358|0x00000000d4e00000, 0x00000000d4f00000, 0x00000000d4f00000|100%| E|CS|TAMS 0x00000000d4e00000, 0x00000000d4e00000| Complete 
|1359|0x00000000d4f00000, 0x00000000d5000000, 0x00000000d5000000|100%| E|CS|TAMS 0x00000000d4f00000, 0x00000000d4f00000| Complete 
|1360|0x00000000d5000000, 0x00000000d5100000, 0x00000000d5100000|100%| E|CS|TAMS 0x00000000d5000000, 0x00000000d5000000| Complete 
|1361|0x00000000d5100000, 0x00000000d5200000, 0x00000000d5200000|100%| E|CS|TAMS 0x00000000d5100000, 0x00000000d5100000| Complete 
|1362|0x00000000d5200000, 0x00000000d5300000, 0x00000000d5300000|100%| E|CS|TAMS 0x00000000d5200000, 0x00000000d5200000| Complete 
|1363|0x00000000d5300000, 0x00000000d5400000, 0x00000000d5400000|100%| E|CS|TAMS 0x00000000d5300000, 0x00000000d5300000| Complete 
|1364|0x00000000d5400000, 0x00000000d5500000, 0x00000000d5500000|100%| E|CS|TAMS 0x00000000d5400000, 0x00000000d5400000| Complete 
|1365|0x00000000d5500000, 0x00000000d5600000, 0x00000000d5600000|100%| E|CS|TAMS 0x00000000d5500000, 0x00000000d5500000| Complete 
|1366|0x00000000d5600000, 0x00000000d5700000, 0x00000000d5700000|100%| E|CS|TAMS 0x00000000d5600000, 0x00000000d5600000| Complete 
|1367|0x00000000d5700000, 0x00000000d5800000, 0x00000000d5800000|100%| E|CS|TAMS 0x00000000d5700000, 0x00000000d5700000| Complete 
|1368|0x00000000d5800000, 0x00000000d5900000, 0x00000000d5900000|100%| E|CS|TAMS 0x00000000d5800000, 0x00000000d5800000| Complete 
|1369|0x00000000d5900000, 0x00000000d5a00000, 0x00000000d5a00000|100%| E|CS|TAMS 0x00000000d5900000, 0x00000000d5900000| Complete 
|1370|0x00000000d5a00000, 0x00000000d5b00000, 0x00000000d5b00000|100%| E|CS|TAMS 0x00000000d5a00000, 0x00000000d5a00000| Complete 
|1371|0x00000000d5b00000, 0x00000000d5c00000, 0x00000000d5c00000|100%| E|CS|TAMS 0x00000000d5b00000, 0x00000000d5b00000| Complete 
|1372|0x00000000d5c00000, 0x00000000d5d00000, 0x00000000d5d00000|100%| E|CS|TAMS 0x00000000d5c00000, 0x00000000d5c00000| Complete 
|1373|0x00000000d5d00000, 0x00000000d5e00000, 0x00000000d5e00000|100%| E|CS|TAMS 0x00000000d5d00000, 0x00000000d5d00000| Complete 
|1374|0x00000000d5e00000, 0x00000000d5f00000, 0x00000000d5f00000|100%| E|CS|TAMS 0x00000000d5e00000, 0x00000000d5e00000| Complete 
|1375|0x00000000d5f00000, 0x00000000d6000000, 0x00000000d6000000|100%| E|CS|TAMS 0x00000000d5f00000, 0x00000000d5f00000| Complete 
|1376|0x00000000d6000000, 0x00000000d6100000, 0x00000000d6100000|100%| E|CS|TAMS 0x00000000d6000000, 0x00000000d6000000| Complete 
|1377|0x00000000d6100000, 0x00000000d6200000, 0x00000000d6200000|100%| E|CS|TAMS 0x00000000d6100000, 0x00000000d6100000| Complete 
|1378|0x00000000d6200000, 0x00000000d6300000, 0x00000000d6300000|100%| E|CS|TAMS 0x00000000d6200000, 0x00000000d6200000| Complete 
|1379|0x00000000d6300000, 0x00000000d6400000, 0x00000000d6400000|100%| E|CS|TAMS 0x00000000d6300000, 0x00000000d6300000| Complete 
|1380|0x00000000d6400000, 0x00000000d6500000, 0x00000000d6500000|100%| E|CS|TAMS 0x00000000d6400000, 0x00000000d6400000| Complete 
|1381|0x00000000d6500000, 0x00000000d6600000, 0x00000000d6600000|100%| E|CS|TAMS 0x00000000d6500000, 0x00000000d6500000| Complete 
|1382|0x00000000d6600000, 0x00000000d6700000, 0x00000000d6700000|100%| E|CS|TAMS 0x00000000d6600000, 0x00000000d6600000| Complete 
|1383|0x00000000d6700000, 0x00000000d6800000, 0x00000000d6800000|100%| E|CS|TAMS 0x00000000d6700000, 0x00000000d6700000| Complete 
|1384|0x00000000d6800000, 0x00000000d6900000, 0x00000000d6900000|100%| E|CS|TAMS 0x00000000d6800000, 0x00000000d6800000| Complete 
|1385|0x00000000d6900000, 0x00000000d6a00000, 0x00000000d6a00000|100%| E|CS|TAMS 0x00000000d6900000, 0x00000000d6900000| Complete 
|1386|0x00000000d6a00000, 0x00000000d6b00000, 0x00000000d6b00000|100%| E|CS|TAMS 0x00000000d6a00000, 0x00000000d6a00000| Complete 
|1387|0x00000000d6b00000, 0x00000000d6c00000, 0x00000000d6c00000|100%| E|CS|TAMS 0x00000000d6b00000, 0x00000000d6b00000| Complete 
|1388|0x00000000d6c00000, 0x00000000d6d00000, 0x00000000d6d00000|100%| E|CS|TAMS 0x00000000d6c00000, 0x00000000d6c00000| Complete 
|1389|0x00000000d6d00000, 0x00000000d6e00000, 0x00000000d6e00000|100%| E|CS|TAMS 0x00000000d6d00000, 0x00000000d6d00000| Complete 
|1390|0x00000000d6e00000, 0x00000000d6f00000, 0x00000000d6f00000|100%| E|CS|TAMS 0x00000000d6e00000, 0x00000000d6e00000| Complete 
|1391|0x00000000d6f00000, 0x00000000d7000000, 0x00000000d7000000|100%| E|CS|TAMS 0x00000000d6f00000, 0x00000000d6f00000| Complete 
|1392|0x00000000d7000000, 0x00000000d7100000, 0x00000000d7100000|100%| E|CS|TAMS 0x00000000d7000000, 0x00000000d7000000| Complete 
|1393|0x00000000d7100000, 0x00000000d7200000, 0x00000000d7200000|100%| E|CS|TAMS 0x00000000d7100000, 0x00000000d7100000| Complete 
|1394|0x00000000d7200000, 0x00000000d7300000, 0x00000000d7300000|100%| E|CS|TAMS 0x00000000d7200000, 0x00000000d7200000| Complete 
|1395|0x00000000d7300000, 0x00000000d7400000, 0x00000000d7400000|100%| E|CS|TAMS 0x00000000d7300000, 0x00000000d7300000| Complete 
|1396|0x00000000d7400000, 0x00000000d7500000, 0x00000000d7500000|100%| E|CS|TAMS 0x00000000d7400000, 0x00000000d7400000| Complete 
|1397|0x00000000d7500000, 0x00000000d7600000, 0x00000000d7600000|100%| E|CS|TAMS 0x00000000d7500000, 0x00000000d7500000| Complete 
|1398|0x00000000d7600000, 0x00000000d7700000, 0x00000000d7700000|100%| E|CS|TAMS 0x00000000d7600000, 0x00000000d7600000| Complete 
|1399|0x00000000d7700000, 0x00000000d7800000, 0x00000000d7800000|100%| E|CS|TAMS 0x00000000d7700000, 0x00000000d7700000| Complete 
|1400|0x00000000d7800000, 0x00000000d7900000, 0x00000000d7900000|100%| E|CS|TAMS 0x00000000d7800000, 0x00000000d7800000| Complete 
|1401|0x00000000d7900000, 0x00000000d7a00000, 0x00000000d7a00000|100%| E|CS|TAMS 0x00000000d7900000, 0x00000000d7900000| Complete 
|1402|0x00000000d7a00000, 0x00000000d7b00000, 0x00000000d7b00000|100%| E|CS|TAMS 0x00000000d7a00000, 0x00000000d7a00000| Complete 
|1403|0x00000000d7b00000, 0x00000000d7c00000, 0x00000000d7c00000|100%| E|CS|TAMS 0x00000000d7b00000, 0x00000000d7b00000| Complete 
|1404|0x00000000d7c00000, 0x00000000d7d00000, 0x00000000d7d00000|100%| E|CS|TAMS 0x00000000d7c00000, 0x00000000d7c00000| Complete 
|1405|0x00000000d7d00000, 0x00000000d7e00000, 0x00000000d7e00000|100%| E|CS|TAMS 0x00000000d7d00000, 0x00000000d7d00000| Complete 
|1406|0x00000000d7e00000, 0x00000000d7f00000, 0x00000000d7f00000|100%| E|CS|TAMS 0x00000000d7e00000, 0x00000000d7e00000| Complete 
|1407|0x00000000d7f00000, 0x00000000d8000000, 0x00000000d8000000|100%| E|CS|TAMS 0x00000000d7f00000, 0x00000000d7f00000| Complete 
|1408|0x00000000d8000000, 0x00000000d8100000, 0x00000000d8100000|100%| E|CS|TAMS 0x00000000d8000000, 0x00000000d8000000| Complete 
|1409|0x00000000d8100000, 0x00000000d8200000, 0x00000000d8200000|100%| E|CS|TAMS 0x00000000d8100000, 0x00000000d8100000| Complete 
|1410|0x00000000d8200000, 0x00000000d8300000, 0x00000000d8300000|100%| E|CS|TAMS 0x00000000d8200000, 0x00000000d8200000| Complete 
|1411|0x00000000d8300000, 0x00000000d8400000, 0x00000000d8400000|100%| E|CS|TAMS 0x00000000d8300000, 0x00000000d8300000| Complete 
|1412|0x00000000d8400000, 0x00000000d8500000, 0x00000000d8500000|100%| E|CS|TAMS 0x00000000d8400000, 0x00000000d8400000| Complete 
|1413|0x00000000d8500000, 0x00000000d8600000, 0x00000000d8600000|100%| E|CS|TAMS 0x00000000d8500000, 0x00000000d8500000| Complete 
|1414|0x00000000d8600000, 0x00000000d8700000, 0x00000000d8700000|100%| E|CS|TAMS 0x00000000d8600000, 0x00000000d8600000| Complete 
|1415|0x00000000d8700000, 0x00000000d8800000, 0x00000000d8800000|100%| E|CS|TAMS 0x00000000d8700000, 0x00000000d8700000| Complete 
|1416|0x00000000d8800000, 0x00000000d8900000, 0x00000000d8900000|100%| E|CS|TAMS 0x00000000d8800000, 0x00000000d8800000| Complete 
|1417|0x00000000d8900000, 0x00000000d8a00000, 0x00000000d8a00000|100%| E|CS|TAMS 0x00000000d8900000, 0x00000000d8900000| Complete 
|1418|0x00000000d8a00000, 0x00000000d8b00000, 0x00000000d8b00000|100%| E|CS|TAMS 0x00000000d8a00000, 0x00000000d8a00000| Complete 
|1419|0x00000000d8b00000, 0x00000000d8c00000, 0x00000000d8c00000|100%| E|CS|TAMS 0x00000000d8b00000, 0x00000000d8b00000| Complete 
|1420|0x00000000d8c00000, 0x00000000d8d00000, 0x00000000d8d00000|100%| E|CS|TAMS 0x00000000d8c00000, 0x00000000d8c00000| Complete 
|1421|0x00000000d8d00000, 0x00000000d8e00000, 0x00000000d8e00000|100%| E|CS|TAMS 0x00000000d8d00000, 0x00000000d8d00000| Complete 
|1422|0x00000000d8e00000, 0x00000000d8f00000, 0x00000000d8f00000|100%| E|CS|TAMS 0x00000000d8e00000, 0x00000000d8e00000| Complete 
|1423|0x00000000d8f00000, 0x00000000d9000000, 0x00000000d9000000|100%| E|CS|TAMS 0x00000000d8f00000, 0x00000000d8f00000| Complete 
|1424|0x00000000d9000000, 0x00000000d9100000, 0x00000000d9100000|100%| E|CS|TAMS 0x00000000d9000000, 0x00000000d9000000| Complete 
|1425|0x00000000d9100000, 0x00000000d9200000, 0x00000000d9200000|100%| E|CS|TAMS 0x00000000d9100000, 0x00000000d9100000| Complete 
|1426|0x00000000d9200000, 0x00000000d9300000, 0x00000000d9300000|100%| E|CS|TAMS 0x00000000d9200000, 0x00000000d9200000| Complete 
|1427|0x00000000d9300000, 0x00000000d9400000, 0x00000000d9400000|100%| E|CS|TAMS 0x00000000d9300000, 0x00000000d9300000| Complete 
|1428|0x00000000d9400000, 0x00000000d9500000, 0x00000000d9500000|100%| E|CS|TAMS 0x00000000d9400000, 0x00000000d9400000| Complete 
|1429|0x00000000d9500000, 0x00000000d9600000, 0x00000000d9600000|100%| E|CS|TAMS 0x00000000d9500000, 0x00000000d9500000| Complete 
|1430|0x00000000d9600000, 0x00000000d9700000, 0x00000000d9700000|100%| E|CS|TAMS 0x00000000d9600000, 0x00000000d9600000| Complete 
|1431|0x00000000d9700000, 0x00000000d9800000, 0x00000000d9800000|100%| E|CS|TAMS 0x00000000d9700000, 0x00000000d9700000| Complete 
|1432|0x00000000d9800000, 0x00000000d9900000, 0x00000000d9900000|100%| E|CS|TAMS 0x00000000d9800000, 0x00000000d9800000| Complete 
|1433|0x00000000d9900000, 0x00000000d9a00000, 0x00000000d9a00000|100%| E|CS|TAMS 0x00000000d9900000, 0x00000000d9900000| Complete 
|1434|0x00000000d9a00000, 0x00000000d9b00000, 0x00000000d9b00000|100%| E|CS|TAMS 0x00000000d9a00000, 0x00000000d9a00000| Complete 
|1435|0x00000000d9b00000, 0x00000000d9c00000, 0x00000000d9c00000|100%| E|CS|TAMS 0x00000000d9b00000, 0x00000000d9b00000| Complete 
|1436|0x00000000d9c00000, 0x00000000d9d00000, 0x00000000d9d00000|100%| E|CS|TAMS 0x00000000d9c00000, 0x00000000d9c00000| Complete 
|1437|0x00000000d9d00000, 0x00000000d9e00000, 0x00000000d9e00000|100%| E|CS|TAMS 0x00000000d9d00000, 0x00000000d9d00000| Complete 
|1438|0x00000000d9e00000, 0x00000000d9f00000, 0x00000000d9f00000|100%| E|CS|TAMS 0x00000000d9e00000, 0x00000000d9e00000| Complete 
|1439|0x00000000d9f00000, 0x00000000da000000, 0x00000000da000000|100%| E|CS|TAMS 0x00000000d9f00000, 0x00000000d9f00000| Complete 
|1440|0x00000000da000000, 0x00000000da100000, 0x00000000da100000|100%| E|CS|TAMS 0x00000000da000000, 0x00000000da000000| Complete 
|1441|0x00000000da100000, 0x00000000da200000, 0x00000000da200000|100%| E|CS|TAMS 0x00000000da100000, 0x00000000da100000| Complete 
|1442|0x00000000da200000, 0x00000000da300000, 0x00000000da300000|100%| E|CS|TAMS 0x00000000da200000, 0x00000000da200000| Complete 
|1443|0x00000000da300000, 0x00000000da400000, 0x00000000da400000|100%| E|CS|TAMS 0x00000000da300000, 0x00000000da300000| Complete 
|1444|0x00000000da400000, 0x00000000da500000, 0x00000000da500000|100%| E|CS|TAMS 0x00000000da400000, 0x00000000da400000| Complete 
|1445|0x00000000da500000, 0x00000000da600000, 0x00000000da600000|100%| E|CS|TAMS 0x00000000da500000, 0x00000000da500000| Complete 
|1446|0x00000000da600000, 0x00000000da700000, 0x00000000da700000|100%| E|CS|TAMS 0x00000000da600000, 0x00000000da600000| Complete 
|1447|0x00000000da700000, 0x00000000da800000, 0x00000000da800000|100%| E|CS|TAMS 0x00000000da700000, 0x00000000da700000| Complete 
|1448|0x00000000da800000, 0x00000000da900000, 0x00000000da900000|100%| E|CS|TAMS 0x00000000da800000, 0x00000000da800000| Complete 
|1449|0x00000000da900000, 0x00000000daa00000, 0x00000000daa00000|100%| E|CS|TAMS 0x00000000da900000, 0x00000000da900000| Complete 
|1450|0x00000000daa00000, 0x00000000dab00000, 0x00000000dab00000|100%| E|CS|TAMS 0x00000000daa00000, 0x00000000daa00000| Complete 
|1451|0x00000000dab00000, 0x00000000dac00000, 0x00000000dac00000|100%| E|CS|TAMS 0x00000000dab00000, 0x00000000dab00000| Complete 
|1452|0x00000000dac00000, 0x00000000dad00000, 0x00000000dad00000|100%| E|CS|TAMS 0x00000000dac00000, 0x00000000dac00000| Complete 
|1453|0x00000000dad00000, 0x00000000dae00000, 0x00000000dae00000|100%| E|CS|TAMS 0x00000000dad00000, 0x00000000dad00000| Complete 
|1454|0x00000000dae00000, 0x00000000daf00000, 0x00000000daf00000|100%| E|CS|TAMS 0x00000000dae00000, 0x00000000dae00000| Complete 
|1455|0x00000000daf00000, 0x00000000db000000, 0x00000000db000000|100%| E|CS|TAMS 0x00000000daf00000, 0x00000000daf00000| Complete 
|1456|0x00000000db000000, 0x00000000db100000, 0x00000000db100000|100%| E|CS|TAMS 0x00000000db000000, 0x00000000db000000| Complete 
|1457|0x00000000db100000, 0x00000000db200000, 0x00000000db200000|100%| E|CS|TAMS 0x00000000db100000, 0x00000000db100000| Complete 
|1458|0x00000000db200000, 0x00000000db300000, 0x00000000db300000|100%| E|CS|TAMS 0x00000000db200000, 0x00000000db200000| Complete 
|1459|0x00000000db300000, 0x00000000db400000, 0x00000000db400000|100%| E|CS|TAMS 0x00000000db300000, 0x00000000db300000| Complete 
|1460|0x00000000db400000, 0x00000000db500000, 0x00000000db500000|100%| E|CS|TAMS 0x00000000db400000, 0x00000000db400000| Complete 
|1461|0x00000000db500000, 0x00000000db600000, 0x00000000db600000|100%| E|CS|TAMS 0x00000000db500000, 0x00000000db500000| Complete 
|1462|0x00000000db600000, 0x00000000db700000, 0x00000000db700000|100%| E|CS|TAMS 0x00000000db600000, 0x00000000db600000| Complete 
|1463|0x00000000db700000, 0x00000000db800000, 0x00000000db800000|100%| E|CS|TAMS 0x00000000db700000, 0x00000000db700000| Complete 
|1464|0x00000000db800000, 0x00000000db900000, 0x00000000db900000|100%| E|CS|TAMS 0x00000000db800000, 0x00000000db800000| Complete 
|1465|0x00000000db900000, 0x00000000dba00000, 0x00000000dba00000|100%| E|CS|TAMS 0x00000000db900000, 0x00000000db900000| Complete 
|1466|0x00000000dba00000, 0x00000000dbb00000, 0x00000000dbb00000|100%| E|CS|TAMS 0x00000000dba00000, 0x00000000dba00000| Complete 
|1467|0x00000000dbb00000, 0x00000000dbc00000, 0x00000000dbc00000|100%| E|CS|TAMS 0x00000000dbb00000, 0x00000000dbb00000| Complete 
|1468|0x00000000dbc00000, 0x00000000dbd00000, 0x00000000dbd00000|100%| E|CS|TAMS 0x00000000dbc00000, 0x00000000dbc00000| Complete 
|1469|0x00000000dbd00000, 0x00000000dbe00000, 0x00000000dbe00000|100%| E|CS|TAMS 0x00000000dbd00000, 0x00000000dbd00000| Complete 
|1470|0x00000000dbe00000, 0x00000000dbf00000, 0x00000000dbf00000|100%| E|CS|TAMS 0x00000000dbe00000, 0x00000000dbe00000| Complete 
|1471|0x00000000dbf00000, 0x00000000dc000000, 0x00000000dc000000|100%| E|CS|TAMS 0x00000000dbf00000, 0x00000000dbf00000| Complete 
|1472|0x00000000dc000000, 0x00000000dc100000, 0x00000000dc100000|100%| E|CS|TAMS 0x00000000dc000000, 0x00000000dc000000| Complete 
|1473|0x00000000dc100000, 0x00000000dc200000, 0x00000000dc200000|100%| E|CS|TAMS 0x00000000dc100000, 0x00000000dc100000| Complete 
|1474|0x00000000dc200000, 0x00000000dc300000, 0x00000000dc300000|100%| E|CS|TAMS 0x00000000dc200000, 0x00000000dc200000| Complete 
|1475|0x00000000dc300000, 0x00000000dc400000, 0x00000000dc400000|100%| E|CS|TAMS 0x00000000dc300000, 0x00000000dc300000| Complete 
|1476|0x00000000dc400000, 0x00000000dc500000, 0x00000000dc500000|100%| E|CS|TAMS 0x00000000dc400000, 0x00000000dc400000| Complete 
|1477|0x00000000dc500000, 0x00000000dc600000, 0x00000000dc600000|100%| E|CS|TAMS 0x00000000dc500000, 0x00000000dc500000| Complete 
|1478|0x00000000dc600000, 0x00000000dc700000, 0x00000000dc700000|100%| E|CS|TAMS 0x00000000dc600000, 0x00000000dc600000| Complete 
|1479|0x00000000dc700000, 0x00000000dc800000, 0x00000000dc800000|100%| E|CS|TAMS 0x00000000dc700000, 0x00000000dc700000| Complete 
|1480|0x00000000dc800000, 0x00000000dc900000, 0x00000000dc900000|100%| E|CS|TAMS 0x00000000dc800000, 0x00000000dc800000| Complete 
|1481|0x00000000dc900000, 0x00000000dca00000, 0x00000000dca00000|100%| E|CS|TAMS 0x00000000dc900000, 0x00000000dc900000| Complete 
|1482|0x00000000dca00000, 0x00000000dcb00000, 0x00000000dcb00000|100%| E|CS|TAMS 0x00000000dca00000, 0x00000000dca00000| Complete 
|1483|0x00000000dcb00000, 0x00000000dcc00000, 0x00000000dcc00000|100%| E|CS|TAMS 0x00000000dcb00000, 0x00000000dcb00000| Complete 
|1484|0x00000000dcc00000, 0x00000000dcd00000, 0x00000000dcd00000|100%| E|CS|TAMS 0x00000000dcc00000, 0x00000000dcc00000| Complete 
|1485|0x00000000dcd00000, 0x00000000dce00000, 0x00000000dce00000|100%| E|CS|TAMS 0x00000000dcd00000, 0x00000000dcd00000| Complete 
|1486|0x00000000dce00000, 0x00000000dcf00000, 0x00000000dcf00000|100%| E|CS|TAMS 0x00000000dce00000, 0x00000000dce00000| Complete 
|1487|0x00000000dcf00000, 0x00000000dd000000, 0x00000000dd000000|100%| E|CS|TAMS 0x00000000dcf00000, 0x00000000dcf00000| Complete 
|1488|0x00000000dd000000, 0x00000000dd100000, 0x00000000dd100000|100%| E|CS|TAMS 0x00000000dd000000, 0x00000000dd000000| Complete 
|1489|0x00000000dd100000, 0x00000000dd200000, 0x00000000dd200000|100%| E|CS|TAMS 0x00000000dd100000, 0x00000000dd100000| Complete 
|1490|0x00000000dd200000, 0x00000000dd300000, 0x00000000dd300000|100%| E|CS|TAMS 0x00000000dd200000, 0x00000000dd200000| Complete 
|1491|0x00000000dd300000, 0x00000000dd400000, 0x00000000dd400000|100%| E|CS|TAMS 0x00000000dd300000, 0x00000000dd300000| Complete 
|1492|0x00000000dd400000, 0x00000000dd500000, 0x00000000dd500000|100%| E|CS|TAMS 0x00000000dd400000, 0x00000000dd400000| Complete 
|1493|0x00000000dd500000, 0x00000000dd600000, 0x00000000dd600000|100%| E|CS|TAMS 0x00000000dd500000, 0x00000000dd500000| Complete 
|1494|0x00000000dd600000, 0x00000000dd700000, 0x00000000dd700000|100%| E|CS|TAMS 0x00000000dd600000, 0x00000000dd600000| Complete 
|1495|0x00000000dd700000, 0x00000000dd800000, 0x00000000dd800000|100%| E|CS|TAMS 0x00000000dd700000, 0x00000000dd700000| Complete 
|1496|0x00000000dd800000, 0x00000000dd900000, 0x00000000dd900000|100%| E|CS|TAMS 0x00000000dd800000, 0x00000000dd800000| Complete 
|1497|0x00000000dd900000, 0x00000000dda00000, 0x00000000dda00000|100%| E|CS|TAMS 0x00000000dd900000, 0x00000000dd900000| Complete 
|1498|0x00000000dda00000, 0x00000000ddb00000, 0x00000000ddb00000|100%| E|CS|TAMS 0x00000000dda00000, 0x00000000dda00000| Complete 
|1499|0x00000000ddb00000, 0x00000000ddc00000, 0x00000000ddc00000|100%| E|CS|TAMS 0x00000000ddb00000, 0x00000000ddb00000| Complete 
|1500|0x00000000ddc00000, 0x00000000ddd00000, 0x00000000ddd00000|100%| E|CS|TAMS 0x00000000ddc00000, 0x00000000ddc00000| Complete 
|1501|0x00000000ddd00000, 0x00000000dde00000, 0x00000000dde00000|100%| E|CS|TAMS 0x00000000ddd00000, 0x00000000ddd00000| Complete 
|1502|0x00000000dde00000, 0x00000000ddf00000, 0x00000000ddf00000|100%| E|CS|TAMS 0x00000000dde00000, 0x00000000dde00000| Complete 
|1503|0x00000000ddf00000, 0x00000000de000000, 0x00000000de000000|100%| E|CS|TAMS 0x00000000ddf00000, 0x00000000ddf00000| Complete 
|1504|0x00000000de000000, 0x00000000de100000, 0x00000000de100000|100%| E|CS|TAMS 0x00000000de000000, 0x00000000de000000| Complete 
|1505|0x00000000de100000, 0x00000000de200000, 0x00000000de200000|100%| E|CS|TAMS 0x00000000de100000, 0x00000000de100000| Complete 
|1506|0x00000000de200000, 0x00000000de300000, 0x00000000de300000|100%| E|CS|TAMS 0x00000000de200000, 0x00000000de200000| Complete 
|1507|0x00000000de300000, 0x00000000de400000, 0x00000000de400000|100%| E|CS|TAMS 0x00000000de300000, 0x00000000de300000| Complete 
|1508|0x00000000de400000, 0x00000000de500000, 0x00000000de500000|100%| E|CS|TAMS 0x00000000de400000, 0x00000000de400000| Complete 
|1509|0x00000000de500000, 0x00000000de600000, 0x00000000de600000|100%| E|CS|TAMS 0x00000000de500000, 0x00000000de500000| Complete 
|1510|0x00000000de600000, 0x00000000de700000, 0x00000000de700000|100%| E|CS|TAMS 0x00000000de600000, 0x00000000de600000| Complete 
|1511|0x00000000de700000, 0x00000000de800000, 0x00000000de800000|100%| E|CS|TAMS 0x00000000de700000, 0x00000000de700000| Complete 
|1512|0x00000000de800000, 0x00000000de900000, 0x00000000de900000|100%| E|CS|TAMS 0x00000000de800000, 0x00000000de800000| Complete 
|1513|0x00000000de900000, 0x00000000dea00000, 0x00000000dea00000|100%| E|CS|TAMS 0x00000000de900000, 0x00000000de900000| Complete 
|1514|0x00000000dea00000, 0x00000000deb00000, 0x00000000deb00000|100%| E|CS|TAMS 0x00000000dea00000, 0x00000000dea00000| Complete 
|1515|0x00000000deb00000, 0x00000000dec00000, 0x00000000dec00000|100%| E|CS|TAMS 0x00000000deb00000, 0x00000000deb00000| Complete 
|1516|0x00000000dec00000, 0x00000000ded00000, 0x00000000ded00000|100%| E|CS|TAMS 0x00000000dec00000, 0x00000000dec00000| Complete 
|1517|0x00000000ded00000, 0x00000000dee00000, 0x00000000dee00000|100%| E|CS|TAMS 0x00000000ded00000, 0x00000000ded00000| Complete 
|1518|0x00000000dee00000, 0x00000000def00000, 0x00000000def00000|100%| E|CS|TAMS 0x00000000dee00000, 0x00000000dee00000| Complete 
|1519|0x00000000def00000, 0x00000000df000000, 0x00000000df000000|100%| E|CS|TAMS 0x00000000def00000, 0x00000000def00000| Complete 
|1520|0x00000000df000000, 0x00000000df100000, 0x00000000df100000|100%| E|CS|TAMS 0x00000000df000000, 0x00000000df000000| Complete 
|1521|0x00000000df100000, 0x00000000df200000, 0x00000000df200000|100%| E|CS|TAMS 0x00000000df100000, 0x00000000df100000| Complete 
|1522|0x00000000df200000, 0x00000000df300000, 0x00000000df300000|100%| E|CS|TAMS 0x00000000df200000, 0x00000000df200000| Complete 
|1523|0x00000000df300000, 0x00000000df400000, 0x00000000df400000|100%| E|CS|TAMS 0x00000000df300000, 0x00000000df300000| Complete 
|1524|0x00000000df400000, 0x00000000df500000, 0x00000000df500000|100%| E|CS|TAMS 0x00000000df400000, 0x00000000df400000| Complete 
|1525|0x00000000df500000, 0x00000000df600000, 0x00000000df600000|100%| E|CS|TAMS 0x00000000df500000, 0x00000000df500000| Complete 
|1526|0x00000000df600000, 0x00000000df700000, 0x00000000df700000|100%| E|CS|TAMS 0x00000000df600000, 0x00000000df600000| Complete 
|1527|0x00000000df700000, 0x00000000df800000, 0x00000000df800000|100%| E|CS|TAMS 0x00000000df700000, 0x00000000df700000| Complete 
|1528|0x00000000df800000, 0x00000000df900000, 0x00000000df900000|100%| E|CS|TAMS 0x00000000df800000, 0x00000000df800000| Complete 
|1529|0x00000000df900000, 0x00000000dfa00000, 0x00000000dfa00000|100%| E|CS|TAMS 0x00000000df900000, 0x00000000df900000| Complete 
|1530|0x00000000dfa00000, 0x00000000dfb00000, 0x00000000dfb00000|100%| E|CS|TAMS 0x00000000dfa00000, 0x00000000dfa00000| Complete 
|1531|0x00000000dfb00000, 0x00000000dfc00000, 0x00000000dfc00000|100%| E|CS|TAMS 0x00000000dfb00000, 0x00000000dfb00000| Complete 
|1532|0x00000000dfc00000, 0x00000000dfd00000, 0x00000000dfd00000|100%| E|CS|TAMS 0x00000000dfc00000, 0x00000000dfc00000| Complete 
|1533|0x00000000dfd00000, 0x00000000dfe00000, 0x00000000dfe00000|100%| E|CS|TAMS 0x00000000dfd00000, 0x00000000dfd00000| Complete 
|1534|0x00000000dfe00000, 0x00000000dff00000, 0x00000000dff00000|100%| E|CS|TAMS 0x00000000dfe00000, 0x00000000dfe00000| Complete 
|1535|0x00000000dff00000, 0x00000000e0000000, 0x00000000e0000000|100%| E|CS|TAMS 0x00000000dff00000, 0x00000000dff00000| Complete 
|1536|0x00000000e0000000, 0x00000000e0100000, 0x00000000e0100000|100%| E|CS|TAMS 0x00000000e0000000, 0x00000000e0000000| Complete 
|1537|0x00000000e0100000, 0x00000000e0200000, 0x00000000e0200000|100%| E|CS|TAMS 0x00000000e0100000, 0x00000000e0100000| Complete 
|1538|0x00000000e0200000, 0x00000000e0300000, 0x00000000e0300000|100%| E|CS|TAMS 0x00000000e0200000, 0x00000000e0200000| Complete 
|1539|0x00000000e0300000, 0x00000000e0400000, 0x00000000e0400000|100%| E|CS|TAMS 0x00000000e0300000, 0x00000000e0300000| Complete 
|1540|0x00000000e0400000, 0x00000000e0500000, 0x00000000e0500000|100%| E|CS|TAMS 0x00000000e0400000, 0x00000000e0400000| Complete 
|1541|0x00000000e0500000, 0x00000000e0600000, 0x00000000e0600000|100%| E|CS|TAMS 0x00000000e0500000, 0x00000000e0500000| Complete 
|1542|0x00000000e0600000, 0x00000000e0700000, 0x00000000e0700000|100%| E|CS|TAMS 0x00000000e0600000, 0x00000000e0600000| Complete 
|1543|0x00000000e0700000, 0x00000000e0800000, 0x00000000e0800000|100%| E|CS|TAMS 0x00000000e0700000, 0x00000000e0700000| Complete 
|1544|0x00000000e0800000, 0x00000000e0900000, 0x00000000e0900000|100%| E|CS|TAMS 0x00000000e0800000, 0x00000000e0800000| Complete 
|1545|0x00000000e0900000, 0x00000000e0a00000, 0x00000000e0a00000|100%| E|CS|TAMS 0x00000000e0900000, 0x00000000e0900000| Complete 
|1546|0x00000000e0a00000, 0x00000000e0b00000, 0x00000000e0b00000|100%| E|CS|TAMS 0x00000000e0a00000, 0x00000000e0a00000| Complete 
|1547|0x00000000e0b00000, 0x00000000e0c00000, 0x00000000e0c00000|100%| E|CS|TAMS 0x00000000e0b00000, 0x00000000e0b00000| Complete 
|1548|0x00000000e0c00000, 0x00000000e0d00000, 0x00000000e0d00000|100%| E|CS|TAMS 0x00000000e0c00000, 0x00000000e0c00000| Complete 
|1549|0x00000000e0d00000, 0x00000000e0e00000, 0x00000000e0e00000|100%| E|CS|TAMS 0x00000000e0d00000, 0x00000000e0d00000| Complete 
|1550|0x00000000e0e00000, 0x00000000e0f00000, 0x00000000e0f00000|100%| E|CS|TAMS 0x00000000e0e00000, 0x00000000e0e00000| Complete 
|1551|0x00000000e0f00000, 0x00000000e1000000, 0x00000000e1000000|100%| E|CS|TAMS 0x00000000e0f00000, 0x00000000e0f00000| Complete 
|1552|0x00000000e1000000, 0x00000000e1100000, 0x00000000e1100000|100%| E|CS|TAMS 0x00000000e1000000, 0x00000000e1000000| Complete 
|1553|0x00000000e1100000, 0x00000000e1200000, 0x00000000e1200000|100%| E|CS|TAMS 0x00000000e1100000, 0x00000000e1100000| Complete 
|1554|0x00000000e1200000, 0x00000000e1300000, 0x00000000e1300000|100%| E|CS|TAMS 0x00000000e1200000, 0x00000000e1200000| Complete 
|1555|0x00000000e1300000, 0x00000000e1400000, 0x00000000e1400000|100%| E|CS|TAMS 0x00000000e1300000, 0x00000000e1300000| Complete 
|1556|0x00000000e1400000, 0x00000000e1500000, 0x00000000e1500000|100%| E|CS|TAMS 0x00000000e1400000, 0x00000000e1400000| Complete 
|1557|0x00000000e1500000, 0x00000000e1600000, 0x00000000e1600000|100%| E|CS|TAMS 0x00000000e1500000, 0x00000000e1500000| Complete 
|1558|0x00000000e1600000, 0x00000000e1700000, 0x00000000e1700000|100%| E|CS|TAMS 0x00000000e1600000, 0x00000000e1600000| Complete 
|1559|0x00000000e1700000, 0x00000000e1800000, 0x00000000e1800000|100%| E|CS|TAMS 0x00000000e1700000, 0x00000000e1700000| Complete 
|1560|0x00000000e1800000, 0x00000000e1900000, 0x00000000e1900000|100%| E|CS|TAMS 0x00000000e1800000, 0x00000000e1800000| Complete 
|1561|0x00000000e1900000, 0x00000000e1a00000, 0x00000000e1a00000|100%| E|CS|TAMS 0x00000000e1900000, 0x00000000e1900000| Complete 
|1562|0x00000000e1a00000, 0x00000000e1b00000, 0x00000000e1b00000|100%| E|CS|TAMS 0x00000000e1a00000, 0x00000000e1a00000| Complete 
|1563|0x00000000e1b00000, 0x00000000e1c00000, 0x00000000e1c00000|100%| E|CS|TAMS 0x00000000e1b00000, 0x00000000e1b00000| Complete 
|1564|0x00000000e1c00000, 0x00000000e1d00000, 0x00000000e1d00000|100%| E|CS|TAMS 0x00000000e1c00000, 0x00000000e1c00000| Complete 
|1565|0x00000000e1d00000, 0x00000000e1e00000, 0x00000000e1e00000|100%| E|CS|TAMS 0x00000000e1d00000, 0x00000000e1d00000| Complete 
|1566|0x00000000e1e00000, 0x00000000e1f00000, 0x00000000e1f00000|100%| E|CS|TAMS 0x00000000e1e00000, 0x00000000e1e00000| Complete 
|1567|0x00000000e1f00000, 0x00000000e2000000, 0x00000000e2000000|100%| E|CS|TAMS 0x00000000e1f00000, 0x00000000e1f00000| Complete 
|1568|0x00000000e2000000, 0x00000000e2100000, 0x00000000e2100000|100%| E|CS|TAMS 0x00000000e2000000, 0x00000000e2000000| Complete 
|1569|0x00000000e2100000, 0x00000000e2200000, 0x00000000e2200000|100%| E|CS|TAMS 0x00000000e2100000, 0x00000000e2100000| Complete 
|1570|0x00000000e2200000, 0x00000000e2300000, 0x00000000e2300000|100%| E|CS|TAMS 0x00000000e2200000, 0x00000000e2200000| Complete 
|1571|0x00000000e2300000, 0x00000000e2400000, 0x00000000e2400000|100%| E|CS|TAMS 0x00000000e2300000, 0x00000000e2300000| Complete 
|1572|0x00000000e2400000, 0x00000000e2500000, 0x00000000e2500000|100%| E|CS|TAMS 0x00000000e2400000, 0x00000000e2400000| Complete 
|1573|0x00000000e2500000, 0x00000000e2600000, 0x00000000e2600000|100%| E|CS|TAMS 0x00000000e2500000, 0x00000000e2500000| Complete 
|1574|0x00000000e2600000, 0x00000000e2700000, 0x00000000e2700000|100%| E|CS|TAMS 0x00000000e2600000, 0x00000000e2600000| Complete 
|1575|0x00000000e2700000, 0x00000000e2800000, 0x00000000e2800000|100%| E|CS|TAMS 0x00000000e2700000, 0x00000000e2700000| Complete 
|1576|0x00000000e2800000, 0x00000000e2900000, 0x00000000e2900000|100%| E|CS|TAMS 0x00000000e2800000, 0x00000000e2800000| Complete 
|1577|0x00000000e2900000, 0x00000000e2a00000, 0x00000000e2a00000|100%| E|CS|TAMS 0x00000000e2900000, 0x00000000e2900000| Complete 
|1578|0x00000000e2a00000, 0x00000000e2b00000, 0x00000000e2b00000|100%| E|CS|TAMS 0x00000000e2a00000, 0x00000000e2a00000| Complete 
|1579|0x00000000e2b00000, 0x00000000e2c00000, 0x00000000e2c00000|100%| E|CS|TAMS 0x00000000e2b00000, 0x00000000e2b00000| Complete 
|1580|0x00000000e2c00000, 0x00000000e2d00000, 0x00000000e2d00000|100%| E|CS|TAMS 0x00000000e2c00000, 0x00000000e2c00000| Complete 
|1581|0x00000000e2d00000, 0x00000000e2e00000, 0x00000000e2e00000|100%| E|CS|TAMS 0x00000000e2d00000, 0x00000000e2d00000| Complete 
|1582|0x00000000e2e00000, 0x00000000e2f00000, 0x00000000e2f00000|100%| E|CS|TAMS 0x00000000e2e00000, 0x00000000e2e00000| Complete 
|1583|0x00000000e2f00000, 0x00000000e3000000, 0x00000000e3000000|100%| E|CS|TAMS 0x00000000e2f00000, 0x00000000e2f00000| Complete 
|1584|0x00000000e3000000, 0x00000000e3100000, 0x00000000e3100000|100%| E|CS|TAMS 0x00000000e3000000, 0x00000000e3000000| Complete 
|1585|0x00000000e3100000, 0x00000000e3200000, 0x00000000e3200000|100%| E|CS|TAMS 0x00000000e3100000, 0x00000000e3100000| Complete 
|1586|0x00000000e3200000, 0x00000000e3300000, 0x00000000e3300000|100%| E|CS|TAMS 0x00000000e3200000, 0x00000000e3200000| Complete 
|1587|0x00000000e3300000, 0x00000000e3400000, 0x00000000e3400000|100%| E|CS|TAMS 0x00000000e3300000, 0x00000000e3300000| Complete 
|1588|0x00000000e3400000, 0x00000000e3500000, 0x00000000e3500000|100%| E|CS|TAMS 0x00000000e3400000, 0x00000000e3400000| Complete 
|1589|0x00000000e3500000, 0x00000000e3600000, 0x00000000e3600000|100%| E|CS|TAMS 0x00000000e3500000, 0x00000000e3500000| Complete 
|1590|0x00000000e3600000, 0x00000000e3700000, 0x00000000e3700000|100%| E|CS|TAMS 0x00000000e3600000, 0x00000000e3600000| Complete 
|1591|0x00000000e3700000, 0x00000000e3800000, 0x00000000e3800000|100%| E|CS|TAMS 0x00000000e3700000, 0x00000000e3700000| Complete 
|1592|0x00000000e3800000, 0x00000000e3900000, 0x00000000e3900000|100%| E|CS|TAMS 0x00000000e3800000, 0x00000000e3800000| Complete 
|1593|0x00000000e3900000, 0x00000000e3a00000, 0x00000000e3a00000|100%| E|CS|TAMS 0x00000000e3900000, 0x00000000e3900000| Complete 
|1594|0x00000000e3a00000, 0x00000000e3b00000, 0x00000000e3b00000|100%| E|CS|TAMS 0x00000000e3a00000, 0x00000000e3a00000| Complete 
|1595|0x00000000e3b00000, 0x00000000e3c00000, 0x00000000e3c00000|100%| E|CS|TAMS 0x00000000e3b00000, 0x00000000e3b00000| Complete 
|1596|0x00000000e3c00000, 0x00000000e3d00000, 0x00000000e3d00000|100%| E|CS|TAMS 0x00000000e3c00000, 0x00000000e3c00000| Complete 
|1597|0x00000000e3d00000, 0x00000000e3e00000, 0x00000000e3e00000|100%| E|CS|TAMS 0x00000000e3d00000, 0x00000000e3d00000| Complete 
|1598|0x00000000e3e00000, 0x00000000e3f00000, 0x00000000e3f00000|100%| E|CS|TAMS 0x00000000e3e00000, 0x00000000e3e00000| Complete 
|1599|0x00000000e3f00000, 0x00000000e4000000, 0x00000000e4000000|100%| E|CS|TAMS 0x00000000e3f00000, 0x00000000e3f00000| Complete 
|1600|0x00000000e4000000, 0x00000000e4100000, 0x00000000e4100000|100%| E|CS|TAMS 0x00000000e4000000, 0x00000000e4000000| Complete 
|1601|0x00000000e4100000, 0x00000000e4200000, 0x00000000e4200000|100%| E|CS|TAMS 0x00000000e4100000, 0x00000000e4100000| Complete 
|1602|0x00000000e4200000, 0x00000000e4300000, 0x00000000e4300000|100%| E|CS|TAMS 0x00000000e4200000, 0x00000000e4200000| Complete 
|1603|0x00000000e4300000, 0x00000000e4400000, 0x00000000e4400000|100%| E|CS|TAMS 0x00000000e4300000, 0x00000000e4300000| Complete 
|1604|0x00000000e4400000, 0x00000000e4500000, 0x00000000e4500000|100%| E|CS|TAMS 0x00000000e4400000, 0x00000000e4400000| Complete 
|1605|0x00000000e4500000, 0x00000000e4600000, 0x00000000e4600000|100%| E|CS|TAMS 0x00000000e4500000, 0x00000000e4500000| Complete 
|1606|0x00000000e4600000, 0x00000000e4700000, 0x00000000e4700000|100%| E|CS|TAMS 0x00000000e4600000, 0x00000000e4600000| Complete 
|1607|0x00000000e4700000, 0x00000000e4800000, 0x00000000e4800000|100%| E|CS|TAMS 0x00000000e4700000, 0x00000000e4700000| Complete 
|1608|0x00000000e4800000, 0x00000000e4900000, 0x00000000e4900000|100%| E|CS|TAMS 0x00000000e4800000, 0x00000000e4800000| Complete 
|1609|0x00000000e4900000, 0x00000000e4a00000, 0x00000000e4a00000|100%| E|CS|TAMS 0x00000000e4900000, 0x00000000e4900000| Complete 
|1610|0x00000000e4a00000, 0x00000000e4b00000, 0x00000000e4b00000|100%| E|CS|TAMS 0x00000000e4a00000, 0x00000000e4a00000| Complete 
|1611|0x00000000e4b00000, 0x00000000e4c00000, 0x00000000e4c00000|100%| E|CS|TAMS 0x00000000e4b00000, 0x00000000e4b00000| Complete 
|1612|0x00000000e4c00000, 0x00000000e4d00000, 0x00000000e4d00000|100%| E|CS|TAMS 0x00000000e4c00000, 0x00000000e4c00000| Complete 
|1613|0x00000000e4d00000, 0x00000000e4e00000, 0x00000000e4e00000|100%| E|CS|TAMS 0x00000000e4d00000, 0x00000000e4d00000| Complete 
|1614|0x00000000e4e00000, 0x00000000e4f00000, 0x00000000e4f00000|100%| E|CS|TAMS 0x00000000e4e00000, 0x00000000e4e00000| Complete 
|1615|0x00000000e4f00000, 0x00000000e5000000, 0x00000000e5000000|100%| E|CS|TAMS 0x00000000e4f00000, 0x00000000e4f00000| Complete 
|1616|0x00000000e5000000, 0x00000000e5100000, 0x00000000e5100000|100%| E|CS|TAMS 0x00000000e5000000, 0x00000000e5000000| Complete 
|1617|0x00000000e5100000, 0x00000000e5200000, 0x00000000e5200000|100%| E|CS|TAMS 0x00000000e5100000, 0x00000000e5100000| Complete 
|1618|0x00000000e5200000, 0x00000000e5300000, 0x00000000e5300000|100%| E|CS|TAMS 0x00000000e5200000, 0x00000000e5200000| Complete 
|1619|0x00000000e5300000, 0x00000000e5400000, 0x00000000e5400000|100%| E|CS|TAMS 0x00000000e5300000, 0x00000000e5300000| Complete 
|1620|0x00000000e5400000, 0x00000000e5500000, 0x00000000e5500000|100%| E|CS|TAMS 0x00000000e5400000, 0x00000000e5400000| Complete 
|1621|0x00000000e5500000, 0x00000000e5600000, 0x00000000e5600000|100%| E|CS|TAMS 0x00000000e5500000, 0x00000000e5500000| Complete 
|1622|0x00000000e5600000, 0x00000000e5700000, 0x00000000e5700000|100%| E|CS|TAMS 0x00000000e5600000, 0x00000000e5600000| Complete 
|1623|0x00000000e5700000, 0x00000000e5800000, 0x00000000e5800000|100%| E|CS|TAMS 0x00000000e5700000, 0x00000000e5700000| Complete 
|1624|0x00000000e5800000, 0x00000000e5900000, 0x00000000e5900000|100%| E|CS|TAMS 0x00000000e5800000, 0x00000000e5800000| Complete 
|1625|0x00000000e5900000, 0x00000000e5a00000, 0x00000000e5a00000|100%| E|CS|TAMS 0x00000000e5900000, 0x00000000e5900000| Complete 
|1626|0x00000000e5a00000, 0x00000000e5b00000, 0x00000000e5b00000|100%| E|CS|TAMS 0x00000000e5a00000, 0x00000000e5a00000| Complete 
|1627|0x00000000e5b00000, 0x00000000e5c00000, 0x00000000e5c00000|100%| E|CS|TAMS 0x00000000e5b00000, 0x00000000e5b00000| Complete 
|1628|0x00000000e5c00000, 0x00000000e5d00000, 0x00000000e5d00000|100%| E|CS|TAMS 0x00000000e5c00000, 0x00000000e5c00000| Complete 
|1629|0x00000000e5d00000, 0x00000000e5e00000, 0x00000000e5e00000|100%| E|CS|TAMS 0x00000000e5d00000, 0x00000000e5d00000| Complete 
|1630|0x00000000e5e00000, 0x00000000e5f00000, 0x00000000e5f00000|100%| E|CS|TAMS 0x00000000e5e00000, 0x00000000e5e00000| Complete 
|1631|0x00000000e5f00000, 0x00000000e6000000, 0x00000000e6000000|100%| E|CS|TAMS 0x00000000e5f00000, 0x00000000e5f00000| Complete 
|1632|0x00000000e6000000, 0x00000000e6100000, 0x00000000e6100000|100%| E|CS|TAMS 0x00000000e6000000, 0x00000000e6000000| Complete 
|1633|0x00000000e6100000, 0x00000000e6200000, 0x00000000e6200000|100%| E|CS|TAMS 0x00000000e6100000, 0x00000000e6100000| Complete 
|1634|0x00000000e6200000, 0x00000000e6300000, 0x00000000e6300000|100%| E|CS|TAMS 0x00000000e6200000, 0x00000000e6200000| Complete 
|1635|0x00000000e6300000, 0x00000000e6400000, 0x00000000e6400000|100%| E|CS|TAMS 0x00000000e6300000, 0x00000000e6300000| Complete 
|1636|0x00000000e6400000, 0x00000000e6500000, 0x00000000e6500000|100%| E|CS|TAMS 0x00000000e6400000, 0x00000000e6400000| Complete 
|1637|0x00000000e6500000, 0x00000000e6600000, 0x00000000e6600000|100%| E|CS|TAMS 0x00000000e6500000, 0x00000000e6500000| Complete 
|1638|0x00000000e6600000, 0x00000000e6700000, 0x00000000e6700000|100%| E|CS|TAMS 0x00000000e6600000, 0x00000000e6600000| Complete 
|1639|0x00000000e6700000, 0x00000000e6800000, 0x00000000e6800000|100%| E|CS|TAMS 0x00000000e6700000, 0x00000000e6700000| Complete 
|1640|0x00000000e6800000, 0x00000000e6853090, 0x00000000e6900000| 32%| E|CS|TAMS 0x00000000e6800000, 0x00000000e6800000| Complete 
|1641|0x00000000e6900000, 0x00000000e6a00000, 0x00000000e6a00000|100%| E|CS|TAMS 0x00000000e6900000, 0x00000000e6900000| Complete 
|1642|0x00000000e6a00000, 0x00000000e6b00000, 0x00000000e6b00000|100%| E|CS|TAMS 0x00000000e6a00000, 0x00000000e6a00000| Complete 
|1643|0x00000000e6b00000, 0x00000000e6c00000, 0x00000000e6c00000|100%| E|CS|TAMS 0x00000000e6b00000, 0x00000000e6b00000| Complete 
|1644|0x00000000e6c00000, 0x00000000e6d00000, 0x00000000e6d00000|100%| E|CS|TAMS 0x00000000e6c00000, 0x00000000e6c00000| Complete 
|1645|0x00000000e6d00000, 0x00000000e6e00000, 0x00000000e6e00000|100%| E|CS|TAMS 0x00000000e6d00000, 0x00000000e6d00000| Complete 
|1646|0x00000000e6e00000, 0x00000000e6f00000, 0x00000000e6f00000|100%| E|CS|TAMS 0x00000000e6e00000, 0x00000000e6e00000| Complete 
|1647|0x00000000e6f00000, 0x00000000e7000000, 0x00000000e7000000|100%| E|CS|TAMS 0x00000000e6f00000, 0x00000000e6f00000| Complete 
|1648|0x00000000e7000000, 0x00000000e7100000, 0x00000000e7100000|100%| E|CS|TAMS 0x00000000e7000000, 0x00000000e7000000| Complete 
|1649|0x00000000e7100000, 0x00000000e7200000, 0x00000000e7200000|100%| E|CS|TAMS 0x00000000e7100000, 0x00000000e7100000| Complete 
|1650|0x00000000e7200000, 0x00000000e7300000, 0x00000000e7300000|100%| E|CS|TAMS 0x00000000e7200000, 0x00000000e7200000| Complete 
|1651|0x00000000e7300000, 0x00000000e7400000, 0x00000000e7400000|100%| E|CS|TAMS 0x00000000e7300000, 0x00000000e7300000| Complete 
|1652|0x00000000e7400000, 0x00000000e7500000, 0x00000000e7500000|100%| E|CS|TAMS 0x00000000e7400000, 0x00000000e7400000| Complete 
|1653|0x00000000e7500000, 0x00000000e7600000, 0x00000000e7600000|100%| E|CS|TAMS 0x00000000e7500000, 0x00000000e7500000| Complete 
|1654|0x00000000e7600000, 0x00000000e7700000, 0x00000000e7700000|100%| E|CS|TAMS 0x00000000e7600000, 0x00000000e7600000| Complete 
|1655|0x00000000e7700000, 0x00000000e7800000, 0x00000000e7800000|100%| E|CS|TAMS 0x00000000e7700000, 0x00000000e7700000| Complete 
|1656|0x00000000e7800000, 0x00000000e7900000, 0x00000000e7900000|100%| E|CS|TAMS 0x00000000e7800000, 0x00000000e7800000| Complete 
|1657|0x00000000e7900000, 0x00000000e7a00000, 0x00000000e7a00000|100%| E|CS|TAMS 0x00000000e7900000, 0x00000000e7900000| Complete 
|1658|0x00000000e7a00000, 0x00000000e7b00000, 0x00000000e7b00000|100%| E|CS|TAMS 0x00000000e7a00000, 0x00000000e7a00000| Complete 
|1659|0x00000000e7b00000, 0x00000000e7c00000, 0x00000000e7c00000|100%| E|CS|TAMS 0x00000000e7b00000, 0x00000000e7b00000| Complete 
|1660|0x00000000e7c00000, 0x00000000e7d00000, 0x00000000e7d00000|100%| E|CS|TAMS 0x00000000e7c00000, 0x00000000e7c00000| Complete 
|1661|0x00000000e7d00000, 0x00000000e7e00000, 0x00000000e7e00000|100%| E|CS|TAMS 0x00000000e7d00000, 0x00000000e7d00000| Complete 
|1662|0x00000000e7e00000, 0x00000000e7f00000, 0x00000000e7f00000|100%| E|CS|TAMS 0x00000000e7e00000, 0x00000000e7e00000| Complete 
|1663|0x00000000e7f00000, 0x00000000e8000000, 0x00000000e8000000|100%| E|CS|TAMS 0x00000000e7f00000, 0x00000000e7f00000| Complete 
|1664|0x00000000e8000000, 0x00000000e8100000, 0x00000000e8100000|100%| E|CS|TAMS 0x00000000e8000000, 0x00000000e8000000| Complete 
|1665|0x00000000e8100000, 0x00000000e8200000, 0x00000000e8200000|100%| E|CS|TAMS 0x00000000e8100000, 0x00000000e8100000| Complete 
|1666|0x00000000e8200000, 0x00000000e8300000, 0x00000000e8300000|100%| E|CS|TAMS 0x00000000e8200000, 0x00000000e8200000| Complete 
|1667|0x00000000e8300000, 0x00000000e8400000, 0x00000000e8400000|100%| E|CS|TAMS 0x00000000e8300000, 0x00000000e8300000| Complete 
|1668|0x00000000e8400000, 0x00000000e8500000, 0x00000000e8500000|100%| E|CS|TAMS 0x00000000e8400000, 0x00000000e8400000| Complete 
|1669|0x00000000e8500000, 0x00000000e8600000, 0x00000000e8600000|100%| E|CS|TAMS 0x00000000e8500000, 0x00000000e8500000| Complete 
|1670|0x00000000e8600000, 0x00000000e8700000, 0x00000000e8700000|100%| E|CS|TAMS 0x00000000e8600000, 0x00000000e8600000| Complete 
|1671|0x00000000e8700000, 0x00000000e8800000, 0x00000000e8800000|100%| E|CS|TAMS 0x00000000e8700000, 0x00000000e8700000| Complete 
|1672|0x00000000e8800000, 0x00000000e8900000, 0x00000000e8900000|100%| E|CS|TAMS 0x00000000e8800000, 0x00000000e8800000| Complete 
|1673|0x00000000e8900000, 0x00000000e8a00000, 0x00000000e8a00000|100%| E|CS|TAMS 0x00000000e8900000, 0x00000000e8900000| Complete 
|1674|0x00000000e8a00000, 0x00000000e8b00000, 0x00000000e8b00000|100%| E|CS|TAMS 0x00000000e8a00000, 0x00000000e8a00000| Complete 
|1675|0x00000000e8b00000, 0x00000000e8c00000, 0x00000000e8c00000|100%| E|CS|TAMS 0x00000000e8b00000, 0x00000000e8b00000| Complete 
|1676|0x00000000e8c00000, 0x00000000e8d00000, 0x00000000e8d00000|100%| E|CS|TAMS 0x00000000e8c00000, 0x00000000e8c00000| Complete 
|1677|0x00000000e8d00000, 0x00000000e8e00000, 0x00000000e8e00000|100%| E|CS|TAMS 0x00000000e8d00000, 0x00000000e8d00000| Complete 
|1678|0x00000000e8e00000, 0x00000000e8f00000, 0x00000000e8f00000|100%| E|CS|TAMS 0x00000000e8e00000, 0x00000000e8e00000| Complete 
|1679|0x00000000e8f00000, 0x00000000e9000000, 0x00000000e9000000|100%| E|CS|TAMS 0x00000000e8f00000, 0x00000000e8f00000| Complete 
|1680|0x00000000e9000000, 0x00000000e9100000, 0x00000000e9100000|100%| E|CS|TAMS 0x00000000e9000000, 0x00000000e9000000| Complete 
|1681|0x00000000e9100000, 0x00000000e9200000, 0x00000000e9200000|100%| E|CS|TAMS 0x00000000e9100000, 0x00000000e9100000| Complete 
|1682|0x00000000e9200000, 0x00000000e9300000, 0x00000000e9300000|100%| E|CS|TAMS 0x00000000e9200000, 0x00000000e9200000| Complete 
|1683|0x00000000e9300000, 0x00000000e9400000, 0x00000000e9400000|100%| E|CS|TAMS 0x00000000e9300000, 0x00000000e9300000| Complete 
|1684|0x00000000e9400000, 0x00000000e9500000, 0x00000000e9500000|100%| E|CS|TAMS 0x00000000e9400000, 0x00000000e9400000| Complete 
|1685|0x00000000e9500000, 0x00000000e9600000, 0x00000000e9600000|100%| E|CS|TAMS 0x00000000e9500000, 0x00000000e9500000| Complete 
|1686|0x00000000e9600000, 0x00000000e9700000, 0x00000000e9700000|100%| E|CS|TAMS 0x00000000e9600000, 0x00000000e9600000| Complete 
|1687|0x00000000e9700000, 0x00000000e9800000, 0x00000000e9800000|100%| E|CS|TAMS 0x00000000e9700000, 0x00000000e9700000| Complete 
|1688|0x00000000e9800000, 0x00000000e9900000, 0x00000000e9900000|100%| E|CS|TAMS 0x00000000e9800000, 0x00000000e9800000| Complete 
|1689|0x00000000e9900000, 0x00000000e9a00000, 0x00000000e9a00000|100%| E|CS|TAMS 0x00000000e9900000, 0x00000000e9900000| Complete 
|1690|0x00000000e9a00000, 0x00000000e9b00000, 0x00000000e9b00000|100%| E|CS|TAMS 0x00000000e9a00000, 0x00000000e9a00000| Complete 
|1691|0x00000000e9b00000, 0x00000000e9c00000, 0x00000000e9c00000|100%| E|CS|TAMS 0x00000000e9b00000, 0x00000000e9b00000| Complete 
|1692|0x00000000e9c00000, 0x00000000e9d00000, 0x00000000e9d00000|100%| E|CS|TAMS 0x00000000e9c00000, 0x00000000e9c00000| Complete 
|1693|0x00000000e9d00000, 0x00000000e9e00000, 0x00000000e9e00000|100%| E|CS|TAMS 0x00000000e9d00000, 0x00000000e9d00000| Complete 
|1694|0x00000000e9e00000, 0x00000000e9f00000, 0x00000000e9f00000|100%| E|CS|TAMS 0x00000000e9e00000, 0x00000000e9e00000| Complete 
|1695|0x00000000e9f00000, 0x00000000ea000000, 0x00000000ea000000|100%| E|CS|TAMS 0x00000000e9f00000, 0x00000000e9f00000| Complete 
|1696|0x00000000ea000000, 0x00000000ea100000, 0x00000000ea100000|100%| E|CS|TAMS 0x00000000ea000000, 0x00000000ea000000| Complete 
|1697|0x00000000ea100000, 0x00000000ea200000, 0x00000000ea200000|100%| E|CS|TAMS 0x00000000ea100000, 0x00000000ea100000| Complete 
|1698|0x00000000ea200000, 0x00000000ea300000, 0x00000000ea300000|100%| E|CS|TAMS 0x00000000ea200000, 0x00000000ea200000| Complete 
|1699|0x00000000ea300000, 0x00000000ea400000, 0x00000000ea400000|100%| E|CS|TAMS 0x00000000ea300000, 0x00000000ea300000| Complete 
|1700|0x00000000ea400000, 0x00000000ea500000, 0x00000000ea500000|100%| E|CS|TAMS 0x00000000ea400000, 0x00000000ea400000| Complete 
|1701|0x00000000ea500000, 0x00000000ea600000, 0x00000000ea600000|100%| E|CS|TAMS 0x00000000ea500000, 0x00000000ea500000| Complete 
|1702|0x00000000ea600000, 0x00000000ea700000, 0x00000000ea700000|100%| E|CS|TAMS 0x00000000ea600000, 0x00000000ea600000| Complete 
|1703|0x00000000ea700000, 0x00000000ea800000, 0x00000000ea800000|100%| E|CS|TAMS 0x00000000ea700000, 0x00000000ea700000| Complete 
|1704|0x00000000ea800000, 0x00000000ea900000, 0x00000000ea900000|100%| E|CS|TAMS 0x00000000ea800000, 0x00000000ea800000| Complete 
|1705|0x00000000ea900000, 0x00000000eaa00000, 0x00000000eaa00000|100%| E|CS|TAMS 0x00000000ea900000, 0x00000000ea900000| Complete 
|1706|0x00000000eaa00000, 0x00000000eab00000, 0x00000000eab00000|100%| E|CS|TAMS 0x00000000eaa00000, 0x00000000eaa00000| Complete 
|1707|0x00000000eab00000, 0x00000000eac00000, 0x00000000eac00000|100%| E|CS|TAMS 0x00000000eab00000, 0x00000000eab00000| Complete 
|1708|0x00000000eac00000, 0x00000000ead00000, 0x00000000ead00000|100%| E|CS|TAMS 0x00000000eac00000, 0x00000000eac00000| Complete 
|1709|0x00000000ead00000, 0x00000000eae00000, 0x00000000eae00000|100%| E|CS|TAMS 0x00000000ead00000, 0x00000000ead00000| Complete 
|1710|0x00000000eae00000, 0x00000000eaf00000, 0x00000000eaf00000|100%| E|CS|TAMS 0x00000000eae00000, 0x00000000eae00000| Complete 
|1711|0x00000000eaf00000, 0x00000000eb000000, 0x00000000eb000000|100%| E|CS|TAMS 0x00000000eaf00000, 0x00000000eaf00000| Complete 
|1712|0x00000000eb000000, 0x00000000eb100000, 0x00000000eb100000|100%| E|CS|TAMS 0x00000000eb000000, 0x00000000eb000000| Complete 
|1713|0x00000000eb100000, 0x00000000eb200000, 0x00000000eb200000|100%| E|CS|TAMS 0x00000000eb100000, 0x00000000eb100000| Complete 
|1714|0x00000000eb200000, 0x00000000eb300000, 0x00000000eb300000|100%| E|CS|TAMS 0x00000000eb200000, 0x00000000eb200000| Complete 
|1715|0x00000000eb300000, 0x00000000eb400000, 0x00000000eb400000|100%| E|CS|TAMS 0x00000000eb300000, 0x00000000eb300000| Complete 
|1716|0x00000000eb400000, 0x00000000eb500000, 0x00000000eb500000|100%| E|CS|TAMS 0x00000000eb400000, 0x00000000eb400000| Complete 
|1717|0x00000000eb500000, 0x00000000eb600000, 0x00000000eb600000|100%| E|CS|TAMS 0x00000000eb500000, 0x00000000eb500000| Complete 
|1718|0x00000000eb600000, 0x00000000eb700000, 0x00000000eb700000|100%| E|CS|TAMS 0x00000000eb600000, 0x00000000eb600000| Complete 
|1719|0x00000000eb700000, 0x00000000eb800000, 0x00000000eb800000|100%| E|CS|TAMS 0x00000000eb700000, 0x00000000eb700000| Complete 
|1720|0x00000000eb800000, 0x00000000eb900000, 0x00000000eb900000|100%| E|CS|TAMS 0x00000000eb800000, 0x00000000eb800000| Complete 
|1721|0x00000000eb900000, 0x00000000eba00000, 0x00000000eba00000|100%| E|CS|TAMS 0x00000000eb900000, 0x00000000eb900000| Complete 
|1722|0x00000000eba00000, 0x00000000ebb00000, 0x00000000ebb00000|100%| E|CS|TAMS 0x00000000eba00000, 0x00000000eba00000| Complete 
|1723|0x00000000ebb00000, 0x00000000ebc00000, 0x00000000ebc00000|100%| E|CS|TAMS 0x00000000ebb00000, 0x00000000ebb00000| Complete 
|1724|0x00000000ebc00000, 0x00000000ebd00000, 0x00000000ebd00000|100%| E|CS|TAMS 0x00000000ebc00000, 0x00000000ebc00000| Complete 
|1725|0x00000000ebd00000, 0x00000000ebe00000, 0x00000000ebe00000|100%| E|CS|TAMS 0x00000000ebd00000, 0x00000000ebd00000| Complete 
|1726|0x00000000ebe00000, 0x00000000ebf00000, 0x00000000ebf00000|100%| E|CS|TAMS 0x00000000ebe00000, 0x00000000ebe00000| Complete 
|1727|0x00000000ebf00000, 0x00000000ec000000, 0x00000000ec000000|100%| E|CS|TAMS 0x00000000ebf00000, 0x00000000ebf00000| Complete 
|1728|0x00000000ec000000, 0x00000000ec100000, 0x00000000ec100000|100%| E|CS|TAMS 0x00000000ec000000, 0x00000000ec000000| Complete 
|1729|0x00000000ec100000, 0x00000000ec200000, 0x00000000ec200000|100%| E|CS|TAMS 0x00000000ec100000, 0x00000000ec100000| Complete 
|1730|0x00000000ec200000, 0x00000000ec300000, 0x00000000ec300000|100%| E|CS|TAMS 0x00000000ec200000, 0x00000000ec200000| Complete 
|1731|0x00000000ec300000, 0x00000000ec400000, 0x00000000ec400000|100%| E|CS|TAMS 0x00000000ec300000, 0x00000000ec300000| Complete 
|1732|0x00000000ec400000, 0x00000000ec500000, 0x00000000ec500000|100%| E|CS|TAMS 0x00000000ec400000, 0x00000000ec400000| Complete 
|1733|0x00000000ec500000, 0x00000000ec600000, 0x00000000ec600000|100%| E|CS|TAMS 0x00000000ec500000, 0x00000000ec500000| Complete 
|1734|0x00000000ec600000, 0x00000000ec700000, 0x00000000ec700000|100%| E|CS|TAMS 0x00000000ec600000, 0x00000000ec600000| Complete 
|1735|0x00000000ec700000, 0x00000000ec800000, 0x00000000ec800000|100%| E|CS|TAMS 0x00000000ec700000, 0x00000000ec700000| Complete 
|1736|0x00000000ec800000, 0x00000000ec900000, 0x00000000ec900000|100%| E|CS|TAMS 0x00000000ec800000, 0x00000000ec800000| Complete 
|1737|0x00000000ec900000, 0x00000000eca00000, 0x00000000eca00000|100%| E|CS|TAMS 0x00000000ec900000, 0x00000000ec900000| Complete 
|2044|0x00000000ffc00000, 0x00000000ffd00000, 0x00000000ffd00000|100%| O|  |TAMS 0x00000000ffd00000, 0x00000000ffc00000| Untracked 
|2045|0x00000000ffd00000, 0x00000000ffe00000, 0x00000000ffe00000|100%| O|  |TAMS 0x00000000ffe00000, 0x00000000ffd00000| Untracked 
|2046|0x00000000ffe00000, 0x00000000ffe75000, 0x00000000fff00000| 45%|OA|  |TAMS 0x00000000ffe75000, 0x00000000ffe00000| Untracked 
|2047|0x00000000fff00000, 0x00000000fff78000, 0x0000000100000000| 46%|CA|  |TAMS 0x00000000fff78000, 0x00000000fff00000| Untracked 

Card table byte_map: [0x000075b1bcc00000,0x000075b1bd000000] _byte_map_base: 0x000075b1bc800000

Marking Bits (Prev, Next): (CMBitMap*) 0x000075b1d40786b0, (CMBitMap*) 0x000075b1d4078670
 Prev Bits: [0x000075b1b8800000, 0x000075b1ba800000)
 Next Bits: [0x000075b1ba800000, 0x000075b1bc800000)

Polling page: 0x000075b1daabb000

Metaspace:

Usage:
  Non-class:    240.25 MB used.
      Class:     34.89 MB used.
       Both:    275.14 MB used.

Virtual space:
  Non-class space:      256.00 MB reserved,     241.00 MB ( 94%) committed,  4 nodes.
      Class space:        1.00 GB reserved,      35.56 MB (  3%) committed,  1 nodes.
             Both:        1.25 GB reserved,     276.56 MB ( 22%) committed. 

Chunk freelists:
   Non-Class:  15.04 MB
       Class:  12.50 MB
        Both:  27.53 MB

MaxMetaspaceSize: unlimited
CompressedClassSpaceSize: 1.00 GB
Initial GC threshold: 21.00 MB
Current GC threshold: 399.50 MB
CDS: on
MetaspaceReclaimPolicy: balanced
 - commit_granule_bytes: 65536.
 - commit_granule_words: 8192.
 - virtual_space_node_default_size: 8388608.
 - enlarge_chunks_in_place: 1.
 - new_chunks_are_fully_committed: 0.
 - uncommit_free_chunks: 1.
 - use_allocation_guard: 0.
 - handle_deallocations: 1.


Internal statistics:

num_allocs_failed_limit: 15.
num_arena_births: 2380.
num_arena_deaths: 94.
num_vsnodes_births: 5.
num_vsnodes_deaths: 0.
num_space_committed: 4420.
num_space_uncommitted: 0.
num_chunks_returned_to_freelist: 148.
num_chunks_taken_from_freelist: 13534.
num_chunk_merges: 64.
num_chunk_splits: 9895.
num_chunks_enlarged: 7545.
num_inconsistent_stats: 0.

CodeHeap 'non-profiled nmethods': size=120028Kb used=33027Kb max_used=33027Kb free=87000Kb
 bounds [0x000075b1c4ec9000, 0x000075b1c6f19000, 0x000075b1cc400000]
CodeHeap 'profiled nmethods': size=120028Kb used=85111Kb max_used=85111Kb free=34916Kb
 bounds [0x000075b1bd400000, 0x000075b1c2720000, 0x000075b1c4937000]
CodeHeap 'non-nmethods': size=5704Kb used=2063Kb max_used=2120Kb free=3640Kb
 bounds [0x000075b1c4937000, 0x000075b1c4ba7000, 0x000075b1c4ec9000]
 total_blobs=39647 nmethods=38439 adapters=1116
 compilation: enabled
              stopped_count=0, restarted_count=0
 full_count=0

Compilation events (20 events):
Event: 1347.126 Thread 0x000075b1d4240950 nmethod 51479 0x000075b1c2714b10 code [0x000075b1c2714ee0, 0x000075b1c2716640]
Event: 1347.126 Thread 0x000075b1d4240950 51480       3       com.android.tools.lint.model.DefaultLintModelDependency::<init> (58 bytes)
Event: 1347.127 Thread 0x000075b1d4240950 nmethod 51480 0x000075b1c2716e90 code [0x000075b1c2717220, 0x000075b1c27187f0]
Event: 1347.127 Thread 0x000075b1d4240950 51483       1       com.android.tools.lint.model.DefaultLintModelAndroidLibrary::getPartialResultsDir (5 bytes)
Event: 1347.127 Thread 0x000075b1d4240950 nmethod 51483 0x000075b1c6f08d90 code [0x000075b1c6f08f20, 0x000075b1c6f08ff0]
Event: 1347.127 Thread 0x000075b1d4240950 51488       1       org.gradle.internal.execution.history.changes.ChangeTypeInternal::getPublicType (5 bytes)
Event: 1347.127 Thread 0x000075b1d4240950 nmethod 51488 0x000075b1c6f09090 code [0x000075b1c6f09220, 0x000075b1c6f092f0]
Event: 1347.127 Thread 0x000075b1d4240950 51487       1       com.android.tools.r8.ArchiveClassFileProvider::c (2 bytes)
Event: 1347.127 Thread 0x000075b1d4240950 nmethod 51487 0x000075b1c6f09390 code [0x000075b1c6f09520, 0x000075b1c6f095d0]
Event: 1347.127 Thread 0x000075b1d4240950 51489       1       com.fasterxml.aalto.in.PName::getPrefix (5 bytes)
Event: 1347.127 Thread 0x000075b1d4240950 nmethod 51489 0x000075b1c6f09690 code [0x000075b1c6f09820, 0x000075b1c6f098f0]
Event: 1347.127 Thread 0x000075b1d4240950 51486       2       com.android.tools.lint.model.DefaultLintModelDependency::findLibrary (14 bytes)
Event: 1347.127 Thread 0x000075b1d4240950 nmethod 51486 0x000075b1c2718f10 code [0x000075b1c2719100, 0x000075b1c2719480]
Event: 1347.127 Thread 0x000075b1d4240950 51492   !   3       java.io.ObjectOutputStream::defaultWriteFields (288 bytes)
Event: 1347.128 Thread 0x000075b1d4240950 nmethod 51492 0x000075b1c2719710 code [0x000075b1c27199c0, 0x000075b1c271a670]
Event: 1347.128 Thread 0x000075b1d4240950 51496   !   3       java.io.ObjectOutputStream::writeSerialData (223 bytes)
Event: 1347.128 Thread 0x000075b1d4240950 nmethod 51496 0x000075b1c271ad10 code [0x000075b1c271afc0, 0x000075b1c271be80]
Event: 1347.128 Thread 0x000075b1d4240950 51495   !   3       java.io.ObjectOutputStream::writeOrdinaryObject (196 bytes)
Event: 1347.129 Thread 0x000075b1d4240950 nmethod 51495 0x000075b1c271c510 code [0x000075b1c271c820, 0x000075b1c271d5e0]
Event: 1347.129 Thread 0x000075b1d4240950 51507       3       sun.nio.fs.UnixPath::relativize (408 bytes)

GC Heap History (20 events):
Event: 44.835 GC heap after
{Heap after GC invocations=183 (full 0):
 garbage-first heap   total 1783808K, used 1086165K [0x0000000080000000, 0x0000000100000000)
  region size 1024K, 30 young (30720K), 30 survivors (30720K)
 Metaspace       used 224922K, committed 226176K, reserved 1245184K
  class space    used 29512K, committed 30144K, reserved 1048576K
}
Event: 45.429 GC heap before
{Heap before GC invocations=183 (full 0):
 garbage-first heap   total 1783808K, used 1427157K [0x0000000080000000, 0x0000000100000000)
  region size 1024K, 332 young (339968K), 30 survivors (30720K)
 Metaspace       used 228899K, committed 230080K, reserved 1310720K
  class space    used 29910K, committed 30528K, reserved 1048576K
}
Event: 45.446 GC heap after
{Heap after GC invocations=184 (full 0):
 garbage-first heap   total 1783808K, used 1150072K [0x0000000080000000, 0x0000000100000000)
  region size 1024K, 33 young (33792K), 33 survivors (33792K)
 Metaspace       used 228899K, committed 230080K, reserved 1310720K
  class space    used 29910K, committed 30528K, reserved 1048576K
}
Event: 45.801 GC heap before
{Heap before GC invocations=184 (full 0):
 garbage-first heap   total 1783808K, used 1513592K [0x0000000080000000, 0x0000000100000000)
  region size 1024K, 313 young (320512K), 33 survivors (33792K)
 Metaspace       used 232138K, committed 233472K, reserved 1310720K
  class space    used 30272K, committed 30912K, reserved 1048576K
}
Event: 45.819 GC heap after
{Heap after GC invocations=185 (full 0):
 garbage-first heap   total 1783808K, used 1258932K [0x0000000080000000, 0x0000000100000000)
  region size 1024K, 40 young (40960K), 40 survivors (40960K)
 Metaspace       used 232138K, committed 233472K, reserved 1310720K
  class space    used 30272K, committed 30912K, reserved 1048576K
}
Event: 46.033 GC heap before
{Heap before GC invocations=185 (full 0):
 garbage-first heap   total 1783808K, used 1412532K [0x0000000080000000, 0x0000000100000000)
  region size 1024K, 164 young (167936K), 40 survivors (40960K)
 Metaspace       used 233429K, committed 234816K, reserved 1310720K
  class space    used 30428K, committed 31104K, reserved 1048576K
}
Event: 46.040 GC heap after
{Heap after GC invocations=186 (full 0):
 garbage-first heap   total 1783808K, used 1241460K [0x0000000080000000, 0x0000000100000000)
  region size 1024K, 5 young (5120K), 5 survivors (5120K)
 Metaspace       used 233429K, committed 234816K, reserved 1310720K
  class space    used 30428K, committed 31104K, reserved 1048576K
}
Event: 46.299 GC heap before
{Heap before GC invocations=186 (full 0):
 garbage-first heap   total 1783808K, used 1377652K [0x0000000080000000, 0x0000000100000000)
  region size 1024K, 78 young (79872K), 5 survivors (5120K)
 Metaspace       used 239571K, committed 240896K, reserved 1310720K
  class space    used 31045K, committed 31680K, reserved 1048576K
}
Event: 46.303 GC heap after
{Heap after GC invocations=187 (full 0):
 garbage-first heap   total 1783808K, used 1244067K [0x0000000080000000, 0x0000000100000000)
  region size 1024K, 10 young (10240K), 10 survivors (10240K)
 Metaspace       used 239571K, committed 240896K, reserved 1310720K
  class space    used 31045K, committed 31680K, reserved 1048576K
}
Event: 46.312 GC heap before
{Heap before GC invocations=187 (full 0):
 garbage-first heap   total 1783808K, used 1276835K [0x0000000080000000, 0x0000000100000000)
  region size 1024K, 12 young (12288K), 10 survivors (10240K)
 Metaspace       used 239705K, committed 241088K, reserved 1310720K
  class space    used 31064K, committed 31744K, reserved 1048576K
}
Event: 46.315 GC heap after
{Heap after GC invocations=188 (full 0):
 garbage-first heap   total 1783808K, used 1275779K [0x0000000080000000, 0x0000000100000000)
  region size 1024K, 10 young (10240K), 10 survivors (10240K)
 Metaspace       used 239705K, committed 241088K, reserved 1310720K
  class space    used 31064K, committed 31744K, reserved 1048576K
}
Event: 46.442 GC heap before
{Heap before GC invocations=188 (full 0):
 garbage-first heap   total 1783808K, used 1383299K [0x0000000080000000, 0x0000000100000000)
  region size 1024K, 86 young (88064K), 10 survivors (10240K)
 Metaspace       used 242498K, committed 243840K, reserved 1310720K
  class space    used 31388K, committed 32064K, reserved 1048576K
}
Event: 46.448 GC heap after
{Heap after GC invocations=189 (full 0):
 garbage-first heap   total 1783808K, used 1267525K [0x0000000080000000, 0x0000000100000000)
  region size 1024K, 31 young (31744K), 31 survivors (31744K)
 Metaspace       used 242498K, committed 243840K, reserved 1310720K
  class space    used 31388K, committed 32064K, reserved 1048576K
}
Event: 46.959 GC heap before
{Heap before GC invocations=190 (full 0):
 garbage-first heap   total 1783808K, used 1010501K [0x0000000080000000, 0x0000000100000000)
  region size 1024K, 273 young (279552K), 31 survivors (31744K)
 Metaspace       used 248667K, committed 249984K, reserved 1310720K
  class space    used 32139K, committed 32768K, reserved 1048576K
}
Event: 46.963 GC heap after
{Heap after GC invocations=191 (full 0):
 garbage-first heap   total 1783808K, used 726307K [0x0000000080000000, 0x0000000100000000)
  region size 1024K, 9 young (9216K), 9 survivors (9216K)
 Metaspace       used 248667K, committed 249984K, reserved 1310720K
  class space    used 32139K, committed 32768K, reserved 1048576K
}
Event: 47.473 GC heap before
{Heap before GC invocations=191 (full 0):
 garbage-first heap   total 1783808K, used 965923K [0x0000000080000000, 0x0000000100000000)
  region size 1024K, 88 young (90112K), 9 survivors (9216K)
 Metaspace       used 255661K, committed 256960K, reserved 1310720K
  class space    used 32934K, committed 33536K, reserved 1048576K
}
Event: 47.480 GC heap after
{Heap after GC invocations=192 (full 0):
 garbage-first heap   total 1783808K, used 705942K [0x0000000080000000, 0x0000000100000000)
  region size 1024K, 9 young (9216K), 9 survivors (9216K)
 Metaspace       used 255661K, committed 256960K, reserved 1310720K
  class space    used 32934K, committed 33536K, reserved 1048576K
}
Event: 48.307 GC heap before
{Heap before GC invocations=192 (full 0):
 garbage-first heap   total 1783808K, used 950678K [0x0000000080000000, 0x0000000100000000)
  region size 1024K, 87 young (89088K), 9 survivors (9216K)
 Metaspace       used 261202K, committed 262464K, reserved 1310720K
  class space    used 33495K, committed 34112K, reserved 1048576K
}
Event: 48.320 GC heap after
{Heap after GC invocations=193 (full 0):
 garbage-first heap   total 1783808K, used 450210K [0x0000000080000000, 0x0000000100000000)
  region size 1024K, 11 young (11264K), 11 survivors (11264K)
 Metaspace       used 261202K, committed 262464K, reserved 1310720K
  class space    used 33495K, committed 34112K, reserved 1048576K
}
Event: 1347.130 GC heap before
{Heap before GC invocations=193 (full 0):
 garbage-first heap   total 1783808K, used 1295010K [0x0000000080000000, 0x0000000100000000)
  region size 1024K, 834 young (854016K), 11 survivors (11264K)
 Metaspace       used 281741K, committed 283200K, reserved 1310720K
  class space    used 35722K, committed 36416K, reserved 1048576K
}

Dll operation events (16 events):
Event: 0.002 Loaded shared library /usr/lib/jvm/java-17-openjdk-amd64/lib/libjava.so
Event: 0.014 Loaded shared library /usr/lib/jvm/java-17-openjdk-amd64/lib/libjsvml.so
Event: 0.036 Loaded shared library /usr/lib/jvm/java-17-openjdk-amd64/lib/libzip.so
Event: 0.037 Loaded shared library /usr/lib/jvm/java-17-openjdk-amd64/lib/libinstrument.so
Event: 0.038 Loaded shared library /usr/lib/jvm/java-17-openjdk-amd64/lib/libnio.so
Event: 0.039 Loaded shared library /usr/lib/jvm/java-17-openjdk-amd64/lib/libzip.so
Event: 0.102 Loaded shared library /usr/lib/jvm/java-17-openjdk-amd64/lib/libjimage.so
Event: 0.145 Loaded shared library /usr/lib/jvm/java-17-openjdk-amd64/lib/libverify.so
Event: 0.207 Loaded shared library /usr/lib/jvm/java-17-openjdk-amd64/lib/libnet.so
Event: 0.207 Loaded shared library /home/stariver/.gradle/native/c067742578af261105cb4f569cf0c3c89f3d7b1fecec35dd04571415982c5e48/linux-amd64/libnative-platform.so
Event: 0.209 Loaded shared library /home/stariver/.gradle/native/100fb08df4bc3b14c8652ba06237920a3bd2aa13389f12d3474272988ae205f9/linux-amd64/libnative-platform-file-events.so
Event: 0.507 Loaded shared library /usr/lib/jvm/java-17-openjdk-amd64/lib/libmanagement.so
Event: 0.507 Loaded shared library /usr/lib/jvm/java-17-openjdk-amd64/lib/libmanagement_ext.so
Event: 0.555 Loaded shared library /usr/lib/jvm/java-17-openjdk-amd64/lib/libextnet.so
Event: 37.818 Loaded shared library /tmp/native-platform7827317914010865548dir/libnative-platform.so
Event: 38.191 Loaded shared library /usr/lib/jvm/java-17-openjdk-amd64/lib/librmi.so

Deoptimization events (20 events):
Event: 1347.126 Thread 0x000075b0c0056cf0 Uncommon trap: trap_request=0xffffff45 fr.pc=0x000075b1c6ca1d34 relative=0x0000000000000714
Event: 1347.126 Thread 0x000075b0c0056cf0 Uncommon trap: reason=unstable_if action=reinterpret pc=0x000075b1c6ca1d34 method=com.intellij.mock.MockApplication.doGetService(Ljava/lang/Class;Z)Ljava/lang/Object; @ 29 c2
Event: 1347.126 Thread 0x000075b0c0056cf0 DEOPT PACKING pc=0x000075b1c6ca1d34 sp=0x000075b06c7f94e0
Event: 1347.126 Thread 0x000075b0c0056cf0 DEOPT UNPACKING pc=0x000075b1c498d699 sp=0x000075b06c7f94a0 mode 2
Event: 1347.126 Thread 0x000075b0c0056cf0 Uncommon trap: trap_request=0xffffffde fr.pc=0x000075b1c6b58fcc relative=0x000000000000076c
Event: 1347.126 Thread 0x000075b0c0056cf0 Uncommon trap: reason=class_check action=maybe_recompile pc=0x000075b1c6b58fcc method=com.intellij.openapi.extensions.impl.ExtensionsAreaImpl.getExtensionPointIfRegistered(Ljava/lang/String;)Lcom/intellij/openapi/extensions/impl/ExtensionPointImpl; @ 16 c
Event: 1347.126 Thread 0x000075b0c0056cf0 DEOPT PACKING pc=0x000075b1c6b58fcc sp=0x000075b06c7f8780
Event: 1347.126 Thread 0x000075b0c0056cf0 DEOPT UNPACKING pc=0x000075b1c498d699 sp=0x000075b06c7f86e8 mode 2
Event: 1347.128 Thread 0x000075b0c0056cf0 Uncommon trap: trap_request=0xfffffff4 fr.pc=0x000075b1c6b58f58 relative=0x00000000000006f8
Event: 1347.128 Thread 0x000075b0c0056cf0 Uncommon trap: reason=null_check action=make_not_entrant pc=0x000075b1c6b58f58 method=com.intellij.openapi.extensions.impl.ExtensionsAreaImpl.getExtensionPointIfRegistered(Ljava/lang/String;)Lcom/intellij/openapi/extensions/impl/ExtensionPointImpl; @ 16 c
Event: 1347.128 Thread 0x000075b0c0056cf0 DEOPT PACKING pc=0x000075b1c6b58f58 sp=0x000075b06c7f91d0
Event: 1347.128 Thread 0x000075b0c0056cf0 DEOPT UNPACKING pc=0x000075b1c498d699 sp=0x000075b06c7f9138 mode 2
Event: 1347.128 Thread 0x000075b0c0056cf0 Uncommon trap: trap_request=0xffffffde fr.pc=0x000075b1c6be2780 relative=0x0000000000001b40
Event: 1347.128 Thread 0x000075b0c0056cf0 Uncommon trap: reason=class_check action=maybe_recompile pc=0x000075b1c6be2780 method=com.intellij.openapi.extensions.impl.ExtensionPointImpl.getExtensions()[Ljava/lang/Object; @ 49 c2
Event: 1347.128 Thread 0x000075b0c0056cf0 DEOPT PACKING pc=0x000075b1c6be2780 sp=0x000075b06c7f95f0
Event: 1347.128 Thread 0x000075b0c0056cf0 DEOPT UNPACKING pc=0x000075b1c498d699 sp=0x000075b06c7f9528 mode 2
Event: 1347.129 Thread 0x000075b0c017ae20 DEOPT PACKING pc=0x000075b1bfa030ab sp=0x000075afdeffd060
Event: 1347.129 Thread 0x000075b0c017ae20 DEOPT UNPACKING pc=0x000075b1c498de2f sp=0x000075afdeffc590 mode 0
Event: 1347.130 Thread 0x000075b0c0056cf0 DEOPT PACKING pc=0x000075b1bffc89c9 sp=0x000075b06c7f87f0
Event: 1347.130 Thread 0x000075b0c0056cf0 DEOPT UNPACKING pc=0x000075b1c498de2f sp=0x000075b06c7f7d80 mode 0

Classes loaded (20 events):
Event: 68.189 Loading class java/lang/StackStreamFactory$WalkerState
Event: 68.189 Loading class java/lang/StackStreamFactory$WalkerState done
Event: 68.189 Loading class java/lang/StackStreamFactory$1
Event: 68.189 Loading class java/lang/StackStreamFactory$1 done
Event: 68.189 Loading class java/lang/StackStreamFactory$StackFrameTraverser$StackFrameBuffer
Event: 68.189 Loading class java/lang/StackStreamFactory$FrameBuffer
Event: 68.189 Loading class java/lang/StackStreamFactory$FrameBuffer done
Event: 68.189 Loading class java/lang/StackStreamFactory$StackFrameTraverser$StackFrameBuffer done
Event: 68.189 Loading class java/util/logging/LogRecord
Event: 68.189 Loading class java/util/logging/LogRecord done
Event: 1344.482 Loading class jdk/internal/math/FormattedFloatingDecimal$Form
Event: 1344.482 Loading class jdk/internal/math/FormattedFloatingDecimal$Form done
Event: 1344.482 Loading class jdk/internal/math/FormattedFloatingDecimal
Event: 1344.482 Loading class jdk/internal/math/FormattedFloatingDecimal done
Event: 1344.482 Loading class jdk/internal/math/FormattedFloatingDecimal$1
Event: 1344.482 Loading class jdk/internal/math/FormattedFloatingDecimal$1 done
Event: 1344.482 Loading class jdk/internal/math/FormattedFloatingDecimal$2
Event: 1344.482 Loading class jdk/internal/math/FormattedFloatingDecimal$2 done
Event: 1345.359 Loading class jdk/internal/misc/ScopedMemoryAccess$Scope$Handle
Event: 1345.360 Loading class jdk/internal/misc/ScopedMemoryAccess$Scope$Handle done

Classes unloaded (20 events):
Event: 37.898 Thread 0x000075b1d4230990 Unloading class 0x000075b15d5ef400 'java/lang/invoke/LambdaForm$DMH+0x000075b15d5ef400'
Event: 37.898 Thread 0x000075b1d4230990 Unloading class 0x000075b15d5ef000 'java/lang/invoke/LambdaForm$DMH+0x000075b15d5ef000'
Event: 37.898 Thread 0x000075b1d4230990 Unloading class 0x000075b15d5ee800 'java/lang/invoke/LambdaForm$DMH+0x000075b15d5ee800'
Event: 37.898 Thread 0x000075b1d4230990 Unloading class 0x000075b15d5ee000 'java/lang/invoke/LambdaForm$DMH+0x000075b15d5ee000'
Event: 37.898 Thread 0x000075b1d4230990 Unloading class 0x000075b15d5edc00 'java/lang/invoke/LambdaForm$DMH+0x000075b15d5edc00'
Event: 37.898 Thread 0x000075b1d4230990 Unloading class 0x000075b15d5ed800 'java/lang/invoke/LambdaForm$DMH+0x000075b15d5ed800'
Event: 37.898 Thread 0x000075b1d4230990 Unloading class 0x000075b15d5ecc00 'java/lang/invoke/LambdaForm$DMH+0x000075b15d5ecc00'
Event: 37.898 Thread 0x000075b1d4230990 Unloading class 0x000075b15d5ed000 'java/lang/invoke/LambdaForm$DMH+0x000075b15d5ed000'
Event: 37.898 Thread 0x000075b1d4230990 Unloading class 0x000075b15d5ec000 'java/lang/invoke/LambdaForm$DMH+0x000075b15d5ec000'
Event: 37.898 Thread 0x000075b1d4230990 Unloading class 0x000075b15d5ed400 'java/lang/invoke/LambdaForm$DMH+0x000075b15d5ed400'
Event: 37.898 Thread 0x000075b1d4230990 Unloading class 0x000075b15d5eec00 'java/lang/invoke/LambdaForm$DMH+0x000075b15d5eec00'
Event: 37.898 Thread 0x000075b1d4230990 Unloading class 0x000075b15d5f0c00 'java/lang/invoke/LambdaForm$DMH+0x000075b15d5f0c00'
Event: 37.898 Thread 0x000075b1d4230990 Unloading class 0x000075b15d5ec400 'java/lang/invoke/LambdaForm$DMH+0x000075b15d5ec400'
Event: 37.898 Thread 0x000075b1d4230990 Unloading class 0x000075b15d5d5000 'java/lang/invoke/LambdaForm$DMH+0x000075b15d5d5000'
Event: 37.898 Thread 0x000075b1d4230990 Unloading class 0x000075b15d5d4c00 'java/lang/invoke/LambdaForm$DMH+0x000075b15d5d4c00'
Event: 37.898 Thread 0x000075b1d4230990 Unloading class 0x000075b15d5d4400 'java/lang/invoke/LambdaForm$DMH+0x000075b15d5d4400'
Event: 37.898 Thread 0x000075b1d4230990 Unloading class 0x000075b15d5d4800 'java/lang/invoke/LambdaForm$DMH+0x000075b15d5d4800'
Event: 37.898 Thread 0x000075b1d4230990 Unloading class 0x000075b15d5d5c00 'java/lang/invoke/LambdaForm$DMH+0x000075b15d5d5c00'
Event: 37.898 Thread 0x000075b1d4230990 Unloading class 0x000075b15d5d5400 'java/lang/invoke/LambdaForm$DMH+0x000075b15d5d5400'
Event: 37.898 Thread 0x000075b1d4230990 Unloading class 0x000075b15d5d5800 'java/lang/invoke/LambdaForm$DMH+0x000075b15d5d5800'

Classes redefined (0 events):
No events

Internal exceptions (20 events):
Event: 1329.262 Thread 0x000075b0e6279af0 Exception <a 'java/io/IOException'{0x00000000c73e3c28}> (0x00000000c73e3c28) 
thrown [./src/hotspot/share/prims/jni.cpp, line 516]
Event: 1334.262 Thread 0x000075b0e6279af0 Exception <a 'java/io/IOException'{0x00000000c73fae80}> (0x00000000c73fae80) 
thrown [./src/hotspot/share/prims/jni.cpp, line 516]
Event: 1339.262 Thread 0x000075b0e6279af0 Exception <a 'java/io/IOException'{0x00000000c7212188}> (0x00000000c7212188) 
thrown [./src/hotspot/share/prims/jni.cpp, line 516]
Event: 1344.262 Thread 0x000075b0e6279af0 Exception <a 'java/io/IOException'{0x00000000c72293e0}> (0x00000000c72293e0) 
thrown [./src/hotspot/share/prims/jni.cpp, line 516]
Event: 1344.496 Thread 0x000075b120410d60 Exception <a 'sun/nio/fs/UnixException'{0x00000000c6a1b4e0}> (0x00000000c6a1b4e0) 
thrown [./src/hotspot/share/prims/jni.cpp, line 516]
Event: 1344.496 Thread 0x000075b120410d60 Exception <a 'sun/nio/fs/UnixException'{0x00000000c6a1c578}> (0x00000000c6a1c578) 
thrown [./src/hotspot/share/prims/jni.cpp, line 516]
Event: 1344.496 Thread 0x000075b120410d60 Exception <a 'sun/nio/fs/UnixException'{0x00000000c6a1d608}> (0x00000000c6a1d608) 
thrown [./src/hotspot/share/prims/jni.cpp, line 516]
Event: 1344.967 Thread 0x000075b0c0054130 Exception <a 'java/lang/InterruptedException'{0x00000000bbe00000}> (0x00000000bbe00000) 
thrown [./src/hotspot/share/runtime/objectMonitor.cpp, line 1658]
Event: 1344.977 Thread 0x000075b0c0001c80 Exception <a 'sun/nio/fs/UnixException'{0x00000000c2805460}> (0x00000000c2805460) 
thrown [./src/hotspot/share/prims/jni.cpp, line 516]
Event: 1344.982 Thread 0x000075b0c0002ec0 Exception <a 'sun/nio/fs/UnixException'{0x00000000c121c928}> (0x00000000c121c928) 
thrown [./src/hotspot/share/prims/jni.cpp, line 516]
Event: 1344.991 Thread 0x000075b0c0002ec0 Exception <a 'sun/nio/fs/UnixException'{0x00000000bb3c0f28}> (0x00000000bb3c0f28) 
thrown [./src/hotspot/share/prims/jni.cpp, line 516]
Event: 1345.373 Thread 0x000075b0c004c300 Exception <a 'java/lang/InterruptedException'{0x00000000bab80000}> (0x00000000bab80000) 
thrown [./src/hotspot/share/runtime/objectMonitor.cpp, line 1658]
Event: 1347.126 Thread 0x000075b0c0002ec0 Exception <a 'sun/nio/fs/UnixException'{0x00000000b69336e0}> (0x00000000b69336e0) 
thrown [./src/hotspot/share/prims/jni.cpp, line 516]
Event: 1347.126 Thread 0x000075b0c0002ec0 Exception <a 'sun/nio/fs/UnixException'{0x00000000b69340d8}> (0x00000000b69340d8) 
thrown [./src/hotspot/share/prims/jni.cpp, line 516]
Event: 1347.126 Thread 0x000075b0c0002ec0 Exception <a 'sun/nio/fs/UnixException'{0x00000000b6934ad0}> (0x00000000b6934ad0) 
thrown [./src/hotspot/share/prims/jni.cpp, line 516]
Event: 1347.126 Thread 0x000075b0c0002ec0 Exception <a 'sun/nio/fs/UnixException'{0x00000000b69354c8}> (0x00000000b69354c8) 
thrown [./src/hotspot/share/prims/jni.cpp, line 516]
Event: 1347.126 Thread 0x000075b0c0002ec0 Exception <a 'sun/nio/fs/UnixException'{0x00000000b6935e80}> (0x00000000b6935e80) 
thrown [./src/hotspot/share/prims/jni.cpp, line 516]
Event: 1347.126 Thread 0x000075b0c0002ec0 Exception <a 'sun/nio/fs/UnixException'{0x00000000b6936808}> (0x00000000b6936808) 
thrown [./src/hotspot/share/prims/jni.cpp, line 516]
Event: 1347.126 Thread 0x000075b0c0002ec0 Exception <a 'sun/nio/fs/UnixException'{0x00000000b6937190}> (0x00000000b6937190) 
thrown [./src/hotspot/share/prims/jni.cpp, line 516]
Event: 1347.128 Thread 0x000075b0c0056cf0 Implicit null exception at 0x000075b1c6b588f0 to 0x000075b1c6b58f48

VM Operations (20 events):
Event: 1311.129 Executing VM operation: Cleanup done
Event: 1344.539 Executing VM operation: ICBufferFull
Event: 1344.539 Executing VM operation: ICBufferFull done
Event: 1344.593 Executing VM operation: ICBufferFull
Event: 1344.593 Executing VM operation: ICBufferFull done
Event: 1344.670 Executing VM operation: ICBufferFull
Event: 1344.670 Executing VM operation: ICBufferFull done
Event: 1344.752 Executing VM operation: HandshakeAllThreads
Event: 1344.752 Executing VM operation: HandshakeAllThreads done
Event: 1344.757 Executing VM operation: ICBufferFull
Event: 1344.757 Executing VM operation: ICBufferFull done
Event: 1344.798 Executing VM operation: ICBufferFull
Event: 1344.798 Executing VM operation: ICBufferFull done
Event: 1344.999 Executing VM operation: ICBufferFull
Event: 1345.000 Executing VM operation: ICBufferFull done
Event: 1346.000 Executing VM operation: Cleanup
Event: 1346.000 Executing VM operation: Cleanup done
Event: 1347.000 Executing VM operation: Cleanup
Event: 1347.000 Executing VM operation: Cleanup done
Event: 1347.130 Executing VM operation: G1CollectForAllocation

Memory protections (20 events):
Event: 1347.049 Protecting memory [0x000075afdfc00000,0x000075afdfc04000] with protection modes 0
Event: 1347.049 Protecting memory [0x000075afdfb00000,0x000075afdfb04000] with protection modes 0
Event: 1347.108 Protecting memory [0x000075afdfa00000,0x000075afdfa04000] with protection modes 0
Event: 1347.108 Protecting memory [0x000075afdf900000,0x000075afdf904000] with protection modes 0
Event: 1347.108 Protecting memory [0x000075afdf800000,0x000075afdf804000] with protection modes 0
Event: 1347.108 Protecting memory [0x000075afdf700000,0x000075afdf704000] with protection modes 0
Event: 1347.108 Protecting memory [0x000075afdf600000,0x000075afdf604000] with protection modes 0
Event: 1347.108 Protecting memory [0x000075afdf500000,0x000075afdf504000] with protection modes 0
Event: 1347.108 Protecting memory [0x000075afdf400000,0x000075afdf404000] with protection modes 0
Event: 1347.109 Protecting memory [0x000075afdf300000,0x000075afdf304000] with protection modes 0
Event: 1347.109 Protecting memory [0x000075afdf200000,0x000075afdf204000] with protection modes 0
Event: 1347.109 Protecting memory [0x000075afdf100000,0x000075afdf104000] with protection modes 0
Event: 1347.109 Protecting memory [0x000075afdf000000,0x000075afdf004000] with protection modes 0
Event: 1347.121 Protecting memory [0x000075afdef00000,0x000075afdef04000] with protection modes 0
Event: 1347.127 Protecting memory [0x000075afdee00000,0x000075afdee04000] with protection modes 0
Event: 1347.127 Protecting memory [0x000075afded00000,0x000075afded04000] with protection modes 0
Event: 1347.127 Protecting memory [0x000075afdec00000,0x000075afdec04000] with protection modes 0
Event: 1347.128 Protecting memory [0x000075afdeb00000,0x000075afdeb04000] with protection modes 0
Event: 1347.128 Protecting memory [0x000075afdea00000,0x000075afdea04000] with protection modes 0
Event: 1347.130 Protecting memory [0x000075afde800000,0x000075afde804000] with protection modes 0

Nmethod flushes (20 events):
Event: 53.089 Thread 0x000075b1d4249dc0 flushing  nmethod 0x000075b1c1926910
Event: 53.089 Thread 0x000075b1d4249dc0 flushing  nmethod 0x000075b1c19b5e90
Event: 53.089 Thread 0x000075b1d4249dc0 flushing  nmethod 0x000075b1c19e7b10
Event: 53.089 Thread 0x000075b1d4249dc0 flushing  nmethod 0x000075b1c1a62990
Event: 53.091 Thread 0x000075b1d4249dc0 flushing  nmethod 0x000075b1c1ef2a10
Event: 1344.753 Thread 0x000075b1d4249dc0 flushing  nmethod 0x000075b1c50cf490
Event: 1344.759 Thread 0x000075b1d4249dc0 flushing  nmethod 0x000075b1c6505f90
Event: 1344.760 Thread 0x000075b1d4249dc0 flushing  nmethod 0x000075b1c697cf10
Event: 1344.761 Thread 0x000075b1d4249dc0 flushing  nmethod 0x000075b1c6acc610
Event: 1344.764 Thread 0x000075b1d4249dc0 flushing  nmethod 0x000075b1bd90b490
Event: 1344.769 Thread 0x000075b1d4249dc0 flushing  nmethod 0x000075b1be4d1a90
Event: 1344.780 Thread 0x000075b1d4249dc0 flushing  nmethod 0x000075b1bf796d90
Event: 1344.781 Thread 0x000075b1d4249dc0 flushing  nmethod 0x000075b1bfaa8a90
Event: 1344.785 Thread 0x000075b1d4249dc0 flushing  nmethod 0x000075b1c032c110
Event: 1344.785 Thread 0x000075b1d4249dc0 flushing  nmethod 0x000075b1c042af90
Event: 1344.788 Thread 0x000075b1d4249dc0 flushing  nmethod 0x000075b1c0a1ea90
Event: 1344.788 Thread 0x000075b1d4249dc0 flushing  nmethod 0x000075b1c0a7bc10
Event: 1344.789 Thread 0x000075b1d4249dc0 flushing  nmethod 0x000075b1c0ceb590
Event: 1344.790 Thread 0x000075b1d4249dc0 flushing  nmethod 0x000075b1c0e2cf10
Event: 1344.797 Thread 0x000075b1d4249dc0 flushing  nmethod 0x000075b1c1f62a90

Events (20 events):
Event: 1347.049 Thread 0x000075b0940f9c10 Thread added: 0x000075b0c00f7e20
Event: 1347.049 Thread 0x000075b0940f9c10 Thread added: 0x000075b0c0100ea0
Event: 1347.108 Thread 0x000075b0940f9c10 Thread added: 0x000075b0c0105d00
Event: 1347.108 Thread 0x000075b0940f9c10 Thread added: 0x000075b0c0106f10
Event: 1347.108 Thread 0x000075b0940f9c10 Thread added: 0x000075b0c0108c20
Event: 1347.108 Thread 0x000075b0940f9c10 Thread added: 0x000075b0c01098c0
Event: 1347.108 Thread 0x000075b0940f9c10 Thread added: 0x000075b0c010a950
Event: 1347.108 Thread 0x000075b0940f9c10 Thread added: 0x000075b0c010b9d0
Event: 1347.108 Thread 0x000075b0940f9c10 Thread added: 0x000075b0c010ca50
Event: 1347.109 Thread 0x000075b0940f9c10 Thread added: 0x000075b0c010dae0
Event: 1347.109 Thread 0x000075b0940f9c10 Thread added: 0x000075b0c010eb70
Event: 1347.109 Thread 0x000075b0940f9c10 Thread added: 0x000075b0c010fbf0
Event: 1347.109 Thread 0x000075b0940f9c10 Thread added: 0x000075b0c0110c70
Event: 1347.121 Thread 0x000075b0940f9c10 Thread added: 0x000075b0c017ae20
Event: 1347.127 Thread 0x000075b0c0002ec0 Thread added: 0x000075afe0016430
Event: 1347.127 Thread 0x000075b0c0002ec0 Thread added: 0x000075afe0081600
Event: 1347.127 Thread 0x000075b0c0002ec0 Thread added: 0x000075afe000dc10
Event: 1347.128 Thread 0x000075b0c0002ec0 Thread added: 0x000075afe000e180
Event: 1347.128 Thread 0x000075b0c0002ec0 Thread added: 0x000075afe0094e60
Event: 1347.130 Thread 0x000075b0c0002ec0 Thread added: 0x000075afe0090630


Dynamic libraries:
80000000-eca00000 rw-p 00000000 00:00 0 
eca00000-ffc00000 ---p 00000000 00:00 0 
ffc00000-ffe00000 rw-p 00000000 00:00 0 
ffe00000-ffe75000 rw-p 00c7a000 103:02 118370383                         /usr/lib/jvm/java-17-openjdk-amd64/lib/server/classes.jsa
ffe75000-fff00000 rw-p 00000000 00:00 0 
fff00000-fff78000 rw-p 00c02000 103:02 118370383                         /usr/lib/jvm/java-17-openjdk-amd64/lib/server/classes.jsa
fff78000-100000000 rw-p 00000000 00:00 0 
64783e602000-64783e603000 r--p 00000000 103:02 118370229                 /usr/lib/jvm/java-17-openjdk-amd64/bin/java
64783e603000-64783e604000 r-xp 00001000 103:02 118370229                 /usr/lib/jvm/java-17-openjdk-amd64/bin/java
64783e604000-64783e605000 r--p 00002000 103:02 118370229                 /usr/lib/jvm/java-17-openjdk-amd64/bin/java
64783e605000-64783e606000 r--p 00002000 103:02 118370229                 /usr/lib/jvm/java-17-openjdk-amd64/bin/java
64783e606000-64783e607000 rw-p 00003000 103:02 118370229                 /usr/lib/jvm/java-17-openjdk-amd64/bin/java
64785a7f0000-64785a837000 rw-p 00000000 00:00 0                          [heap]
75afcc000000-75afce100000 rw-p 00000000 00:00 0 
75afce100000-75afce200000 rw-p 00000000 00:00 0 
75afce200000-75afcf100000 rw-p 00000000 00:00 0 
75afcf100000-75afd0000000 ---p 00000000 00:00 0 
75afd0000000-75afd0004000 ---p 00000000 00:00 0 
75afd0004000-75afd0100000 rw-p 00000000 00:00 0 
75afd0100000-75afd0104000 ---p 00000000 00:00 0 
75afd0104000-75afd0200000 rw-p 00000000 00:00 0 
75afd0200000-75afd7cd2000 r--s 00000000 103:02 118370380                 /usr/lib/jvm/java-17-openjdk-amd64/lib/modules
75afd7cfe000-75afd7cff000 ---p 00000000 00:00 0 
75afd7cff000-75afd7dff000 rw-p 00000000 00:00 0 
75afd7dff000-75afd7e00000 ---p 00000000 00:00 0 
75afd7e00000-75afd7f00000 rw-p 00000000 00:00 0 
75afd7f00000-75afd7f04000 ---p 00000000 00:00 0 
75afd7f04000-75afd8000000 rw-p 00000000 00:00 0 
75afd8000000-75afd8004000 ---p 00000000 00:00 0 
75afd8004000-75afd8100000 rw-p 00000000 00:00 0 
75afd8100000-75afd8104000 ---p 00000000 00:00 0 
75afd8104000-75afd8200000 rw-p 00000000 00:00 0 
75afd8200000-75afd8204000 ---p 00000000 00:00 0 
75afd8204000-75afd8300000 rw-p 00000000 00:00 0 
75afd8300000-75afd8304000 ---p 00000000 00:00 0 
75afd8304000-75afd8400000 rw-p 00000000 00:00 0 
75afd8400000-75afd8404000 ---p 00000000 00:00 0 
75afd8404000-75afd8500000 rw-p 00000000 00:00 0 
75afd8500000-75afd8504000 ---p 00000000 00:00 0 
75afd8504000-75afd8600000 rw-p 00000000 00:00 0 
75afd8700000-75afd8704000 ---p 00000000 00:00 0 
75afd8704000-75afd8800000 rw-p 00000000 00:00 0 
75afd8a00000-75afd8a04000 ---p 00000000 00:00 0 
75afd8a04000-75afd8b00000 rw-p 00000000 00:00 0 
75afd8b00000-75afd8b04000 ---p 00000000 00:00 0 
75afd8b04000-75afd8c00000 rw-p 00000000 00:00 0 
75afd8c00000-75afd8c04000 ---p 00000000 00:00 0 
75afd8c04000-75afd8d00000 rw-p 00000000 00:00 0 
75afd8d00000-75afd8d04000 ---p 00000000 00:00 0 
75afd8d04000-75afd8e00000 rw-p 00000000 00:00 0 
75afd8e00000-75afd8e04000 ---p 00000000 00:00 0 
75afd8e04000-75afd8f00000 rw-p 00000000 00:00 0 
75afd8f00000-75afd8f04000 ---p 00000000 00:00 0 
75afd8f04000-75afd9000000 rw-p 00000000 00:00 0 
75afd9000000-75afd9005000 r-xp 00000000 103:02 3015437                   /tmp/native-platform7827317914010865548dir/libnative-platform.so
75afd9005000-75afd9204000 ---p 00005000 103:02 3015437                   /tmp/native-platform7827317914010865548dir/libnative-platform.so
75afd9204000-75afd9205000 rw-p 00004000 103:02 3015437                   /tmp/native-platform7827317914010865548dir/libnative-platform.so
75afd9b3c000-75afd9b40000 ---p 00000000 00:00 0 
75afd9b40000-75afd9c3c000 rw-p 00000000 00:00 0 
75afda03c000-75afda040000 ---p 00000000 00:00 0 
75afda040000-75afda13c000 rw-p 00000000 00:00 0 
75afda13c000-75afda140000 ---p 00000000 00:00 0 
75afda140000-75afda23c000 rw-p 00000000 00:00 0 
75afdd200000-75afdd204000 ---p 00000000 00:00 0 
75afdd204000-75afdd300000 rw-p 00000000 00:00 0 
75afdd300000-75afdd304000 ---p 00000000 00:00 0 
75afdd304000-75afdd400000 rw-p 00000000 00:00 0 
75afdd800000-75afdd804000 ---p 00000000 00:00 0 
75afdd804000-75afdd900000 rw-p 00000000 00:00 0 
75afde000000-75afde004000 ---p 00000000 00:00 0 
75afde004000-75afde100000 rw-p 00000000 00:00 0 
75afde200000-75afde204000 ---p 00000000 00:00 0 
75afde204000-75afde300000 rw-p 00000000 00:00 0 
75afde600000-75afde604000 ---p 00000000 00:00 0 
75afde604000-75afde700000 rw-p 00000000 00:00 0 
75afde800000-75afde804000 ---p 00000000 00:00 0 
75afde804000-75afde900000 rw-p 00000000 00:00 0 
75afde900000-75afde904000 ---p 00000000 00:00 0 
75afde904000-75afdea00000 rw-p 00000000 00:00 0 
75afdea00000-75afdea04000 ---p 00000000 00:00 0 
75afdea04000-75afdeb00000 rw-p 00000000 00:00 0 
75afdeb00000-75afdeb04000 ---p 00000000 00:00 0 
75afdeb04000-75afdec00000 rw-p 00000000 00:00 0 
75afdec00000-75afdec04000 ---p 00000000 00:00 0 
75afdec04000-75afded00000 rw-p 00000000 00:00 0 
75afded00000-75afded04000 ---p 00000000 00:00 0 
75afded04000-75afdee00000 rw-p 00000000 00:00 0 
75afdee00000-75afdee04000 ---p 00000000 00:00 0 
75afdee04000-75afdef00000 rw-p 00000000 00:00 0 
75afdef00000-75afdef04000 ---p 00000000 00:00 0 
75afdef04000-75afdf000000 rw-p 00000000 00:00 0 
75afdf000000-75afdf004000 ---p 00000000 00:00 0 
75afdf004000-75afdf100000 rw-p 00000000 00:00 0 
75afdf100000-75afdf104000 ---p 00000000 00:00 0 
75afdf104000-75afdf200000 rw-p 00000000 00:00 0 
75afdf200000-75afdf204000 ---p 00000000 00:00 0 
75afdf204000-75afdf300000 rw-p 00000000 00:00 0 
75afdf300000-75afdf304000 ---p 00000000 00:00 0 
75afdf304000-75afdf400000 rw-p 00000000 00:00 0 
75afdf400000-75afdf404000 ---p 00000000 00:00 0 
75afdf404000-75afdf500000 rw-p 00000000 00:00 0 
75afdf500000-75afdf504000 ---p 00000000 00:00 0 
75afdf504000-75afdf600000 rw-p 00000000 00:00 0 
75afdf600000-75afdf604000 ---p 00000000 00:00 0 
75afdf604000-75afdf700000 rw-p 00000000 00:00 0 
75afdf700000-75afdf704000 ---p 00000000 00:00 0 
75afdf704000-75afdf800000 rw-p 00000000 00:00 0 
75afdf800000-75afdf804000 ---p 00000000 00:00 0 
75afdf804000-75afdf900000 rw-p 00000000 00:00 0 
75afdf900000-75afdf904000 ---p 00000000 00:00 0 
75afdf904000-75afdfa00000 rw-p 00000000 00:00 0 
75afdfa00000-75afdfa04000 ---p 00000000 00:00 0 
75afdfa04000-75afdfb00000 rw-p 00000000 00:00 0 
75afdfb00000-75afdfb04000 ---p 00000000 00:00 0 
75afdfb04000-75afdfc00000 rw-p 00000000 00:00 0 
75afdfc00000-75afdfc04000 ---p 00000000 00:00 0 
75afdfc04000-75afdfd00000 rw-p 00000000 00:00 0 
75afdfd00000-75afdfd04000 ---p 00000000 00:00 0 
75afdfd04000-75afdfe00000 rw-p 00000000 00:00 0 
75afdfe00000-75afdfe04000 ---p 00000000 00:00 0 
75afdfe04000-75afdff00000 rw-p 00000000 00:00 0 
75afdff00000-75afdff04000 ---p 00000000 00:00 0 
75afdff04000-75afe0000000 rw-p 00000000 00:00 0 
75afe0000000-75afe0ad1000 rw-p 00000000 00:00 0 
75afe0ad1000-75afe4000000 ---p 00000000 00:00 0 
75afe4000000-75afe4074000 rw-p 00000000 00:00 0 
75afe4074000-75afe8000000 ---p 00000000 00:00 0 
75afe8000000-75afe83e2000 rw-p 00000000 00:00 0 
75afe83e2000-75afec000000 ---p 00000000 00:00 0 
75afec000000-75afec06f000 rw-p 00000000 00:00 0 
75afec06f000-75aff0000000 ---p 00000000 00:00 0 
75aff0000000-75aff0d00000 rw-p 00000000 00:00 0 
75aff0d00000-75aff2300000 rw-p 00000000 00:00 0 
75aff2300000-75aff2400000 rw-p 00000000 00:00 0 
75aff2400000-75aff3980000 rw-p 00000000 00:00 0 
75aff3980000-75aff4000000 rw-p 00000000 00:00 0 
75aff4000000-75aff5ab6000 rw-p 00000000 00:00 0 
75aff5ab6000-75aff8000000 ---p 00000000 00:00 0 
75aff8000000-75aff9373000 rw-p 00000000 00:00 0 
75aff9373000-75affc000000 ---p 00000000 00:00 0 
75affc000000-75affc075000 rw-p 00000000 00:00 0 
75affc075000-75b000004000 ---p 00000000 00:00 0 
75b000004000-75b000100000 rw-p 00000000 00:00 0 
75b000100000-75b000104000 ---p 00000000 00:00 0 
75b000104000-75b000200000 rw-p 00000000 00:00 0 
75b000200000-75b000204000 ---p 00000000 00:00 0 
75b000204000-75b000300000 rw-p 00000000 00:00 0 
75b000300000-75b000304000 ---p 00000000 00:00 0 
75b000304000-75b000400000 rw-p 00000000 00:00 0 
75b000400000-75b007ed2000 r--s 00000000 103:02 118370380                 /usr/lib/jvm/java-17-openjdk-amd64/lib/modules
75b007f00000-75b007f04000 ---p 00000000 00:00 0 
75b007f04000-75b008000000 rw-p 00000000 00:00 0 
75b008000000-75b008100000 rw-p 00000000 00:00 0 
75b008100000-75b008200000 rw-p 00000000 00:00 0 
75b008200000-75b008ae0000 rw-p 00000000 00:00 0 
75b008ae0000-75b00bf00000 rw-p 00000000 00:00 0 
75b00bf00000-75b00c000000 rw-p 00000000 00:00 0 
75b00c000000-75b00dc9c000 rw-p 00000000 00:00 0 
75b00dc9c000-75b010000000 ---p 00000000 00:00 0 
75b010000000-75b0101b2000 rw-p 00000000 00:00 0 
75b0101b2000-75b014000000 ---p 00000000 00:00 0 
75b014000000-75b014496000 rw-p 00000000 00:00 0 
75b014496000-75b018000000 ---p 00000000 00:00 0 
75b018000000-75b019926000 rw-p 00000000 00:00 0 
75b019926000-75b01c000000 ---p 00000000 00:00 0 
75b01c000000-75b01c051000 rw-p 00000000 00:00 0 
75b01c051000-75b020000000 ---p 00000000 00:00 0 
75b020000000-75b0222d3000 rw-p 00000000 00:00 0 
75b0222d3000-75b024000000 ---p 00000000 00:00 0 
75b024000000-75b024d66000 rw-p 00000000 00:00 0 
75b024d66000-75b028000000 ---p 00000000 00:00 0 
75b028000000-75b0283b7000 rw-p 00000000 00:00 0 
75b0283b7000-75b02c000000 ---p 00000000 00:00 0 
75b02c000000-75b02c1c7000 rw-p 00000000 00:00 0 
75b02c1c7000-75b030000000 ---p 00000000 00:00 0 
75b030000000-75b032817000 rw-p 00000000 00:00 0 
75b032817000-75b034000000 ---p 00000000 00:00 0 
75b034000000-75b034b5a000 rw-p 00000000 00:00 0 
75b034b5a000-75b038000000 ---p 00000000 00:00 0 
75b038000000-75b038050000 rw-p 00000000 00:00 0 
75b038050000-75b03c000000 ---p 00000000 00:00 0 
75b03c000000-75b03c0ea000 rw-p 00000000 00:00 0 
75b03c0ea000-75b040000000 ---p 00000000 00:00 0 
75b040000000-75b040096000 rw-p 00000000 00:00 0 
75b040096000-75b044000000 ---p 00000000 00:00 0 
75b044000000-75b044025000 rw-p 00000000 00:00 0 
75b044025000-75b048000000 ---p 00000000 00:00 0 
75b048000000-75b04802a000 rw-p 00000000 00:00 0 
75b04802a000-75b04c000000 ---p 00000000 00:00 0 
75b04c000000-75b04c076000 rw-p 00000000 00:00 0 
75b04c076000-75b050000000 ---p 00000000 00:00 0 
75b050000000-75b050025000 rw-p 00000000 00:00 0 
75b050025000-75b054000000 ---p 00000000 00:00 0 
75b054000000-75b05405b000 rw-p 00000000 00:00 0 
75b05405b000-75b058000000 ---p 00000000 00:00 0 
75b058000000-75b05806a000 rw-p 00000000 00:00 0 
75b05806a000-75b05c000000 ---p 00000000 00:00 0 
75b05c000000-75b05def7000 rw-p 00000000 00:00 0 
75b05def7000-75b060000000 ---p 00000000 00:00 0 
75b060000000-75b061346000 rw-p 00000000 00:00 0 
75b061346000-75b064000000 ---p 00000000 00:00 0 
75b064000000-75b06402b000 rw-p 00000000 00:00 0 
75b06402b000-75b068000000 ---p 00000000 00:00 0 
75b068000000-75b068028000 rw-p 00000000 00:00 0 
75b068028000-75b06c000000 ---p 00000000 00:00 0 
75b06c0fd000-75b06c101000 ---p 00000000 00:00 0 
75b06c101000-75b06c1fd000 rw-p 00000000 00:00 0 
75b06c1fd000-75b06c201000 ---p 00000000 00:00 0 
75b06c201000-75b06c2fd000 rw-p 00000000 00:00 0 
75b06c2fd000-75b06c301000 ---p 00000000 00:00 0 
75b06c301000-75b06c3fd000 rw-p 00000000 00:00 0 
75b06c3fd000-75b06c401000 ---p 00000000 00:00 0 
75b06c401000-75b06c4fd000 rw-p 00000000 00:00 0 
75b06c4fd000-75b06c501000 ---p 00000000 00:00 0 
75b06c501000-75b06c5fd000 rw-p 00000000 00:00 0 
75b06c5fd000-75b06c601000 ---p 00000000 00:00 0 
75b06c601000-75b06c6fd000 rw-p 00000000 00:00 0 
75b06c6fd000-75b06c701000 ---p 00000000 00:00 0 
75b06c701000-75b06c7fd000 rw-p 00000000 00:00 0 
75b06c7fd000-75b06c801000 ---p 00000000 00:00 0 
75b06c801000-75b06c8fd000 rw-p 00000000 00:00 0 
75b06c8fd000-75b06c901000 ---p 00000000 00:00 0 
75b06c901000-75b06c9fd000 rw-p 00000000 00:00 0 
75b06c9fd000-75b06ca01000 ---p 00000000 00:00 0 
75b06ca01000-75b06cafd000 rw-p 00000000 00:00 0 
75b06cafd000-75b06cb01000 ---p 00000000 00:00 0 
75b06cb01000-75b06cbfd000 rw-p 00000000 00:00 0 
75b06cbfd000-75b06cc01000 ---p 00000000 00:00 0 
75b06cc01000-75b06ccfd000 rw-p 00000000 00:00 0 
75b06ccfd000-75b06cd01000 ---p 00000000 00:00 0 
75b06cd01000-75b06cdfd000 rw-p 00000000 00:00 0 
75b06cdfd000-75b06ce01000 ---p 00000000 00:00 0 
75b06ce01000-75b06cefd000 rw-p 00000000 00:00 0 
75b06cefd000-75b06cf01000 ---p 00000000 00:00 0 
75b06cf01000-75b06cffd000 rw-p 00000000 00:00 0 
75b06cffd000-75b06d001000 ---p 00000000 00:00 0 
75b06d001000-75b06d0fd000 rw-p 00000000 00:00 0 
75b06d0fd000-75b06d101000 ---p 00000000 00:00 0 
75b06d101000-75b06d1fd000 rw-p 00000000 00:00 0 
75b06d1fd000-75b06d201000 ---p 00000000 00:00 0 
75b06d201000-75b06d2fd000 rw-p 00000000 00:00 0 
75b06d2fd000-75b06d301000 ---p 00000000 00:00 0 
75b06d301000-75b06d3fd000 rw-p 00000000 00:00 0 
75b06d3fd000-75b06d401000 ---p 00000000 00:00 0 
75b06d401000-75b06d4fd000 rw-p 00000000 00:00 0 
75b06d4fd000-75b06d501000 ---p 00000000 00:00 0 
75b06d501000-75b06d5fd000 rw-p 00000000 00:00 0 
75b06d5fd000-75b06d601000 ---p 00000000 00:00 0 
75b06d601000-75b06d6fd000 rw-p 00000000 00:00 0 
75b06d6fd000-75b06d701000 ---p 00000000 00:00 0 
75b06d701000-75b06d7fd000 rw-p 00000000 00:00 0 
75b06d7fd000-75b06d801000 ---p 00000000 00:00 0 
75b06d801000-75b06d8fd000 rw-p 00000000 00:00 0 
75b06d8fd000-75b06d901000 ---p 00000000 00:00 0 
75b06d901000-75b06d9fd000 rw-p 00000000 00:00 0 
75b06d9fd000-75b06da01000 ---p 00000000 00:00 0 
75b06da01000-75b06dafd000 rw-p 00000000 00:00 0 
75b06dafd000-75b06db01000 ---p 00000000 00:00 0 
75b06db01000-75b06dbfd000 rw-p 00000000 00:00 0 
75b06dbfd000-75b06dc01000 ---p 00000000 00:00 0 
75b06dc01000-75b06dcfd000 rw-p 00000000 00:00 0 
75b06dcfd000-75b06dd01000 ---p 00000000 00:00 0 
75b06dd01000-75b06ddfd000 rw-p 00000000 00:00 0 
75b06ddfd000-75b06de01000 ---p 00000000 00:00 0 
75b06de01000-75b06defd000 rw-p 00000000 00:00 0 
75b06defd000-75b06df01000 ---p 00000000 00:00 0 
75b06df01000-75b06dffd000 rw-p 00000000 00:00 0 
75b06dffd000-75b06e001000 ---p 00000000 00:00 0 
75b06e001000-75b06e0fd000 rw-p 00000000 00:00 0 
75b06e0fd000-75b06e101000 ---p 00000000 00:00 0 
75b06e101000-75b06e1fd000 rw-p 00000000 00:00 0 
75b06e1fd000-75b06e201000 ---p 00000000 00:00 0 
75b06e201000-75b06e2fd000 rw-p 00000000 00:00 0 
75b06e2fd000-75b06e301000 ---p 00000000 00:00 0 
75b06e301000-75b06e3fd000 rw-p 00000000 00:00 0 
75b06e3fd000-75b06e401000 ---p 00000000 00:00 0 
75b06e401000-75b06e4fd000 rw-p 00000000 00:00 0 
75b06e4fd000-75b06e501000 ---p 00000000 00:00 0 
75b06e501000-75b06e5fd000 rw-p 00000000 00:00 0 
75b06e5fd000-75b06e601000 ---p 00000000 00:00 0 
75b06e601000-75b06e6fd000 rw-p 00000000 00:00 0 
75b06e6fd000-75b06e6fe000 ---p 00000000 00:00 0 
75b06e6fe000-75b06e7fe000 rw-p 00000000 00:00 0 
75b06e7fe000-75b06e7ff000 ---p 00000000 00:00 0 
75b06e7ff000-75b06e8ff000 rw-p 00000000 00:00 0 
75b06e8ff000-75b06e900000 ---p 00000000 00:00 0 
75b06e900000-75b06ea00000 rw-p 00000000 00:00 0 
75b06ea00000-75b06ea04000 ---p 00000000 00:00 0 
75b06ea04000-75b06eb00000 rw-p 00000000 00:00 0 
75b06eb00000-75b06eb04000 ---p 00000000 00:00 0 
75b06eb04000-75b06ec00000 rw-p 00000000 00:00 0 
75b06ec00000-75b06ec04000 ---p 00000000 00:00 0 
75b06ec04000-75b06ed00000 rw-p 00000000 00:00 0 
75b06ed00000-75b06ed04000 ---p 00000000 00:00 0 
75b06ed04000-75b06ee00000 rw-p 00000000 00:00 0 
75b06ee00000-75b06ee04000 ---p 00000000 00:00 0 
75b06ee04000-75b06ef00000 rw-p 00000000 00:00 0 
75b06ef00000-75b06ef04000 ---p 00000000 00:00 0 
75b06ef04000-75b06f000000 rw-p 00000000 00:00 0 
75b06f000000-75b06f004000 ---p 00000000 00:00 0 
75b06f004000-75b06f100000 rw-p 00000000 00:00 0 
75b06f100000-75b06f104000 ---p 00000000 00:00 0 
75b06f104000-75b06f200000 rw-p 00000000 00:00 0 
75b06f200000-75b06f204000 ---p 00000000 00:00 0 
75b06f204000-75b06f300000 rw-p 00000000 00:00 0 
75b06f300000-75b06f304000 ---p 00000000 00:00 0 
75b06f304000-75b06f400000 rw-p 00000000 00:00 0 
75b06f400000-75b06f404000 ---p 00000000 00:00 0 
75b06f404000-75b06f500000 rw-p 00000000 00:00 0 
75b06f500000-75b06f504000 ---p 00000000 00:00 0 
75b06f504000-75b06f600000 rw-p 00000000 00:00 0 
75b06f600000-75b06f604000 ---p 00000000 00:00 0 
75b06f604000-75b06f700000 rw-p 00000000 00:00 0 
75b06f700000-75b06f704000 ---p 00000000 00:00 0 
75b06f704000-75b06f800000 rw-p 00000000 00:00 0 
75b06f800000-75b06f804000 ---p 00000000 00:00 0 
75b06f804000-75b06f900000 rw-p 00000000 00:00 0 
75b06f900000-75b06f904000 ---p 00000000 00:00 0 
75b06f904000-75b06fa00000 rw-p 00000000 00:00 0 
75b06fa00000-75b06fa04000 ---p 00000000 00:00 0 
75b06fa04000-75b06fb00000 rw-p 00000000 00:00 0 
75b06fb00000-75b06fb04000 ---p 00000000 00:00 0 
75b06fb04000-75b06fc00000 rw-p 00000000 00:00 0 
75b06fc00000-75b06fc04000 ---p 00000000 00:00 0 
75b06fc04000-75b06fd00000 rw-p 00000000 00:00 0 
75b06fd00000-75b06fd04000 ---p 00000000 00:00 0 
75b06fd04000-75b06fe00000 rw-p 00000000 00:00 0 
75b06fe00000-75b06fe04000 ---p 00000000 00:00 0 
75b06fe04000-75b06ff00000 rw-p 00000000 00:00 0 
75b06ff00000-75b06ff04000 ---p 00000000 00:00 0 
75b06ff04000-75b070000000 rw-p 00000000 00:00 0 
75b070000000-75b071f75000 rw-p 00000000 00:00 0 
75b071f75000-75b074000000 ---p 00000000 00:00 0 
75b074000000-75b074035000 rw-p 00000000 00:00 0 
75b074035000-75b078000000 ---p 00000000 00:00 0 
75b078000000-75b078021000 rw-p 00000000 00:00 0 
75b078021000-75b07c000000 ---p 00000000 00:00 0 
75b07c000000-75b07c021000 rw-p 00000000 00:00 0 
75b07c021000-75b080000000 ---p 00000000 00:00 0 
75b080000000-75b080021000 rw-p 00000000 00:00 0 
75b080021000-75b084000000 ---p 00000000 00:00 0 
75b084000000-75b084021000 rw-p 00000000 00:00 0 
75b084021000-75b088000000 ---p 00000000 00:00 0 
75b088000000-75b088021000 rw-p 00000000 00:00 0 
75b088021000-75b08c000000 ---p 00000000 00:00 0 
75b08c000000-75b08c021000 rw-p 00000000 00:00 0 
75b08c021000-75b090000000 ---p 00000000 00:00 0 
75b090000000-75b09002b000 rw-p 00000000 00:00 0 
75b09002b000-75b094000000 ---p 00000000 00:00 0 
75b094000000-75b094100000 rw-p 00000000 00:00 0 
75b094100000-75b098000000 ---p 00000000 00:00 0 
75b098000000-75b099f7b000 rw-p 00000000 00:00 0 
75b099f7b000-75b09c000000 ---p 00000000 00:00 0 
75b09c000000-75b09c021000 rw-p 00000000 00:00 0 
75b09c021000-75b0a0000000 ---p 00000000 00:00 0 
75b0a0000000-75b0a007e000 rw-p 00000000 00:00 0 
75b0a007e000-75b0a4000000 ---p 00000000 00:00 0 
75b0a4000000-75b0a65bd000 rw-p 00000000 00:00 0 
75b0a65bd000-75b0a8000000 ---p 00000000 00:00 0 
75b0a8000000-75b0a8047000 rw-p 00000000 00:00 0 
75b0a8047000-75b0ac000000 ---p 00000000 00:00 0 
75b0ac000000-75b0ac021000 rw-p 00000000 00:00 0 
75b0ac021000-75b0b0000000 ---p 00000000 00:00 0 
75b0b0000000-75b0b01b1000 rw-p 00000000 00:00 0 
75b0b01b1000-75b0b4000000 ---p 00000000 00:00 0 
75b0b4000000-75b0b4160000 rw-p 00000000 00:00 0 
75b0b4160000-75b0b8000000 ---p 00000000 00:00 0 
75b0b8000000-75b0b8021000 rw-p 00000000 00:00 0 
75b0b8021000-75b0bc000000 ---p 00000000 00:00 0 
75b0bc000000-75b0bc029000 rw-p 00000000 00:00 0 
75b0bc029000-75b0c0000000 ---p 00000000 00:00 0 
75b0c0000000-75b0c01c5000 rw-p 00000000 00:00 0 
75b0c01c5000-75b0c4000000 ---p 00000000 00:00 0 
75b0c4000000-75b0c4021000 rw-p 00000000 00:00 0 
75b0c4021000-75b0c8000000 ---p 00000000 00:00 0 
75b0c8000000-75b0c8021000 rw-p 00000000 00:00 0 
75b0c8021000-75b0cc000000 ---p 00000000 00:00 0 
75b0cc000000-75b0cc02e000 rw-p 00000000 00:00 0 
75b0cc02e000-75b0d0000000 ---p 00000000 00:00 0 
75b0d0000000-75b0d0057000 rw-p 00000000 00:00 0 
75b0d0057000-75b0d4000000 ---p 00000000 00:00 0 
75b0d4000000-75b0d4022000 rw-p 00000000 00:00 0 
75b0d4022000-75b0d8000000 ---p 00000000 00:00 0 
75b0d8000000-75b0d8021000 rw-p 00000000 00:00 0 
75b0d8021000-75b0dc000000 ---p 00000000 00:00 0 
75b0dc000000-75b0dc9ff000 rw-p 00000000 00:00 0 
75b0dc9ff000-75b0e0000000 ---p 00000000 00:00 0 
75b0e0000000-75b0e1125000 rw-p 00000000 00:00 0 
75b0e1125000-75b0e4000000 ---p 00000000 00:00 0 
75b0e4000000-75b0e7d94000 rw-p 00000000 00:00 0 
75b0e7d94000-75b0e8000000 ---p 00000000 00:00 0 
75b0e8000000-75b0e8026000 rw-p 00000000 00:00 0 
75b0e8026000-75b0ec000000 ---p 00000000 00:00 0 
75b0ec000000-75b0ec03c000 rw-p 00000000 00:00 0 
75b0ec03c000-75b0f0000000 ---p 00000000 00:00 0 
75b0f0000000-75b0f0055000 rw-p 00000000 00:00 0 
75b0f0055000-75b0f4000000 ---p 00000000 00:00 0 
75b0f4000000-75b0f4021000 rw-p 00000000 00:00 0 
75b0f4021000-75b0f8000000 ---p 00000000 00:00 0 
75b0f8000000-75b0f8073000 rw-p 00000000 00:00 0 
75b0f8073000-75b0fc000000 ---p 00000000 00:00 0 
75b0fc000000-75b0fc892000 rw-p 00000000 00:00 0 
75b0fc892000-75b100000000 ---p 00000000 00:00 0 
75b100000000-75b100045000 rw-p 00000000 00:00 0 
75b100045000-75b104000000 ---p 00000000 00:00 0 
75b104000000-75b104083000 rw-p 00000000 00:00 0 
75b104083000-75b108000000 ---p 00000000 00:00 0 
75b108000000-75b108040000 rw-p 00000000 00:00 0 
75b108040000-75b10c000000 ---p 00000000 00:00 0 
75b10c000000-75b10c432000 rw-p 00000000 00:00 0 
75b10c432000-75b110000000 ---p 00000000 00:00 0 
75b110000000-75b1120be000 rw-p 00000000 00:00 0 
75b1120be000-75b114000000 ---p 00000000 00:00 0 
75b114000000-75b114a74000 rw-p 00000000 00:00 0 
75b114a74000-75b118000000 ---p 00000000 00:00 0 
75b118000000-75b11818e000 rw-p 00000000 00:00 0 
75b11818e000-75b11c000000 ---p 00000000 00:00 0 
75b11c000000-75b11d385000 rw-p 00000000 00:00 0 
75b11d385000-75b120000000 ---p 00000000 00:00 0 
75b120000000-75b121e59000 rw-p 00000000 00:00 0 
75b121e59000-75b124000000 ---p 00000000 00:00 0 
75b124000000-75b126112000 rw-p 00000000 00:00 0 
75b126112000-75b128000000 ---p 00000000 00:00 0 
75b128000000-75b128105000 rw-p 00000000 00:00 0 
75b128105000-75b12c000000 ---p 00000000 00:00 0 
75b12c000000-75b12d0c9000 rw-p 00000000 00:00 0 
75b12d0c9000-75b130000000 ---p 00000000 00:00 0 
75b130000000-75b1301c4000 rw-p 00000000 00:00 0 
75b1301c4000-75b134000000 ---p 00000000 00:00 0 
75b134000000-75b134115000 rw-p 00000000 00:00 0 
75b134115000-75b138000000 ---p 00000000 00:00 0 
75b138000000-75b13a626000 rw-p 00000000 00:00 0 
75b13a626000-75b13c000000 ---p 00000000 00:00 0 
75b13c000000-75b13d2b1000 rw-p 00000000 00:00 0 
75b13d2b1000-75b140000000 ---p 00000000 00:00 0 
75b140000000-75b140818000 rw-p 00000000 00:00 0 
75b140818000-75b144000000 ---p 00000000 00:00 0 
75b144000000-75b144021000 rw-p 00000000 00:00 0 
75b144021000-75b148000000 ---p 00000000 00:00 0 
75b148000000-75b148021000 rw-p 00000000 00:00 0 
75b148021000-75b14c000000 ---p 00000000 00:00 0 
75b14c000000-75b14c0d9000 rw-p 00000000 00:00 0 
75b14c0d9000-75b150000000 ---p 00000000 00:00 0 
75b150000000-75b150021000 rw-p 00000000 00:00 0 
75b150021000-75b154000000 ---p 00000000 00:00 0 
75b1540f7000-75b1540fb000 ---p 00000000 00:00 0 
75b1540fb000-75b1541f7000 rw-p 00000000 00:00 0 
75b1541f7000-75b1541fb000 ---p 00000000 00:00 0 
75b1541fb000-75b1542f7000 rw-p 00000000 00:00 0 
75b1542f7000-75b1542fb000 ---p 00000000 00:00 0 
75b1542fb000-75b1543f7000 rw-p 00000000 00:00 0 
75b1543f7000-75b1543fb000 ---p 00000000 00:00 0 
75b1543fb000-75b1544f7000 rw-p 00000000 00:00 0 
75b1544f7000-75b1544fb000 ---p 00000000 00:00 0 
75b1544fb000-75b1545f7000 rw-p 00000000 00:00 0 
75b1545f7000-75b1545fb000 ---p 00000000 00:00 0 
75b1545fb000-75b1546f7000 rw-p 00000000 00:00 0 
75b1546f7000-75b1546fb000 ---p 00000000 00:00 0 
75b1546fb000-75b1547f7000 rw-p 00000000 00:00 0 
75b1547f7000-75b1547fb000 ---p 00000000 00:00 0 
75b1547fb000-75b1548f7000 rw-p 00000000 00:00 0 
75b1548f7000-75b1548fb000 ---p 00000000 00:00 0 
75b1548fb000-75b1549f7000 rw-p 00000000 00:00 0 
75b1549f7000-75b1549fb000 ---p 00000000 00:00 0 
75b1549fb000-75b154af7000 rw-p 00000000 00:00 0 
75b154af7000-75b154afb000 ---p 00000000 00:00 0 
75b154afb000-75b154bf7000 rw-p 00000000 00:00 0 
75b154bf7000-75b154bfb000 ---p 00000000 00:00 0 
75b154bfb000-75b154cf7000 rw-p 00000000 00:00 0 
75b154cf7000-75b154cfb000 ---p 00000000 00:00 0 
75b154cfb000-75b154df7000 rw-p 00000000 00:00 0 
75b154df7000-75b154dfb000 ---p 00000000 00:00 0 
75b154dfb000-75b154ef7000 rw-p 00000000 00:00 0 
75b154ef7000-75b154efb000 ---p 00000000 00:00 0 
75b154efb000-75b154ff7000 rw-p 00000000 00:00 0 
75b154ff7000-75b154ffb000 ---p 00000000 00:00 0 
75b154ffb000-75b1550f7000 rw-p 00000000 00:00 0 
75b1550f7000-75b1550fb000 ---p 00000000 00:00 0 
75b1550fb000-75b1551f7000 rw-p 00000000 00:00 0 
75b1551f7000-75b1551f8000 ---p 00000000 00:00 0 
75b1551f8000-75b1552f8000 rw-p 00000000 00:00 0 
75b1552f8000-75b1552f9000 ---p 00000000 00:00 0 
75b1552f9000-75b1553f9000 rw-p 00000000 00:00 0 
75b1553f9000-75b1553fd000 ---p 00000000 00:00 0 
75b1553fd000-75b1554f9000 rw-p 00000000 00:00 0 
75b1554f9000-75b1554fd000 ---p 00000000 00:00 0 
75b1554fd000-75b1555f9000 rw-p 00000000 00:00 0 
75b1555f9000-75b1555fd000 ---p 00000000 00:00 0 
75b1555fd000-75b1556f9000 rw-p 00000000 00:00 0 
75b1556f9000-75b1556fd000 ---p 00000000 00:00 0 
75b1556fd000-75b1557f9000 rw-p 00000000 00:00 0 
75b1557f9000-75b1557fd000 ---p 00000000 00:00 0 
75b1557fd000-75b1558f9000 rw-p 00000000 00:00 0 
75b1558f9000-75b1558fd000 ---p 00000000 00:00 0 
75b1558fd000-75b1559f9000 rw-p 00000000 00:00 0 
75b1559f9000-75b1559fd000 ---p 00000000 00:00 0 
75b1559fd000-75b155af9000 rw-p 00000000 00:00 0 
75b155af9000-75b155afd000 ---p 00000000 00:00 0 
75b155afd000-75b155bf9000 rw-p 00000000 00:00 0 
75b155bf9000-75b155bfd000 ---p 00000000 00:00 0 
75b155bfd000-75b155cf9000 rw-p 00000000 00:00 0 
75b155cf9000-75b155cfd000 ---p 00000000 00:00 0 
75b155cfd000-75b155df9000 rw-p 00000000 00:00 0 
75b155df9000-75b155dfd000 ---p 00000000 00:00 0 
75b155dfd000-75b155ef9000 rw-p 00000000 00:00 0 
75b155ef9000-75b155efd000 ---p 00000000 00:00 0 
75b155efd000-75b155ff9000 rw-p 00000000 00:00 0 
75b155ff9000-75b155ffd000 ---p 00000000 00:00 0 
75b155ffd000-75b1560f9000 rw-p 00000000 00:00 0 
75b1560f9000-75b1560fd000 ---p 00000000 00:00 0 
75b1560fd000-75b1561f9000 rw-p 00000000 00:00 0 
75b1561f9000-75b1561fd000 ---p 00000000 00:00 0 
75b1561fd000-75b1562f9000 rw-p 00000000 00:00 0 
75b1562f9000-75b1562fd000 ---p 00000000 00:00 0 
75b1562fd000-75b1563f9000 rw-p 00000000 00:00 0 
75b1563f9000-75b1563fd000 ---p 00000000 00:00 0 
75b1563fd000-75b1564f9000 rw-p 00000000 00:00 0 
75b1564f9000-75b1564fa000 ---p 00000000 00:00 0 
75b1564fa000-75b1565fa000 rw-p 00000000 00:00 0 
75b1565fa000-75b1565fb000 ---p 00000000 00:00 0 
75b1565fb000-75b1566fb000 rw-p 00000000 00:00 0 
75b1566fb000-75b1566fc000 ---p 00000000 00:00 0 
75b1566fc000-75b1567fc000 rw-p 00000000 00:00 0 
75b1567fc000-75b1567fd000 ---p 00000000 00:00 0 
75b1567fd000-75b1568fd000 rw-p 00000000 00:00 0 
75b1568fd000-75b1568fe000 ---p 00000000 00:00 0 
75b1568fe000-75b1569fe000 rw-p 00000000 00:00 0 
75b1569fe000-75b1569ff000 ---p 00000000 00:00 0 
75b1569ff000-75b156aff000 rw-p 00000000 00:00 0 
75b156aff000-75b156b00000 ---p 00000000 00:00 0 
75b156b00000-75b156c00000 rw-p 00000000 00:00 0 
75b156c00000-75b156c53000 r-xp 00000000 103:02 65149675                  /home/stariver/.gradle/native/100fb08df4bc3b14c8652ba06237920a3bd2aa13389f12d3474272988ae205f9/linux-amd64/libnative-platform-file-events.so
75b156c53000-75b156e52000 ---p 00053000 103:02 65149675                  /home/stariver/.gradle/native/100fb08df4bc3b14c8652ba06237920a3bd2aa13389f12d3474272988ae205f9/linux-amd64/libnative-platform-file-events.so
75b156e52000-75b156e53000 r--p 00052000 103:02 65149675                  /home/stariver/.gradle/native/100fb08df4bc3b14c8652ba06237920a3bd2aa13389f12d3474272988ae205f9/linux-amd64/libnative-platform-file-events.so
75b156e53000-75b156e55000 rw-p 00053000 103:02 65149675                  /home/stariver/.gradle/native/100fb08df4bc3b14c8652ba06237920a3bd2aa13389f12d3474272988ae205f9/linux-amd64/libnative-platform-file-events.so
75b156eff000-75b156f00000 ---p 00000000 00:00 0 
75b156f00000-75b157000000 rw-p 00000000 00:00 0 
75b157000000-75b157400000 rw-p 00000000 00:00 0 
75b157400000-75b157800000 rw-p 00000000 00:00 0 
75b157800000-75b157a00000 rw-p 00000000 00:00 0 
75b157a00000-75b157f00000 rw-p 00000000 00:00 0 
75b157f00000-75b158000000 rw-p 00000000 00:00 0 
75b158000000-75b1587c0000 rw-p 00000000 00:00 0 
75b1587c0000-75b158900000 rw-p 00000000 00:00 0 
75b158900000-75b158b00000 rw-p 00000000 00:00 0 
75b158b00000-75b158c00000 rw-p 00000000 00:00 0 
75b158c00000-75b159780000 rw-p 00000000 00:00 0 
75b159780000-75b159900000 rw-p 00000000 00:00 0 
75b159900000-75b159980000 rw-p 00000000 00:00 0 
75b159980000-75b159a00000 rw-p 00000000 00:00 0 
75b159a00000-75b159aa0000 rw-p 00000000 00:00 0 
75b159aa0000-75b159ac0000 rw-p 00000000 00:00 0 
75b159ac0000-75b159b00000 rw-p 00000000 00:00 0 
75b159b00000-75b159d00000 rw-p 00000000 00:00 0 
75b159d00000-75b15a900000 rw-p 00000000 00:00 0 
75b15a900000-75b15aa00000 rw-p 00000000 00:00 0 
75b15aa00000-75b15adc0000 rw-p 00000000 00:00 0 
75b15adc0000-75b15b000000 rw-p 00000000 00:00 0 
75b15b000000-75b15bbca000 rw-p 00001000 103:02 118370383                 /usr/lib/jvm/java-17-openjdk-amd64/lib/server/classes.jsa
75b15bbca000-75b15c000000 ---p 00000000 00:00 0 
75b15c000000-75b15c040000 rw-p 00000000 00:00 0 
75b15c040000-75b15c080000 rw-p 00000000 00:00 0 
75b15c080000-75b15c140000 rw-p 00000000 00:00 0 
75b15c140000-75b15c180000 rw-p 00000000 00:00 0 
75b15c180000-75b15c440000 rw-p 00000000 00:00 0 
75b15c440000-75b15c560000 rw-p 00000000 00:00 0 
75b15c560000-75b15c580000 rw-p 00000000 00:00 0 
75b15c580000-75b15c700000 rw-p 00000000 00:00 0 
75b15c700000-75b15c740000 rw-p 00000000 00:00 0 
75b15c740000-75b15c9c0000 rw-p 00000000 00:00 0 
75b15c9c0000-75b15ca00000 rw-p 00000000 00:00 0 
75b15ca00000-75b15d8c0000 rw-p 00000000 00:00 0 
75b15d8c0000-75b15d900000 rw-p 00000000 00:00 0 
75b15d900000-75b15e390000 rw-p 00000000 00:00 0 
75b15e390000-75b19c000000 ---p 00000000 00:00 0 
75b19c000000-75b19c044000 rw-p 00000000 00:00 0 
75b19c044000-75b1a0000000 ---p 00000000 00:00 0 
75b1a0000000-75b1a03c8000 rw-p 00000000 00:00 0 
75b1a03c8000-75b1a4000000 ---p 00000000 00:00 0 
75b1a4000000-75b1a4078000 rw-p 00000000 00:00 0 
75b1a4078000-75b1a8000000 ---p 00000000 00:00 0 
75b1a80ff000-75b1a8100000 ---p 00000000 00:00 0 
75b1a8100000-75b1a8200000 rw-p 00000000 00:00 0 
75b1a8200000-75b1a8205000 r-xp 00000000 103:02 65149662                  /home/stariver/.gradle/native/c067742578af261105cb4f569cf0c3c89f3d7b1fecec35dd04571415982c5e48/linux-amd64/libnative-platform.so
75b1a8205000-75b1a8405000 ---p 00005000 103:02 65149662                  /home/stariver/.gradle/native/c067742578af261105cb4f569cf0c3c89f3d7b1fecec35dd04571415982c5e48/linux-amd64/libnative-platform.so
75b1a8405000-75b1a8406000 r--p 00005000 103:02 65149662                  /home/stariver/.gradle/native/c067742578af261105cb4f569cf0c3c89f3d7b1fecec35dd04571415982c5e48/linux-amd64/libnative-platform.so
75b1a8406000-75b1a8407000 rw-p 00006000 103:02 65149662                  /home/stariver/.gradle/native/c067742578af261105cb4f569cf0c3c89f3d7b1fecec35dd04571415982c5e48/linux-amd64/libnative-platform.so
75b1a84ff000-75b1a8503000 ---p 00000000 00:00 0 
75b1a8503000-75b1a85ff000 rw-p 00000000 00:00 0 
75b1a85ff000-75b1a8603000 ---p 00000000 00:00 0 
75b1a8603000-75b1a86ff000 rw-p 00000000 00:00 0 
75b1a86ff000-75b1a8700000 ---p 00000000 00:00 0 
75b1a8700000-75b1a8800000 rw-p 00000000 00:00 0 
75b1a8800000-75b1a8804000 ---p 00000000 00:00 0 
75b1a8804000-75b1a8900000 rw-p 00000000 00:00 0 
75b1a8900000-75b1a8904000 ---p 00000000 00:00 0 
75b1a8904000-75b1a8a00000 rw-p 00000000 00:00 0 
75b1a8a00000-75b1a8a04000 ---p 00000000 00:00 0 
75b1a8a04000-75b1a8b00000 rw-p 00000000 00:00 0 
75b1a8b00000-75b1a8b04000 ---p 00000000 00:00 0 
75b1a8b04000-75b1a8c00000 rw-p 00000000 00:00 0 
75b1a8c00000-75b1a8c04000 ---p 00000000 00:00 0 
75b1a8c04000-75b1a8d00000 rw-p 00000000 00:00 0 
75b1a8d00000-75b1a8d04000 ---p 00000000 00:00 0 
75b1a8d04000-75b1a8e00000 rw-p 00000000 00:00 0 
75b1a8e00000-75b1a8e04000 ---p 00000000 00:00 0 
75b1a8e04000-75b1a8f00000 rw-p 00000000 00:00 0 
75b1a8f00000-75b1a8f04000 ---p 00000000 00:00 0 
75b1a8f04000-75b1a9000000 rw-p 00000000 00:00 0 
75b1a9000000-75b1a96bf000 r--p 00000000 103:02 117337426                 /usr/lib/locale/locale-archive
75b1a97a9000-75b1a97ad000 ---p 00000000 00:00 0 
75b1a97ad000-75b1a98a9000 rw-p 00000000 00:00 0 
75b1a98a9000-75b1a98ad000 ---p 00000000 00:00 0 
75b1a98ad000-75b1a99a9000 rw-p 00000000 00:00 0 
75b1a99a9000-75b1a99aa000 ---p 00000000 00:00 0 
75b1a99aa000-75b1a9aaa000 rw-p 00000000 00:00 0 
75b1a9aaa000-75b1a9aaf000 r--p 00000000 103:02 118370365                 /usr/lib/jvm/java-17-openjdk-amd64/lib/libjsvml.so
75b1a9aaf000-75b1a9af0000 r-xp 00005000 103:02 118370365                 /usr/lib/jvm/java-17-openjdk-amd64/lib/libjsvml.so
75b1a9af0000-75b1a9b79000 r--p 00046000 103:02 118370365                 /usr/lib/jvm/java-17-openjdk-amd64/lib/libjsvml.so
75b1a9b79000-75b1a9b7a000 r--p 000ce000 103:02 118370365                 /usr/lib/jvm/java-17-openjdk-amd64/lib/libjsvml.so
75b1a9b7a000-75b1a9b7b000 rw-p 000cf000 103:02 118370365                 /usr/lib/jvm/java-17-openjdk-amd64/lib/libjsvml.so
75b1a9b7b000-75b1a9bfc000 rw-p 00000000 00:00 0 
75b1a9bfc000-75b1a9bfd000 ---p 00000000 00:00 0 
75b1a9bfd000-75b1a9cfd000 rw-p 00000000 00:00 0 
75b1a9cfd000-75b1a9cfe000 ---p 00000000 00:00 0 
75b1a9cfe000-75b1a9dfe000 rw-p 00000000 00:00 0 
75b1a9dfe000-75b1ad4a4000 rw-p 00000000 00:00 0 
75b1ad4a4000-75b1b0000000 ---p 00000000 00:00 0 
75b1b0000000-75b1b0335000 rw-p 00000000 00:00 0 
75b1b0335000-75b1b4000000 ---p 00000000 00:00 0 
75b1b4000000-75b1b4085000 rw-p 00000000 00:00 0 
75b1b4085000-75b1b8000000 ---p 00000000 00:00 0 
75b1b803b000-75b1b803f000 ---p 00000000 00:00 0 
75b1b803f000-75b1b805d000 rw-p 00000000 00:00 0 
75b1b805d000-75b1b80b8000 rw-p 00000000 00:00 0 
75b1b80d7000-75b1b80db000 ---p 00000000 00:00 0 
75b1b80db000-75b1b80f9000 rw-p 00000000 00:00 0 
75b1b80f9000-75b1ba328000 rw-p 00000000 00:00 0 
75b1ba328000-75b1ba7f0000 ---p 00000000 00:00 0 
75b1ba7f0000-75b1bc328000 rw-p 00000000 00:00 0 
75b1bc328000-75b1bc7f0000 ---p 00000000 00:00 0 
75b1bc7f0000-75b1bcb65000 rw-p 00000000 00:00 0 
75b1bcb65000-75b1bcbfe000 ---p 00000000 00:00 0 
75b1bcbfe000-75b1bcf65000 rw-p 00000000 00:00 0 
75b1bcf65000-75b1bcffe000 ---p 00000000 00:00 0 
75b1bcffe000-75b1bd365000 rw-p 00000000 00:00 0 
75b1bd365000-75b1bd3fe000 ---p 00000000 00:00 0 
75b1bd3fe000-75b1bd400000 rw-p 00000000 00:00 0 
75b1bd400000-75b1c2720000 rwxp 00000000 00:00 0 
75b1c2720000-75b1c4937000 ---p 00000000 00:00 0 
75b1c4937000-75b1c4ba7000 rwxp 00000000 00:00 0 
75b1c4ba7000-75b1c4ec9000 ---p 00000000 00:00 0 
75b1c4ec9000-75b1c6f19000 rwxp 00000000 00:00 0 
75b1c6f19000-75b1cc400000 ---p 00000000 00:00 0 
75b1cc400000-75b1d3ed2000 r--s 00000000 103:02 118370380                 /usr/lib/jvm/java-17-openjdk-amd64/lib/modules
75b1d3edd000-75b1d3ee1000 ---p 00000000 00:00 0 
75b1d3ee1000-75b1d3eff000 rw-p 00000000 00:00 0 
75b1d3eff000-75b1d5578000 rw-p 00000000 00:00 0 
75b1d5578000-75b1d8000000 ---p 00000000 00:00 0 
75b1d801d000-75b1d801e000 ---p 00000000 00:00 0 
75b1d801e000-75b1d811e000 rw-p 00000000 00:00 0 
75b1d811e000-75b1d811f000 ---p 00000000 00:00 0 
75b1d811f000-75b1d821f000 rw-p 00000000 00:00 0 
75b1d821f000-75b1d8220000 ---p 00000000 00:00 0 
75b1d8220000-75b1d8320000 rw-p 00000000 00:00 0 
75b1d8320000-75b1d8d6b000 rw-p 00000000 00:00 0 
75b1d8d6b000-75b1d8e15000 ---p 00000000 00:00 0 
75b1d8e15000-75b1d8ebc000 rw-p 00000000 00:00 0 
75b1d8ebc000-75b1d8f00000 ---p 00000000 00:00 0 
75b1d8f00000-75b1d8f04000 ---p 00000000 00:00 0 
75b1d8f04000-75b1d9000000 rw-p 00000000 00:00 0 
75b1d9000000-75b1d909d000 r--p 00000000 103:02 117312887                 /usr/lib/x86_64-linux-gnu/libstdc++.so.6.0.33
75b1d909d000-75b1d91e5000 r-xp 0009d000 103:02 117312887                 /usr/lib/x86_64-linux-gnu/libstdc++.so.6.0.33
75b1d91e5000-75b1d926c000 r--p 001e5000 103:02 117312887                 /usr/lib/x86_64-linux-gnu/libstdc++.so.6.0.33
75b1d926c000-75b1d9277000 r--p 0026b000 103:02 117312887                 /usr/lib/x86_64-linux-gnu/libstdc++.so.6.0.33
75b1d9277000-75b1d927a000 rw-p 00276000 103:02 117312887                 /usr/lib/x86_64-linux-gnu/libstdc++.so.6.0.33
75b1d927a000-75b1d927e000 rw-p 00000000 00:00 0 
75b1d928d000-75b1d928e000 r--p 00000000 103:02 118370374                 /usr/lib/jvm/java-17-openjdk-amd64/lib/librmi.so
75b1d928e000-75b1d928f000 r-xp 00001000 103:02 118370374                 /usr/lib/jvm/java-17-openjdk-amd64/lib/librmi.so
75b1d928f000-75b1d9290000 r--p 00002000 103:02 118370374                 /usr/lib/jvm/java-17-openjdk-amd64/lib/librmi.so
75b1d9290000-75b1d9291000 r--p 00002000 103:02 118370374                 /usr/lib/jvm/java-17-openjdk-amd64/lib/librmi.so
75b1d9291000-75b1d9292000 rw-p 00003000 103:02 118370374                 /usr/lib/jvm/java-17-openjdk-amd64/lib/librmi.so
75b1d9292000-75b1d9317000 rw-p 00000000 00:00 0 
75b1d9317000-75b1d9327000 r--p 00000000 103:02 117311914                 /usr/lib/x86_64-linux-gnu/libm.so.6
75b1d9327000-75b1d93a6000 r-xp 00010000 103:02 117311914                 /usr/lib/x86_64-linux-gnu/libm.so.6
75b1d93a6000-75b1d93fe000 r--p 0008f000 103:02 117311914                 /usr/lib/x86_64-linux-gnu/libm.so.6
75b1d93fe000-75b1d93ff000 r--p 000e7000 103:02 117311914                 /usr/lib/x86_64-linux-gnu/libm.so.6
75b1d93ff000-75b1d9400000 rw-p 000e8000 103:02 117311914                 /usr/lib/x86_64-linux-gnu/libm.so.6
75b1d9400000-75b1d9651000 r--p 00000000 103:02 118370386                 /usr/lib/jvm/java-17-openjdk-amd64/lib/server/libjvm.so
75b1d9651000-75b1da3c3000 r-xp 00251000 103:02 118370386                 /usr/lib/jvm/java-17-openjdk-amd64/lib/server/libjvm.so
75b1da3c3000-75b1da644000 r--p 00fc3000 103:02 118370386                 /usr/lib/jvm/java-17-openjdk-amd64/lib/server/libjvm.so
75b1da644000-75b1da6fc000 r--p 01244000 103:02 118370386                 /usr/lib/jvm/java-17-openjdk-amd64/lib/server/libjvm.so
75b1da6fc000-75b1da731000 rw-p 012fc000 103:02 118370386                 /usr/lib/jvm/java-17-openjdk-amd64/lib/server/libjvm.so
75b1da731000-75b1da78b000 rw-p 00000000 00:00 0 
75b1da78d000-75b1da78e000 r--p 00000000 103:02 117321159                 /usr/lib/x86_64-linux-gnu/libnss_mdns4_minimal.so.2
75b1da78e000-75b1da790000 r-xp 00001000 103:02 117321159                 /usr/lib/x86_64-linux-gnu/libnss_mdns4_minimal.so.2
75b1da790000-75b1da791000 r--p 00003000 103:02 117321159                 /usr/lib/x86_64-linux-gnu/libnss_mdns4_minimal.so.2
75b1da791000-75b1da792000 r--p 00003000 103:02 117321159                 /usr/lib/x86_64-linux-gnu/libnss_mdns4_minimal.so.2
75b1da792000-75b1da793000 rw-p 00004000 103:02 117321159                 /usr/lib/x86_64-linux-gnu/libnss_mdns4_minimal.so.2
75b1da793000-75b1da79a000 r--s 00000000 103:02 117311900                 /usr/lib/x86_64-linux-gnu/gconv/gconv-modules.cache
75b1da79a000-75b1da79b000 r--p 00000000 103:02 117311923                 /usr/lib/x86_64-linux-gnu/libpthread.so.0
75b1da79b000-75b1da79c000 r-xp 00001000 103:02 117311923                 /usr/lib/x86_64-linux-gnu/libpthread.so.0
75b1da79c000-75b1da79d000 r--p 00002000 103:02 117311923                 /usr/lib/x86_64-linux-gnu/libpthread.so.0
75b1da79d000-75b1da79e000 r--p 00002000 103:02 117311923                 /usr/lib/x86_64-linux-gnu/libpthread.so.0
75b1da79e000-75b1da79f000 rw-p 00003000 103:02 117311923                 /usr/lib/x86_64-linux-gnu/libpthread.so.0
75b1da7a3000-75b1da7a4000 r--p 00000000 103:02 118370351                 /usr/lib/jvm/java-17-openjdk-amd64/lib/libextnet.so
75b1da7a4000-75b1da7a5000 r-xp 00001000 103:02 118370351                 /usr/lib/jvm/java-17-openjdk-amd64/lib/libextnet.so
75b1da7a5000-75b1da7a6000 r--p 00002000 103:02 118370351                 /usr/lib/jvm/java-17-openjdk-amd64/lib/libextnet.so
75b1da7a6000-75b1da7a7000 r--p 00002000 103:02 118370351                 /usr/lib/jvm/java-17-openjdk-amd64/lib/libextnet.so
75b1da7a7000-75b1da7a8000 rw-p 00003000 103:02 118370351                 /usr/lib/jvm/java-17-openjdk-amd64/lib/libextnet.so
75b1da7a8000-75b1da7aa000 r--p 00000000 103:02 118370369                 /usr/lib/jvm/java-17-openjdk-amd64/lib/libmanagement_ext.so
75b1da7aa000-75b1da7ad000 r-xp 00002000 103:02 118370369                 /usr/lib/jvm/java-17-openjdk-amd64/lib/libmanagement_ext.so
75b1da7ad000-75b1da7af000 r--p 00005000 103:02 118370369                 /usr/lib/jvm/java-17-openjdk-amd64/lib/libmanagement_ext.so
75b1da7af000-75b1da7b0000 r--p 00006000 103:02 118370369                 /usr/lib/jvm/java-17-openjdk-amd64/lib/libmanagement_ext.so
75b1da7b0000-75b1da7b1000 rw-p 00007000 103:02 118370369                 /usr/lib/jvm/java-17-openjdk-amd64/lib/libmanagement_ext.so
75b1da7b1000-75b1da7b3000 r--p 00000000 103:02 118370367                 /usr/lib/jvm/java-17-openjdk-amd64/lib/libmanagement.so
75b1da7b3000-75b1da7b4000 r-xp 00002000 103:02 118370367                 /usr/lib/jvm/java-17-openjdk-amd64/lib/libmanagement.so
75b1da7b4000-75b1da7b5000 r--p 00003000 103:02 118370367                 /usr/lib/jvm/java-17-openjdk-amd64/lib/libmanagement.so
75b1da7b5000-75b1da7b6000 r--p 00003000 103:02 118370367                 /usr/lib/jvm/java-17-openjdk-amd64/lib/libmanagement.so
75b1da7b6000-75b1da7b7000 rw-p 00004000 103:02 118370367                 /usr/lib/jvm/java-17-openjdk-amd64/lib/libmanagement.so
75b1da7b7000-75b1da7bb000 r--p 00000000 103:02 118370378                 /usr/lib/jvm/java-17-openjdk-amd64/lib/libverify.so
75b1da7bb000-75b1da7c2000 r-xp 00004000 103:02 118370378                 /usr/lib/jvm/java-17-openjdk-amd64/lib/libverify.so
75b1da7c2000-75b1da7c4000 r--p 0000b000 103:02 118370378                 /usr/lib/jvm/java-17-openjdk-amd64/lib/libverify.so
75b1da7c4000-75b1da7c6000 r--p 0000c000 103:02 118370378                 /usr/lib/jvm/java-17-openjdk-amd64/lib/libverify.so
75b1da7c6000-75b1da7c7000 rw-p 0000e000 103:02 118370378                 /usr/lib/jvm/java-17-openjdk-amd64/lib/libverify.so
75b1da7c7000-75b1da7cb000 r--p 00000000 103:02 118370371                 /usr/lib/jvm/java-17-openjdk-amd64/lib/libnet.so
75b1da7cb000-75b1da7d9000 r-xp 00004000 103:02 118370371                 /usr/lib/jvm/java-17-openjdk-amd64/lib/libnet.so
75b1da7d9000-75b1da7dd000 r--p 00012000 103:02 118370371                 /usr/lib/jvm/java-17-openjdk-amd64/lib/libnet.so
75b1da7dd000-75b1da7de000 r--p 00015000 103:02 118370371                 /usr/lib/jvm/java-17-openjdk-amd64/lib/libnet.so
75b1da7de000-75b1da7df000 rw-p 00016000 103:02 118370371                 /usr/lib/jvm/java-17-openjdk-amd64/lib/libnet.so
75b1da7df000-75b1da7e6000 r--p 00000000 103:02 118370372                 /usr/lib/jvm/java-17-openjdk-amd64/lib/libnio.so
75b1da7e6000-75b1da7ef000 r-xp 00007000 103:02 118370372                 /usr/lib/jvm/java-17-openjdk-amd64/lib/libnio.so
75b1da7ef000-75b1da7f3000 r--p 00010000 103:02 118370372                 /usr/lib/jvm/java-17-openjdk-amd64/lib/libnio.so
75b1da7f3000-75b1da7f4000 r--p 00014000 103:02 118370372                 /usr/lib/jvm/java-17-openjdk-amd64/lib/libnio.so
75b1da7f4000-75b1da7f5000 rw-p 00015000 103:02 118370372                 /usr/lib/jvm/java-17-openjdk-amd64/lib/libnio.so
75b1da7f5000-75b1da7f7000 r--p 00000000 103:02 118370379                 /usr/lib/jvm/java-17-openjdk-amd64/lib/libzip.so
75b1da7f7000-75b1da7fc000 r-xp 00002000 103:02 118370379                 /usr/lib/jvm/java-17-openjdk-amd64/lib/libzip.so
75b1da7fc000-75b1da7fe000 r--p 00007000 103:02 118370379                 /usr/lib/jvm/java-17-openjdk-amd64/lib/libzip.so
75b1da7fe000-75b1da7ff000 r--p 00008000 103:02 118370379                 /usr/lib/jvm/java-17-openjdk-amd64/lib/libzip.so
75b1da7ff000-75b1da800000 rw-p 00009000 103:02 118370379                 /usr/lib/jvm/java-17-openjdk-amd64/lib/libzip.so
75b1da800000-75b1da828000 r--p 00000000 103:02 117311911                 /usr/lib/x86_64-linux-gnu/libc.so.6
75b1da828000-75b1da9b0000 r-xp 00028000 103:02 117311911                 /usr/lib/x86_64-linux-gnu/libc.so.6
75b1da9b0000-75b1da9ff000 r--p 001b0000 103:02 117311911                 /usr/lib/x86_64-linux-gnu/libc.so.6
75b1da9ff000-75b1daa03000 r--p 001fe000 103:02 117311911                 /usr/lib/x86_64-linux-gnu/libc.so.6
75b1daa03000-75b1daa05000 rw-p 00202000 103:02 117311911                 /usr/lib/x86_64-linux-gnu/libc.so.6
75b1daa05000-75b1daa12000 rw-p 00000000 00:00 0 
75b1daa16000-75b1daa1b000 rw-p 00000000 00:00 0 
75b1daa1b000-75b1daa22000 ---p 00000000 00:00 0 
75b1daa22000-75b1daa2a000 rw-s 00000000 103:02 3015435                   /tmp/hsperfdata_stariver/15626
75b1daa2a000-75b1daa36000 r--p 00000000 103:02 118370358                 /usr/lib/jvm/java-17-openjdk-amd64/lib/libjava.so
75b1daa36000-75b1daa48000 r-xp 0000c000 103:02 118370358                 /usr/lib/jvm/java-17-openjdk-amd64/lib/libjava.so
75b1daa48000-75b1daa4e000 r--p 0001e000 103:02 118370358                 /usr/lib/jvm/java-17-openjdk-amd64/lib/libjava.so
75b1daa4e000-75b1daa4f000 r--p 00023000 103:02 118370358                 /usr/lib/jvm/java-17-openjdk-amd64/lib/libjava.so
75b1daa4f000-75b1daa50000 rw-p 00024000 103:02 118370358                 /usr/lib/jvm/java-17-openjdk-amd64/lib/libjava.so
75b1daa50000-75b1daa51000 rw-p 00000000 00:00 0 
75b1daa51000-75b1daa55000 r--p 00000000 103:02 117312903                 /usr/lib/x86_64-linux-gnu/libgcc_s.so.1
75b1daa55000-75b1daa79000 r-xp 00004000 103:02 117312903                 /usr/lib/x86_64-linux-gnu/libgcc_s.so.1
75b1daa79000-75b1daa7d000 r--p 00028000 103:02 117312903                 /usr/lib/x86_64-linux-gnu/libgcc_s.so.1
75b1daa7d000-75b1daa7e000 r--p 0002b000 103:02 117312903                 /usr/lib/x86_64-linux-gnu/libgcc_s.so.1
75b1daa7e000-75b1daa7f000 rw-p 0002c000 103:02 117312903                 /usr/lib/x86_64-linux-gnu/libgcc_s.so.1
75b1daa7f000-75b1daa81000 rw-p 00000000 00:00 0 
75b1daa81000-75b1daa83000 r--p 00000000 103:02 118370362                 /usr/lib/jvm/java-17-openjdk-amd64/lib/libjli.so
75b1daa83000-75b1daa8d000 r-xp 00002000 103:02 118370362                 /usr/lib/jvm/java-17-openjdk-amd64/lib/libjli.so
75b1daa8d000-75b1daa90000 r--p 0000c000 103:02 118370362                 /usr/lib/jvm/java-17-openjdk-amd64/lib/libjli.so
75b1daa90000-75b1daa91000 r--p 0000f000 103:02 118370362                 /usr/lib/jvm/java-17-openjdk-amd64/lib/libjli.so
75b1daa91000-75b1daa92000 rw-p 00010000 103:02 118370362                 /usr/lib/jvm/java-17-openjdk-amd64/lib/libjli.so
75b1daa92000-75b1daa94000 r--p 00000000 103:02 117314671                 /usr/lib/x86_64-linux-gnu/libz.so.1.3
75b1daa94000-75b1daaa6000 r-xp 00002000 103:02 117314671                 /usr/lib/x86_64-linux-gnu/libz.so.1.3
75b1daaa6000-75b1daaac000 r--p 00014000 103:02 117314671                 /usr/lib/x86_64-linux-gnu/libz.so.1.3
75b1daaac000-75b1daaad000 r--p 0001a000 103:02 117314671                 /usr/lib/x86_64-linux-gnu/libz.so.1.3
75b1daaad000-75b1daaae000 rw-p 0001b000 103:02 117314671                 /usr/lib/x86_64-linux-gnu/libz.so.1.3
75b1daaaf000-75b1daab0000 r--p 00000000 103:02 118370353                 /usr/lib/jvm/java-17-openjdk-amd64/lib/libinstrument.so
75b1daab0000-75b1daab6000 r-xp 00001000 103:02 118370353                 /usr/lib/jvm/java-17-openjdk-amd64/lib/libinstrument.so
75b1daab6000-75b1daab9000 r--p 00007000 103:02 118370353                 /usr/lib/jvm/java-17-openjdk-amd64/lib/libinstrument.so
75b1daab9000-75b1daaba000 r--p 00009000 103:02 118370353                 /usr/lib/jvm/java-17-openjdk-amd64/lib/libinstrument.so
75b1daaba000-75b1daabb000 rw-p 0000a000 103:02 118370353                 /usr/lib/jvm/java-17-openjdk-amd64/lib/libinstrument.so
75b1daabb000-75b1daabc000 ---p 00000000 00:00 0 
75b1daabc000-75b1daabd000 r--p 00000000 00:00 0 
75b1daabd000-75b1daabe000 ---p 00000000 00:00 0 
75b1daabe000-75b1daac0000 r--p 00000000 103:02 118370361                 /usr/lib/jvm/java-17-openjdk-amd64/lib/libjimage.so
75b1daac0000-75b1daac3000 r-xp 00002000 103:02 118370361                 /usr/lib/jvm/java-17-openjdk-amd64/lib/libjimage.so
75b1daac3000-75b1daac4000 r--p 00005000 103:02 118370361                 /usr/lib/jvm/java-17-openjdk-amd64/lib/libjimage.so
75b1daac4000-75b1daac5000 r--p 00006000 103:02 118370361                 /usr/lib/jvm/java-17-openjdk-amd64/lib/libjimage.so
75b1daac5000-75b1daac6000 rw-p 00007000 103:02 118370361                 /usr/lib/jvm/java-17-openjdk-amd64/lib/libjimage.so
75b1daac6000-75b1daac8000 rw-p 00000000 00:00 0 
75b1daac8000-75b1daacc000 r--p 00000000 00:00 0                          [vvar]
75b1daacc000-75b1daace000 r--p 00000000 00:00 0                          [vvar_vclock]
75b1daace000-75b1daad0000 r-xp 00000000 00:00 0                          [vdso]
75b1daad0000-75b1daad1000 r--p 00000000 103:02 117311908                 /usr/lib/x86_64-linux-gnu/ld-linux-x86-64.so.2
75b1daad1000-75b1daafc000 r-xp 00001000 103:02 117311908                 /usr/lib/x86_64-linux-gnu/ld-linux-x86-64.so.2
75b1daafc000-75b1dab06000 r--p 0002c000 103:02 117311908                 /usr/lib/x86_64-linux-gnu/ld-linux-x86-64.so.2
75b1dab06000-75b1dab08000 r--p 00036000 103:02 117311908                 /usr/lib/x86_64-linux-gnu/ld-linux-x86-64.so.2
75b1dab08000-75b1dab0a000 rw-p 00038000 103:02 117311908                 /usr/lib/x86_64-linux-gnu/ld-linux-x86-64.so.2
7ffc07cc3000-7ffc07ce5000 rw-p 00000000 00:00 0                          [stack]
ffffffffff600000-ffffffffff601000 --xp 00000000 00:00 0                  [vsyscall]


VM Arguments:
jvm_args: --add-opens=java.base/java.util=ALL-UNNAMED --add-opens=java.base/java.lang=ALL-UNNAMED --add-opens=java.base/java.lang.invoke=ALL-UNNAMED --add-opens=java.prefs/java.util.prefs=ALL-UNNAMED --add-exports=jdk.compiler/com.sun.tools.javac.api=ALL-UNNAMED --add-exports=jdk.compiler/com.sun.tools.javac.util=ALL-UNNAMED --add-opens=java.base/java.nio.charset=ALL-UNNAMED --add-opens=java.base/java.net=ALL-UNNAMED --add-opens=java.base/java.util.concurrent.atomic=ALL-UNNAMED -Xmx2048m -Dfile.encoding=UTF-8 -Duser.country=US -Duser.language=en -Duser.variant -javaagent:/home/stariver/.gradle/wrapper/dists/gradle-8.9-bin/90cnw93cvbtalezasaz0blq0a/gradle-8.9/lib/agents/gradle-instrumentation-agent-8.9.jar 
java_command: org.gradle.launcher.daemon.bootstrap.GradleDaemon 8.9
java_class_path (initial): /home/stariver/.gradle/wrapper/dists/gradle-8.9-bin/90cnw93cvbtalezasaz0blq0a/gradle-8.9/lib/gradle-daemon-main-8.9.jar
Launcher Type: SUN_STANDARD

[Global flags]
     intx CICompilerCount                          = 4                                         {product} {ergonomic}
     uint ConcGCThreads                            = 3                                         {product} {ergonomic}
     uint G1ConcRefinementThreads                  = 10                                        {product} {ergonomic}
   size_t G1HeapRegionSize                         = 1048576                                   {product} {ergonomic}
    uintx GCDrainStackTargetSize                   = 64                                        {product} {ergonomic}
   size_t InitialHeapSize                          = 526385152                                 {product} {ergonomic}
   size_t MarkStackSize                            = 4194304                                   {product} {ergonomic}
   size_t MaxHeapSize                              = 2147483648                                {product} {command line}
   size_t MaxNewSize                               = 1287651328                                {product} {ergonomic}
   size_t MinHeapDeltaBytes                        = 1048576                                   {product} {ergonomic}
   size_t MinHeapSize                              = 8388608                                   {product} {ergonomic}
    uintx NonNMethodCodeHeapSize                   = 5839372                                {pd product} {ergonomic}
    uintx NonProfiledCodeHeapSize                  = 122909434                              {pd product} {ergonomic}
    uintx ProfiledCodeHeapSize                     = 122909434                              {pd product} {ergonomic}
    uintx ReservedCodeCacheSize                    = 251658240                              {pd product} {ergonomic}
     bool SegmentedCodeCache                       = true                                      {product} {ergonomic}
   size_t SoftMaxHeapSize                          = 2147483648                             {manageable} {ergonomic}
     bool UseCompressedClassPointers               = true                           {product lp64_product} {ergonomic}
     bool UseCompressedOops                        = true                           {product lp64_product} {ergonomic}
     bool UseG1GC                                  = true                                      {product} {ergonomic}

Logging:
Log output configuration:
 #0: stdout all=warning uptime,level,tags
 #1: stderr all=off uptime,level,tags

Environment Variables:
PATH=/home/stariver/miniconda3/bin:/home/stariver/miniconda3/condabin:/home/stariver/.local/bin:/usr/local/sbin:/usr/local/bin:/usr/sbin:/usr/bin:/sbin:/bin:/usr/games:/usr/local/games:/snap/bin:/snap/bin:/usr/local/go/bin
USERNAME=stariver
SHELL=/bin/bash
DISPLAY=:1
LANG=en_US.UTF-8
TERM=xterm-256color

Active Locale:
LC_ALL=en_US.UTF-8
LC_COLLATE=en_US.UTF-8
LC_CTYPE=en_US.UTF-8
LC_MESSAGES=en_US.UTF-8
LC_MONETARY=en_US.UTF-8
LC_NUMERIC=en_US.UTF-8
LC_TIME=en_US.UTF-8

Signal Handlers:
   SIGSEGV: crash_handler in libjvm.so, mask=11100100010111111101111111111110, flags=SA_RESTART|SA_SIGINFO, unblocked
    SIGBUS: crash_handler in libjvm.so, mask=11100100010111111101111111111110, flags=SA_RESTART|SA_SIGINFO, unblocked
    SIGFPE: crash_handler in libjvm.so, mask=11100100010111111101111111111110, flags=SA_RESTART|SA_SIGINFO, unblocked
   SIGPIPE: javaSignalHandler in libjvm.so, mask=11100100010111111101111111111110, flags=SA_RESTART|SA_SIGINFO, blocked
   SIGXFSZ: javaSignalHandler in libjvm.so, mask=11100100010111111101111111111110, flags=SA_RESTART|SA_SIGINFO, blocked
    SIGILL: crash_handler in libjvm.so, mask=11100100010111111101111111111110, flags=SA_RESTART|SA_SIGINFO, unblocked
   SIGUSR2: SR_handler in libjvm.so, mask=00100000000000000000000000000000, flags=SA_RESTART|SA_SIGINFO, blocked
    SIGHUP: UserHandler in libjvm.so, mask=11100100010111111101111111111110, flags=SA_RESTART|SA_SIGINFO, blocked
    SIGINT: UserHandler in libjvm.so, mask=11100100010111111101111111111110, flags=SA_RESTART|SA_SIGINFO, blocked
   SIGTERM: UserHandler in libjvm.so, mask=11100100010111111101111111111110, flags=SA_RESTART|SA_SIGINFO, blocked
   SIGQUIT: UserHandler in libjvm.so, mask=11100100010111111101111111111110, flags=SA_RESTART|SA_SIGINFO, blocked
   SIGTRAP: crash_handler in libjvm.so, mask=11100100010111111101111111111110, flags=SA_RESTART|SA_SIGINFO, unblocked


Periodic native trim disabled


---------------  S Y S T E M  ---------------

OS:
DISTRIB_ID=Ubuntu
DISTRIB_RELEASE=24.04
DISTRIB_CODENAME=noble
DISTRIB_DESCRIPTION="Ubuntu 24.04.4 LTS"
uname: Linux 6.17.0-29-generic #29~24.04.1-Ubuntu SMP PREEMPT_DYNAMIC Mon May 11 10:30:58 UTC 2 x86_64
OS uptime: 0 days 2:40 hours
libc: glibc 2.39 NPTL 2.39 
rlimit (soft/hard): STACK 12500k/infinity , CORE 0k/infinity , NPROC 127402/127402 , NOFILE 1048576/1048576 , AS infinity/infinity , CPU infinity/infinity , DATA infinity/infinity , FSIZE infinity/infinity , MEMLOCK 4098476k/4098476k
load average: 0.87 0.44 0.50

/proc/meminfo:
MemTotal:       32787820 kB
MemFree:         9679276 kB
MemAvailable:   18124568 kB
Buffers:          338072 kB
Cached:          8703404 kB
SwapCached:            0 kB
Active:         16264040 kB
Inactive:        5599980 kB
Active(anon):   13286528 kB
Inactive(anon):        0 kB
Active(file):    2977512 kB
Inactive(file):  5599980 kB
Unevictable:         668 kB
Mlocked:             668 kB
SwapTotal:       8388604 kB
SwapFree:        8388604 kB
Zswap:                 0 kB
Zswapped:              0 kB
Dirty:              7240 kB
Writeback:             0 kB
AnonPages:      12824124 kB
Mapped:          2104964 kB
Shmem:            463956 kB
KReclaimable:     332128 kB
Slab:             620072 kB
SReclaimable:     332128 kB
SUnreclaim:       287944 kB
KernelStack:       29352 kB
PageTables:       105500 kB
SecPageTables:      3704 kB
NFS_Unstable:          0 kB
Bounce:                0 kB
WritebackTmp:          0 kB
CommitLimit:    24782512 kB
Committed_AS:   39650624 kB
VmallocTotal:   34359738367 kB
VmallocUsed:      225548 kB
VmallocChunk:          0 kB
Percpu:            15312 kB
HardwareCorrupted:     0 kB
AnonHugePages:         0 kB
ShmemHugePages:        0 kB
ShmemPmdMapped:        0 kB
FileHugePages:    260096 kB
FilePmdMapped:      2048 kB
CmaTotal:              0 kB
CmaFree:               0 kB
Unaccepted:            0 kB
Balloon:               0 kB
HugePages_Total:       0
HugePages_Free:        0
HugePages_Rsvd:        0
HugePages_Surp:        0
Hugepagesize:       2048 kB
Hugetlb:               0 kB
DirectMap4k:      958948 kB
DirectMap2M:    22034432 kB
DirectMap1G:    10485760 kB

/sys/kernel/mm/transparent_hugepage/enabled: always [madvise] never
/sys/kernel/mm/transparent_hugepage/hpage_pmd_size: 2097152
/sys/kernel/mm/transparent_hugepage/defrag (defrag/compaction efforts parameter): always defer defer+madvise [madvise] never

Process Memory:
Virtual Size: 10638368K (peak: 10751640K)
Resident Set Size: 2995356K (peak: 2995356K) (anon: 2964060K, file: 31296K, shmem: 0K)
Swapped out: 0K
C-Heap outstanding allocations: 232124K, retained: 551731K
glibc malloc tunables: (default)

/proc/sys/kernel/threads-max (system-wide limit on the number of threads): 254805
/proc/sys/vm/max_map_count (maximum number of memory map areas a process may have): 1048576
/proc/sys/vm/swappiness (control to define how aggressively the kernel swaps out anonymous memory): 60
/proc/sys/kernel/pid_max (system-wide limit on number of process identifiers): 4194304

container (cgroup) information:
container_type: cgroupv2
cpu_cpuset_cpus: not supported
cpu_memory_nodes: not supported
active_processor_count: 12
cpu_quota: not supported
cpu_period: not supported
cpu_shares: not supported
memory_limit_in_bytes: unlimited
memory_and_swap_limit_in_bytes: unlimited
memory_soft_limit_in_bytes: 0
memory_usage_in_bytes: 11626212 k
memory_max_usage_in_bytes: not supported
rss_usage_in_bytes: 8664200 k
cache_usage_in_bytes: 2821292 k
memory_swap_current_in_bytes: 0
memory_swap_max_limit_in_bytes: unlimited
maximum number of tasks: 38220
current number of tasks: 369

Steal ticks since vm start: 0
Steal ticks percentage since vm start:  0.000

CPU: total 12 (initial active 12) (12 cores per cpu, 2 threads per core) family 25 model 33 stepping 2 microcode 0xa201210, cx8, cmov, fxsr, ht, mmx, 3dnowpref, sse, sse2, sse3, ssse3, sse4a, sse4.1, sse4.2, popcnt, lzcnt, tsc, tscinvbit, avx, avx2, aes, erms, clmul, bmi1, bmi2, adx, sha, fma, vzeroupper, clflush, clflushopt
CPU Model and flags from /proc/cpuinfo:
model name	: AMD Ryzen 5 5600X 6-Core Processor
flags		: fpu vme de pse tsc msr pae mce cx8 apic sep mtrr pge mca cmov pat pse36 clflush mmx fxsr sse sse2 ht syscall nx mmxext fxsr_opt pdpe1gb rdtscp lm constant_tsc rep_good nopl xtopology nonstop_tsc cpuid extd_apicid aperfmperf rapl pni pclmulqdq monitor ssse3 fma cx16 sse4_1 sse4_2 x2apic movbe popcnt aes xsave avx f16c rdrand lahf_lm cmp_legacy svm extapic cr8_legacy abm sse4a misalignsse 3dnowprefetch osvw ibs skinit wdt tce topoext perfctr_core perfctr_nb bpext perfctr_llc mwaitx cpb cat_l3 cdp_l3 hw_pstate ssbd mba ibrs ibpb stibp vmmcall fsgsbase bmi1 avx2 smep bmi2 erms invpcid cqm rdt_a rdseed adx smap clflushopt clwb sha_ni xsaveopt xsavec xgetbv1 xsaves cqm_llc cqm_occup_llc cqm_mbm_total cqm_mbm_local user_shstk clzero irperf xsaveerptr rdpru wbnoinvd arat npt lbrv svm_lock nrip_save tsc_scale vmcb_clean flushbyasid decodeassists pausefilter pfthreshold avic v_vmsave_vmload vgif v_spec_ctrl umip pku ospke vaes vpclmulqdq rdpid overflow_recov succor smca fsrm debug_swap

Online cpus: 0-11
Offline cpus: 
BIOS frequency limitation: <Not Available>
Frequency switch latency (ns): 0
Available cpu frequencies: <Not Available>
Current governor: powersave
Core performance/turbo boost: 1

Memory: 4k page, physical 32787820k(9679276k free), swap 8388604k(8388604k free)
Page Sizes: 4k

vm_info: OpenJDK 64-Bit Server VM (17.0.18+8-Ubuntu-124.04.1) for linux-amd64 JRE (17.0.18+8-Ubuntu-124.04.1), built on Jan 29 2026 04:05:05 by "buildd" with gcc 13.3.0

END.
