#
# A fatal error has been detected by the Java Runtime Environment:
#
#  SIGSEGV (0xb) at pc=0x000077cddff451a7, pid=17567, tid=17571
#
# JRE version: OpenJDK Runtime Environment (17.0.18+8) (build 17.0.18+8-Ubuntu-124.04.1)
# Java VM: OpenJDK 64-Bit Server VM (17.0.18+8-Ubuntu-124.04.1, mixed mode, sharing, tiered, compressed oops, compressed class ptrs, g1 gc, linux-amd64)
# Problematic frame:
# V  [libjvm.so+0x7451a7]  G1ParScanThreadState::trim_queue_to_threshold(unsigned int)+0x1a47
#
# Core dump will be written. Default location: Core dumps may be processed with "/usr/share/apport/apport -p%p -s%s -c%c -d%d -P%P -u%u -g%g -F%F -- %E" (or dumping to /home/stariver/ansim-ai/android/AnsimAI/core.17567)
#
# If you would like to submit a bug report, please visit:
#   https://bugs.launchpad.net/ubuntu/+source/openjdk-17
#

---------------  S U M M A R Y ------------

Command Line: --add-opens=java.base/java.util=ALL-UNNAMED --add-opens=java.base/java.lang=ALL-UNNAMED --add-opens=java.base/java.lang.invoke=ALL-UNNAMED --add-opens=java.prefs/java.util.prefs=ALL-UNNAMED --add-exports=jdk.compiler/com.sun.tools.javac.api=ALL-UNNAMED --add-exports=jdk.compiler/com.sun.tools.javac.util=ALL-UNNAMED --add-opens=java.base/java.nio.charset=ALL-UNNAMED --add-opens=java.base/java.net=ALL-UNNAMED --add-opens=java.base/java.util.concurrent.atomic=ALL-UNNAMED -Xmx2048m -Dfile.encoding=UTF-8 -Duser.country=US -Duser.language=en -Duser.variant -javaagent:/home/stariver/.gradle/wrapper/dists/gradle-8.9-bin/90cnw93cvbtalezasaz0blq0a/gradle-8.9/lib/agents/gradle-instrumentation-agent-8.9.jar org.gradle.launcher.daemon.bootstrap.GradleDaemon 8.9

Host: AMD Ryzen 5 5600X 6-Core Processor, 12 cores, 31G, Ubuntu 24.04.4 LTS
Time: Sat May 23 02:04:50 2026 KST elapsed time: 412.047482 seconds (0d 0h 6m 52s)

---------------  T H R E A D  ---------------

Current thread (0x000077cdd8077bd0):  GCTaskThread "GC Thread#0" [stack: 0x000077cdddb00000,0x000077cdddc00000] [id=17571]

Stack: [0x000077cdddb00000,0x000077cdddc00000],  sp=0x000077cdddbfe9f0,  free space=1018k
Native frames: (J=compiled Java code, j=interpreted, Vv=VM code, C=native code)
V  [libjvm.so+0x7451a7]  G1ParScanThreadState::trim_queue_to_threshold(unsigned int)+0x1a47
V  [libjvm.so+0x75e13a]  G1ScanHRForRegionClosure::scan_heap_roots(HeapRegion*)+0x55a
V  [libjvm.so+0x757df5]  G1RemSet::scan_heap_roots(G1ParScanThreadState*, unsigned int, G1GCPhaseTimes::GCParPhases, G1GCPhaseTimes::GCParPhases, bool)+0x1b5
V  [libjvm.so+0x6fdc4f]  G1EvacuateRegionsTask::scan_roots(G1ParScanThreadState*, unsigned int)+0x4f
V  [libjvm.so+0x6fe8fe]  G1EvacuateRegionsBaseTask::work(unsigned int)+0x8e
V  [libjvm.so+0xf73f21]  GangWorker::loop()+0x61
V  [libjvm.so+0xf73f82]
V  [libjvm.so+0xec0c19]  Thread::call_run()+0xa9
V  [libjvm.so+0xc4255b]  thread_native_entry(Thread*)+0xeb
C  [libc.so.6+0x9caa4]


siginfo: si_signo: 11 (SIGSEGV), si_code: 1 (SEGV_MAPERR), si_addr: 0x000077cdfcb816d8

Registers:
RAX=0x000077cde0b00320, RBX=0x000077cd1402e910, RCX=0x0000000000000000, RDX=0x0000000000000000
RSP=0x000077cdddbfe9f0, RBP=0x000077cdddbfea90, RSI=0x0000000000000000, RDI=0x0000000000000000
R8 =0x9db81f509db80e88, R9 =0x0000000000000001, R10=0x000077cdfcb816d0, R11=0x0000000000000003
R12=0x0000000091e08231, R13=0x00000000c839d848, R14=0x000077cde0b473cd, R15=0x000077cde0b00330
RIP=0x000077cddff451a7, EFLAGS=0x0000000000010202, CSGSFS=0x002b000000000033, ERR=0x0000000000000004
  TRAPNO=0x000000000000000e

XMM[0]=0x000000000245e880 0x0000000091e080e3
XMM[1]=0x0000000000000000 0x0000000000000047
XMM[2]=0x93b8b99800000100 0xffffffff00000000
XMM[3]=0x0000000000000047 0x0000000000000000
XMM[4]=0x0000000000000000 0xc8bd094800000000
XMM[5]=0x0000000000000000 0x0000000000000000
XMM[6]=0x0000000000000000 0x0000000000000000
XMM[7]=0x00000000c8bcd3b8 0x0000000000000000
XMM[8]=0xc8bcdcb8c8bcf9f0 0x00000000c8bcfb08
XMM[9]=0x0000000000000000 0x0000000000000000
XMM[10]=0x3f3f3f3f3f3f3f3f 0x3f3f3f3f3f3f3f3f
XMM[11]=0x9999999999999999 0x9999999999999999
XMM[12]=0x2020202020202020 0x2020202020202020
XMM[13]=0x000077cde085ee20 0x000077cde085f08c
XMM[14]=0x000077cde085eea0 0x000077cde085f08c
XMM[15]=0xcafebabecafebabe 0xcafebabecafebabe
  MXCSR=0x00001fa0


Register to memory mapping:

RAX=0x000077cde0b00320: <offset 0x0000000001300320> in /usr/lib/jvm/java-17-openjdk-amd64/lib/server/libjvm.so at 0x000077cddf800000
RBX=0x000077cd1402e910 points into unknown readable memory: 0x000077cde0a50f00 | 00 0f a5 e0 cd 77 00 00
RCX=0x0 is NULL
RDX=0x0 is NULL
RSP=0x000077cdddbfe9f0 points into unknown readable memory: 0x000077cd1402e910 | 10 e9 02 14 cd 77 00 00
RBP=0x000077cdddbfea90 points into unknown readable memory: 0x000077cdddbfec00 | 00 ec bf dd cd 77 00 00
RSI=0x0 is NULL
RDI=0x0 is NULL
R8 =0x9db81f509db80e88 is an unknown value
R9 =0x0000000000000001 is an unknown value
R10=0x000077cdfcb816d0 is an unknown value
R11=0x0000000000000003 is an unknown value
R12=0x0000000091e08231 points into unknown readable memory: d8 39 c8 78 d8 b9 c8
R13=0x00000000c839d848 is pointing into object: [Lcom.android.tools.r8.graph.O0; 
{0x00000000c839d710} - klass: 'com/android/tools/r8/graph/O0'[]
 - length: 128
R14=0x000077cde0b473cd: <offset 0x00000000013473cd> in /usr/lib/jvm/java-17-openjdk-amd64/lib/server/libjvm.so at 0x000077cddf800000
R15=0x000077cde0b00330: <offset 0x0000000001300330> in /usr/lib/jvm/java-17-openjdk-amd64/lib/server/libjvm.so at 0x000077cddf800000


Top of Stack: (sp=0x000077cdddbfe9f0)
0x000077cdddbfe9f0:   000077cd1402e910 0000000000000001
0x000077cdddbfea00:   000077cdddbfea40 00000000a5548c10
0x000077cdddbfea10:   000077cdde12aa60 0000000000000001
0x000077cdddbfea20:   0000000000000001 000077cda41deaf0
0x000077cdddbfea30:   0000000000000003 00000040e0cec96d
0x000077cdddbfea40:   0000000091e08278 000077cd61581870
0x000077cdddbfea50:   9db81f509db80e88 0000000000000100
0x000077cdddbfea60:   000077cdddbfea70 00000000a5548c10
0x000077cdddbfea70:   000077cdde12aa60 0000000000000002
0x000077cdddbfea80:   000077cd1402e910 000077cdddbfec70
0x000077cdddbfea90:   000077cdddbfec00 000077cddff5e13a
0x000077cdddbfeaa0:   000077cdd802c200 000077cdd802c510
0x000077cdddbfeab0:   0000000000000005 000077cdd802c200
0x000077cdddbfeac0:   000077cdd802c510 00000000000003d8
0x000077cdddbfead0:   000077cdd802c5e8 000077cdddbfec70
0x000077cdddbfeae0:   0000000000000954 0000000000000255
0x000077cdddbfeaf0:   000077cdd8077e90 000077cdddbfec70
0x000077cdddbfeb00:   000077cdde12aa60 0000000000000002
0x000077cdddbfeb10:   010077cdddbfeb20 00000000a5548c00
0x000077cdddbfeb20:   0000000000000080 000077cdd802d1e0
0x000077cdddbfeb30:   000077cdddbfeb80 000077cdddbfec40
0x000077cdddbfeb40:   0000005fefca42fc 0000000000000000
0x000077cdddbfeb50:   000000000012aa40 000077cdd804f860
0x000077cdddbfeb60:   00000000000012a8 000077cdde12aa40
0x000077cdddbfeb70:   0000000000000006 000077cdde12aa47
0x000077cdddbfeb80:   000077cde0a51018 0000000000000000
0x000077cdddbfeb90:   000077cdd802d1e0 000077cd1402e910
0x000077cdddbfeba0:   0000000000000000 0000000000000000
0x000077cdddbfebb0:   000077cda4000000 000077cdddbfec40
0x000077cdddbfebc0:   000077cdddbfec00 000077cddff30872
0x000077cdddbfebd0:   0000005fefca25d8 0000000000000016
0x000077cdddbfebe0:   000077cdd802d1e0 000077cda4059100 

Instructions: (pc=0x000077cddff451a7)
0x000077cddff450a7:   73 70 48 8b b8 b0 01 00 00 8b 88 c0 01 00 00 44
0x000077cddff450b7:   3b 83 7c 01 00 00 0f 83 6e 0a 00 00 4c 89 e8 44
0x000077cddff450c7:   88 4d c8 48 d3 e8 c6 45 c9 00 48 8b 04 c7 48 89
0x000077cddff450d7:   45 b0 8b 80 20 01 00 00 89 45 b8 8b 45 b8 48 8b
0x000077cddff450e7:   56 10 48 8b 14 c2 4c 8b 4a 30 48 8b 42 38 4c 29
0x000077cddff450f7:   c8 48 c1 e8 03 4c 39 d8 0f 82 e7 0e 00 00 4b 8d
0x000077cddff45107:   04 d9 48 89 42 30 4d 85 c9 0f 84 d6 0e 00 00 48
0x000077cddff45117:   8d 05 8b bd bb 00 48 8b 00 41 0f 18 0c 01 48 8b
0x000077cddff45127:   4d c0 4c 89 ca 48 83 ca 03 48 89 c8 f0 49 0f b1
0x000077cddff45137:   55 00 48 39 c1 74 22 48 8d 15 13 21 c0 00 80 3a
0x000077cddff45147:   00 74 0c 48 89 c2 83 e2 07 48 83 fa 05 74 0a 48
0x000077cddff45157:   83 e0 fc 0f 85 c4 1b 00 00 41 83 ff 08 0f 87 ba
0x000077cddff45167:   22 00 00 48 8d 15 8f 6d 92 00 45 89 ff 4a 63 04
0x000077cddff45177:   ba 48 01 d0 3e ff e0 4c 8d 35 48 22 c0 00 4c 89
0x000077cddff45187:   45 c0 41 80 3e 00 0f 84 33 07 00 00 48 8d 05 86
0x000077cddff45197:   b1 bb 00 45 8b 55 08 8b 48 08 49 d3 e2 4c 03 10
0x000077cddff451a7:   41 8b 4a 08 4c 89 55 b8 85 c9 0f 8e 3f 15 00 00
0x000077cddff451b7:   f6 c1 01 74 1e 48 8b 45 b8 48 8d 35 69 50 b4 ff
0x000077cddff451c7:   48 8b 00 48 8b 80 00 01 00 00 48 39 f0 0f 85 7d
0x000077cddff451d7:   22 00 00 c1 f9 03 89 4d a0 4c 63 d9 48 8b 45 c0
0x000077cddff451e7:   48 89 45 c8 84 d2 0f 85 95 09 00 00 a8 01 0f 84
0x000077cddff451f7:   c5 1a 00 00 48 c1 e8 03 41 89 c2 41 83 e2 0f 48
0x000077cddff45207:   8b 43 08 48 8b 73 70 8b 88 c0 01 00 00 48 8b b8
0x000077cddff45217:   b0 01 00 00 44 3b 93 7c 01 00 00 0f 83 6b 09 00
0x000077cddff45227:   00 4c 89 e8 44 88 4d c8 48 d3 e8 c6 45 c9 00 48
0x000077cddff45237:   8b 04 c7 48 89 45 98 8b 80 20 01 00 00 89 45 b0
0x000077cddff45247:   8b 45 b0 48 8b 56 10 48 8b 14 c2 4c 8b 4a 30 48
0x000077cddff45257:   8b 42 38 4c 29 c8 4d 89 c8 48 c1 e8 03 4c 39 d8
0x000077cddff45267:   0f 82 ef 0d 00 00 4b 8d 04 d9 48 89 42 30 4d 85
0x000077cddff45277:   c9 0f 84 de 0d 00 00 48 8d 05 23 bc bb 00 48 8b
0x000077cddff45287:   00 41 0f 18 0c 01 48 8b 4d c0 4c 89 ca 48 83 ca
0x000077cddff45297:   03 48 89 c8 f0 49 0f b1 55 00 48 39 c1 74 22 48 


Stack slot to memory mapping:
stack at sp + 0 slots: 0x000077cd1402e910 points into unknown readable memory: 0x000077cde0a50f00 | 00 0f a5 e0 cd 77 00 00
stack at sp + 1 slots: 0x0000000000000001 is an unknown value
stack at sp + 2 slots: 0x000077cdddbfea40 points into unknown readable memory: 0x0000000091e08278 | 78 82 e0 91 00 00 00 00
stack at sp + 3 slots: 0x00000000a5548c10 is an oop: org.jetbrains.kotlin.storage.LockBasedStorageManager$5 
{0x00000000a5548c10} - klass: 'org/jetbrains/kotlin/storage/LockBasedStorageManager$5'
 - ---- fields (total size 5 words):
 - private final 'storageManager' 'Lorg/jetbrains/kotlin/storage/LockBasedStorageManager;' @12  a 'org/jetbrains/kotlin/storage/LockBasedStorageManager'{0x000000009db000c0} (9db000c0)
 - private final 'computable' 'Lkotlin/jvm/functions/Function0;' @16  a 'org/jetbrains/kotlin/types/AbstractTypeConstructor$supertypes$1'{0x00000000a5548c38} (a5548c38)
 - private volatile 'value' 'Ljava/lang/Object;' @20  a 'org/jetbrains/kotlin/storage/LockBasedStorageManager$NotValue'{0x0000000088817f00} (88817f00)
 - private volatile 'valuePostCompute' 'Lorg/jetbrains/kotlin/storage/SingleThreadValue;' @24  NULL (0)
 - final synthetic 'val$onRecursiveCall' 'Lkotlin/jvm/functions/Function1;' @28  a 'org/jetbrains/kotlin/types/AbstractTypeConstructor$supertypes$2'{0x00000000a06f9b20} (a06f9b20)
 - final synthetic 'val$postCompute' 'Lkotlin/jvm/functions/Function1;' @32  a 'org/jetbrains/kotlin/types/AbstractTypeConstructor$supertypes$3'{0x00000000a5548c50} (a5548c50)
 - final synthetic 'this$0' 'Lorg/jetbrains/kotlin/storage/LockBasedStorageManager;' @36  a 'org/jetbrains/kotlin/storage/LockBasedStorageManager'{0x000000009db000c0} (9db000c0)
stack at sp + 4 slots: 0x000077cdde12aa60 points into unknown readable memory: 0xffffffffffffffff | ff ff ff ff ff ff ff ff
stack at sp + 5 slots: 0x0000000000000001 is an unknown value
stack at sp + 6 slots: 0x0000000000000001 is an unknown value
stack at sp + 7 slots: 0x000077cda41deaf0 points into unknown readable memory: 0x00000000c8b00000 | 00 00 b0 c8 00 00 00 00


---------------  P R O C E S S  ---------------

Threads class SMR info:
_java_thread_list=0x000077ccf402a950, length=190, elements={
0x000077cdd801ab20, 0x000077cdd8234820, 0x000077cdd8235c10, 0x000077cdd823b270,
0x000077cdd823c630, 0x000077cdd823da50, 0x000077cdd823f410, 0x000077cdd8240950,
0x000077cdd8249dc0, 0x000077cdd8255390, 0x000077cdd83014e0, 0x000077cdd9441350,
0x000077cdd94aae20, 0x000077cdd94f2fd0, 0x000077cce8198790, 0x000077cce81a00c0,
0x000077cce81d4ac0, 0x000077cce8ec5b50, 0x000077cce8ed1130, 0x000077cce8f9f1d0,
0x000077ccea0774b0, 0x000077cc7800ef10, 0x000077cc8000cb20, 0x000077cc88008560,
0x000077cc9000d490, 0x000077cc8c00c7e0, 0x000077ccf4017190, 0x000077cc80002c80,
0x000077cc800038a0, 0x000077cc80004990, 0x000077cc7000d4e0, 0x000077cc70007f00,
0x000077cc70001230, 0x000077cc7000b910, 0x000077cc7001e210, 0x000077cc7001a780,
0x000077cc71fb9b70, 0x000077cc71fba660, 0x000077cc720018c0, 0x000077cc7001caf0,
0x000077cc7001d780, 0x000077cc72038140, 0x000077cc720391d0, 0x000077cc7203a270,
0x000077cc7203af20, 0x000077cc7203be40, 0x000077cc7203cef0, 0x000077cc7203de10,
0x000077cc7203eae0, 0x000077cc7203fdd0, 0x000077cc72040930, 0x000077cc72041460,
0x000077cc72042540, 0x000077cc72043460, 0x000077cc72044550, 0x000077cc72045080,
0x000077cc72046180, 0x000077cc720470a0, 0x000077cc72047dc0, 0x000077cc72048ee0,
0x000077cc7204c910, 0x000077cc720690e0, 0x000077cc500103c0, 0x000077cc50013410,
0x000077cc50003ce0, 0x000077cc50004890, 0x000077cc50005af0, 0x000077cc50001ed0,
0x000077cc50003120, 0x000077cc0c0577d0, 0x000077cc5000d1b0, 0x000077cc5000e480,
0x000077cc500065f0, 0x000077cc500078d0, 0x000077cbf8014710, 0x000077cbf8052a60,
0x000077cbf8058050, 0x000077cbf8012f70, 0x000077cbf804fb00, 0x000077cbf803fcc0,
0x000077cbf8040230, 0x000077cbf806df00, 0x000077cbf806e470, 0x000077cbf806e9e0,
0x000077cbf8040db0, 0x000077cc0404d540, 0x000077cc04067780, 0x000077cc0400e430,
0x000077cc0407d0a0, 0x000077cc0403dc90, 0x000077cc04011810, 0x000077cc04056d00,
0x000077cc0404cd90, 0x000077cc04053cc0, 0x000077cc04052cc0, 0x000077cc040518b0,
0x000077cc0406c940, 0x000077cc04013f10, 0x000077cc040a1750, 0x000077cc04004030,
0x000077cc04077710, 0x000077cc040588d0, 0x000077cc0401a500, 0x000077cc04053450,
0x000077cc04055460, 0x000077cc04054450, 0x000077cc0401fba0, 0x000077cc04027dc0,
0x000077cc0406e0b0, 0x000077cc04076a70, 0x000077cc040c6cc0, 0x000077cc04076240,
0x000077cc040149b0, 0x000077cc040504b0, 0x000077cc04083d20, 0x000077cc0404a570,
0x000077cc0404f850, 0x000077cc040f54a0, 0x000077cc0409a630, 0x000077cc04073b70,
0x000077cc040a2b70, 0x000077cc04044c60, 0x000077cc04016950, 0x000077cc040180f0,
0x000077cc040756f0, 0x000077cc04049880, 0x000077cc04070050, 0x000077cc040a4000,
0x000077cc041318a0, 0x000077cbfc04e1d0, 0x000077cbfc04d670, 0x000077cbfc0ad720,
0x000077cbfc0720a0, 0x000077cbfc037870, 0x000077cc0c0909f0, 0x000077cc0c099210,
0x000077cc0c0774a0, 0x000077cc0c079620, 0x000077cc2c001140, 0x000077cc04169110,
0x000077cc0417dfb0, 0x000077cc2c0016b0, 0x000077cd4144d030, 0x000077cd3cfa6930,
0x000077cc04199920, 0x000077cc041aca70, 0x000077cc041add80, 0x000077cc041ae7b0,
0x000077cc041af330, 0x000077cc041afec0, 0x000077cc041b0b50, 0x000077cc041b1bd0,
0x000077cc041b2c50, 0x000077cc041b3ce0, 0x000077cc041b4d70, 0x000077cc041b5df0,
0x000077cc041fb2f0, 0x000077cc041fbd70, 0x000077cc041fc9d0, 0x000077cc041fd670,
0x000077cc041fe310, 0x000077cc041ff390, 0x000077cc040fd130, 0x000077cc0416d980,
0x000077cc0416e5b0, 0x000077cc0416f5d0, 0x000077cc04204610, 0x000077cc042052a0,
0x000077cca4005e70, 0x000077cca40030b0, 0x000077cca4002b40, 0x000077cca40076d0,
0x000077cca4007130, 0x000077cca4008310, 0x000077cca40093d0, 0x000077cca400a440,
0x000077cca400b4b0, 0x000077cca400c140, 0x000077ccd4005cb0, 0x000077cce985d510,
0x000077cce4001f20, 0x000077ccf0016db0, 0x000077ccec003d30, 0x000077ccf8002dc0,
0x000077ccf4023bd0, 0x000077cd00007e40, 0x000077ccfc028950, 0x000077ccd4006a50,
0x000077ccf4028cd0, 0x000077ccf4029990
}

Java Threads: ( => current thread )
  0x000077cdd801ab20 JavaThread "main" [_thread_blocked, id=17568, stack(0x000077cddf700000,0x000077cddf800000)]
  0x000077cdd8234820 JavaThread "Reference Handler" daemon [_thread_blocked, id=17578, stack(0x000077cddc943000,0x000077cddca43000)]
  0x000077cdd8235c10 JavaThread "Finalizer" daemon [_thread_blocked, id=17579, stack(0x000077cddc843000,0x000077cddc943000)]
  0x000077cdd823b270 JavaThread "Signal Dispatcher" daemon [_thread_blocked, id=17580, stack(0x000077cddc743000,0x000077cddc843000)]
  0x000077cdd823c630 JavaThread "Service Thread" daemon [_thread_blocked, id=17581, stack(0x000077cddc643000,0x000077cddc743000)]
  0x000077cdd823da50 JavaThread "Monitor Deflation Thread" daemon [_thread_blocked, id=17582, stack(0x000077cddc543000,0x000077cddc643000)]
  0x000077cdd823f410 JavaThread "C2 CompilerThread0" daemon [_thread_blocked, id=17583, stack(0x000077cddc443000,0x000077cddc543000)]
  0x000077cdd8240950 JavaThread "C1 CompilerThread0" daemon [_thread_blocked, id=17584, stack(0x000077cddc343000,0x000077cddc443000)]
  0x000077cdd8249dc0 JavaThread "Sweeper thread" daemon [_thread_blocked, id=17585, stack(0x000077cddc243000,0x000077cddc343000)]
  0x000077cdd8255390 JavaThread "Common-Cleaner" daemon [_thread_blocked, id=17586, stack(0x000077cddc143000,0x000077cddc243000)]
  0x000077cdd83014e0 JavaThread "Notification Thread" daemon [_thread_blocked, id=17587, stack(0x000077cddc043000,0x000077cddc143000)]
  0x000077cdd9441350 JavaThread "Daemon health stats" [_thread_blocked, id=17600, stack(0x000077cdad9fb000,0x000077cdadafb000)]
  0x000077cdd94aae20 JavaThread "Incoming local TCP Connector on port 45111" [_thread_in_native, id=17601, stack(0x000077cdad8fb000,0x000077cdad9fb000)]
  0x000077cdd94f2fd0 JavaThread "Daemon periodic checks" [_thread_blocked, id=17602, stack(0x000077cdad7fb000,0x000077cdad8fb000)]
  0x000077cce8198790 JavaThread "Cache worker for journal cache (/home/stariver/.gradle/caches/journal-1)" [_thread_blocked, id=17610, stack(0x000077cdacffb000,0x000077cdad0fb000)]
  0x000077cce81a00c0 JavaThread "File lock request listener" [_thread_in_native, id=17611, stack(0x000077cdacefb000,0x000077cdacffb000)]
  0x000077cce81d4ac0 JavaThread "Cache worker for file hash cache (/home/stariver/.gradle/caches/8.9/fileHashes)" [_thread_blocked, id=17612, stack(0x000077cdacdfb000,0x000077cdacefb000)]
  0x000077cce8ec5b50 JavaThread "File watcher server" daemon [_thread_blocked, id=17615, stack(0x000077cdacafb000,0x000077cdacbfb000)]
  0x000077cce8ed1130 JavaThread "File watcher consumer" daemon [_thread_blocked, id=17616, stack(0x000077cdac9fb000,0x000077cdacafb000)]
  0x000077cce8f9f1d0 JavaThread "Cache worker for file content cache (/home/stariver/.gradle/caches/8.9/fileContent)" [_thread_blocked, id=17620, stack(0x000077cdac5f9000,0x000077cdac6f9000)]
  0x000077ccea0774b0 JavaThread "Memory manager" [_thread_blocked, id=17656, stack(0x000077cd59100000,0x000077cd59200000)]
  0x000077cc7800ef10 JavaThread "ForkJoinPool.commonPool-worker-4" daemon [_thread_blocked, id=17829, stack(0x000077cbe5bf9000,0x000077cbe5cf9000)]
  0x000077cc8000cb20 JavaThread "ForkJoinPool.commonPool-worker-6" daemon [_thread_blocked, id=17831, stack(0x000077cbe59f9000,0x000077cbe5af9000)]
  0x000077cc88008560 JavaThread "ForkJoinPool.commonPool-worker-8" daemon [_thread_blocked, id=17833, stack(0x000077cbe5af9000,0x000077cbe5bf9000)]
  0x000077cc9000d490 JavaThread "ForkJoinPool.commonPool-worker-10" daemon [_thread_blocked, id=17835, stack(0x000077cbe57f9000,0x000077cbe58f9000)]
  0x000077cc8c00c7e0 JavaThread "ForkJoinPool.commonPool-worker-11" daemon [_thread_blocked, id=17836, stack(0x000077cbe53f9000,0x000077cbe54f9000)]
  0x000077ccf4017190 JavaThread "Daemon Thread 2" [_thread_blocked, id=18193, stack(0x000077cbe56f9000,0x000077cbe57f9000)]
  0x000077cc80002c80 JavaThread "Handler for socket connection from /127.0.0.1:45111 to /127.0.0.1:60396" [_thread_in_native, id=18194, stack(0x000077cbe58f9000,0x000077cbe59f9000)]
  0x000077cc800038a0 JavaThread "Cancel handler" [_thread_blocked, id=18195, stack(0x000077cbe54f9000,0x000077cbe55f9000)]
  0x000077cc80004990 JavaThread "Daemon worker Thread 2" [_thread_blocked, id=18196, stack(0x000077cbe51f9000,0x000077cbe52f9000)]
  0x000077cc7000d4e0 JavaThread "Asynchronous log dispatcher for DefaultDaemonConnection: socket connection from /127.0.0.1:45111 to /127.0.0.1:60396" [_thread_blocked, id=18197, stack(0x000077cbe55f9000,0x000077cbe56f9000)]
  0x000077cc70007f00 JavaThread "Stdin handler" [_thread_blocked, id=18198, stack(0x000077cdad2fb000,0x000077cdad3fb000)]
  0x000077cc70001230 JavaThread "Daemon client event forwarder" [_thread_blocked, id=18199, stack(0x000077cdad6fb000,0x000077cdad7fb000)]
  0x000077cc7000b910 JavaThread "Cache worker for file hash cache (/home/stariver/ansim-ai/android/AnsimAI/.gradle/8.9/fileHashes)" [_thread_blocked, id=18200, stack(0x000077cdad3fb000,0x000077cdad4fb000)]
  0x000077cc7001e210 JavaThread "Cache worker for Build Output Cleanup Cache (/home/stariver/ansim-ai/android/AnsimAI/.gradle/buildOutputCleanup)" [_thread_blocked, id=18202, stack(0x000077cbe50f9000,0x000077cbe51f9000)]
  0x000077cc7001a780 JavaThread "Cache worker for checksums cache (/home/stariver/ansim-ai/android/AnsimAI/.gradle/8.9/checksums)" [_thread_blocked, id=18204, stack(0x000077cdbcb00000,0x000077cdbcc00000)]
  0x000077cc71fb9b70 JavaThread "Cache worker for cache directory md-rule (/home/stariver/.gradle/caches/8.9/md-rule)" [_thread_blocked, id=18205, stack(0x000077cdad5fb000,0x000077cdad6fb000)]
  0x000077cc71fba660 JavaThread "Cache worker for cache directory md-supplier (/home/stariver/.gradle/caches/8.9/md-supplier)" [_thread_blocked, id=18206, stack(0x000077cdad4fb000,0x000077cdad5fb000)]
  0x000077cc720018c0 JavaThread "Unconstrained build operations" [_thread_blocked, id=18207, stack(0x000077cdad1fb000,0x000077cdad2fb000)]
  0x000077cc7001caf0 JavaThread "Unconstrained build operations Thread 2" [_thread_blocked, id=18208, stack(0x000077cdad0fb000,0x000077cdad1fb000)]
  0x000077cc7001d780 JavaThread "Unconstrained build operations Thread 3" [_thread_blocked, id=18209, stack(0x000077cbef400000,0x000077cbef500000)]
  0x000077cc72038140 JavaThread "Unconstrained build operations Thread 4" [_thread_blocked, id=18210, stack(0x000077cbf6800000,0x000077cbf6900000)]
  0x000077cc720391d0 JavaThread "Unconstrained build operations Thread 5" [_thread_blocked, id=18211, stack(0x000077cbf5c00000,0x000077cbf5d00000)]
  0x000077cc7203a270 JavaThread "Unconstrained build operations Thread 6" [_thread_blocked, id=18212, stack(0x000077cbf7000000,0x000077cbf7100000)]
  0x000077cc7203af20 JavaThread "Unconstrained build operations Thread 7" [_thread_blocked, id=18213, stack(0x000077cbef200000,0x000077cbef300000)]
  0x000077cc7203be40 JavaThread "Unconstrained build operations Thread 8" [_thread_blocked, id=18214, stack(0x000077cbf4900000,0x000077cbf4a00000)]
  0x000077cc7203cef0 JavaThread "Unconstrained build operations Thread 9" [_thread_blocked, id=18215, stack(0x000077cd5ad00000,0x000077cd5ae00000)]
  0x000077cc7203de10 JavaThread "Unconstrained build operations Thread 10" [_thread_blocked, id=18216, stack(0x000077cbeff00000,0x000077cbf0000000)]
  0x000077cc7203eae0 JavaThread "Unconstrained build operations Thread 11" [_thread_blocked, id=18217, stack(0x000077cd5a200000,0x000077cd5a300000)]
  0x000077cc7203fdd0 JavaThread "Unconstrained build operations Thread 12" [_thread_blocked, id=18218, stack(0x000077cbf4200000,0x000077cbf4300000)]
  0x000077cc72040930 JavaThread "Unconstrained build operations Thread 13" [_thread_blocked, id=18219, stack(0x000077cbf4300000,0x000077cbf4400000)]
  0x000077cc72041460 JavaThread "Unconstrained build operations Thread 14" [_thread_blocked, id=18220, stack(0x000077cbf4000000,0x000077cbf4100000)]
  0x000077cc72042540 JavaThread "Unconstrained build operations Thread 15" [_thread_blocked, id=18221, stack(0x000077cd5af00000,0x000077cd5b000000)]
  0x000077cc72043460 JavaThread "Unconstrained build operations Thread 16" [_thread_blocked, id=18222, stack(0x000077cbf4d00000,0x000077cbf4e00000)]
  0x000077cc72044550 JavaThread "Unconstrained build operations Thread 17" [_thread_blocked, id=18223, stack(0x000077cbeec00000,0x000077cbeed00000)]
  0x000077cc72045080 JavaThread "Unconstrained build operations Thread 18" [_thread_blocked, id=18224, stack(0x000077cbef300000,0x000077cbef400000)]
  0x000077cc72046180 JavaThread "Unconstrained build operations Thread 19" [_thread_blocked, id=18225, stack(0x000077cbf7700000,0x000077cbf7800000)]
  0x000077cc720470a0 JavaThread "Unconstrained build operations Thread 20" [_thread_blocked, id=18226, stack(0x000077cbf5800000,0x000077cbf5900000)]
  0x000077cc72047dc0 JavaThread "Unconstrained build operations Thread 21" [_thread_blocked, id=18227, stack(0x000077cbf5000000,0x000077cbf5100000)]
  0x000077cc72048ee0 JavaThread "Unconstrained build operations Thread 22" [_thread_blocked, id=18228, stack(0x000077cd58200000,0x000077cd58300000)]
  0x000077cc7204c910 JavaThread "build event listener" [_thread_blocked, id=18229, stack(0x000077cbefb00000,0x000077cbefc00000)]
  0x000077cc720690e0 JavaThread "included builds" [_thread_blocked, id=18230, stack(0x000077cbf4b00000,0x000077cbf4c00000)]
  0x000077cc500103c0 JavaThread "Execution worker" [_thread_blocked, id=18231, stack(0x000077cbf4800000,0x000077cbf4900000)]
  0x000077cc50013410 JavaThread "Execution worker Thread 2" [_thread_blocked, id=18232, stack(0x000077cbf5100000,0x000077cbf5200000)]
  0x000077cc50003ce0 JavaThread "Execution worker Thread 3" [_thread_blocked, id=18233, stack(0x000077cdaccfb000,0x000077cdacdfb000)]
  0x000077cc50004890 JavaThread "Execution worker Thread 4" [_thread_blocked, id=18234, stack(0x000077cdacbfb000,0x000077cdaccfb000)]
  0x000077cc50005af0 JavaThread "Execution worker Thread 5" [_thread_blocked, id=18235, stack(0x000077cdac6f9000,0x000077cdac7f9000)]
  0x000077cc50001ed0 JavaThread "Execution worker Thread 6" [_thread_blocked, id=18236, stack(0x000077cdac4f9000,0x000077cdac5f9000)]
  0x000077cc50003120 JavaThread "Execution worker Thread 7" [_thread_blocked, id=18237, stack(0x000077cdac3f9000,0x000077cdac4f9000)]
  0x000077cc0c0577d0 JavaThread "Cache worker for execution history cache (/home/stariver/ansim-ai/android/AnsimAI/.gradle/8.9/executionHistory)" [_thread_blocked, id=18238, stack(0x000077cdac2f9000,0x000077cdac3f9000)]
  0x000077cc5000d1b0 JavaThread "Execution worker Thread 8" [_thread_blocked, id=18239, stack(0x000077cdac1f9000,0x000077cdac2f9000)]
  0x000077cc5000e480 JavaThread "Execution worker Thread 9" [_thread_blocked, id=18240, stack(0x000077cdac0f9000,0x000077cdac1f9000)]
  0x000077cc500065f0 JavaThread "Execution worker Thread 10" [_thread_blocked, id=18241, stack(0x000077cd5ae00000,0x000077cd5af00000)]
  0x000077cc500078d0 JavaThread "Execution worker Thread 11" [_thread_blocked, id=18242, stack(0x000077cd5ac00000,0x000077cd5ad00000)]
  0x000077cbf8014710 JavaThread "Unconstrained build operations Thread 23" [_thread_blocked, id=18243, stack(0x000077cd5ab00000,0x000077cd5ac00000)]
  0x000077cbf8052a60 JavaThread "Unconstrained build operations Thread 24" [_thread_blocked, id=18244, stack(0x000077cd5aa00000,0x000077cd5ab00000)]
  0x000077cbf8058050 JavaThread "Unconstrained build operations Thread 25" [_thread_blocked, id=18245, stack(0x000077cd5a900000,0x000077cd5aa00000)]
  0x000077cbf8012f70 JavaThread "Unconstrained build operations Thread 26" [_thread_blocked, id=18246, stack(0x000077cd5a800000,0x000077cd5a900000)]
  0x000077cbf804fb00 JavaThread "Unconstrained build operations Thread 27" [_thread_blocked, id=18247, stack(0x000077cd5a700000,0x000077cd5a800000)]
  0x000077cbf803fcc0 JavaThread "Unconstrained build operations Thread 28" [_thread_blocked, id=18248, stack(0x000077cd5a600000,0x000077cd5a700000)]
  0x000077cbf8040230 JavaThread "Unconstrained build operations Thread 29" [_thread_blocked, id=18249, stack(0x000077cd5a500000,0x000077cd5a600000)]
  0x000077cbf806df00 JavaThread "Unconstrained build operations Thread 30" [_thread_blocked, id=18250, stack(0x000077cd5a400000,0x000077cd5a500000)]
  0x000077cbf806e470 JavaThread "Unconstrained build operations Thread 31" [_thread_blocked, id=18251, stack(0x000077cd5a300000,0x000077cd5a400000)]
  0x000077cbf806e9e0 JavaThread "Unconstrained build operations Thread 32" [_thread_blocked, id=18252, stack(0x000077cd5a100000,0x000077cd5a200000)]
  0x000077cbf8040db0 JavaThread "Unconstrained build operations Thread 33" [_thread_blocked, id=18253, stack(0x000077cd5a000000,0x000077cd5a100000)]
  0x000077cc0404d540 JavaThread "Unconstrained build operations Thread 34" [_thread_blocked, id=18254, stack(0x000077cd59f00000,0x000077cd5a000000)]
  0x000077cc04067780 JavaThread "Unconstrained build operations Thread 35" [_thread_blocked, id=18255, stack(0x000077cd59e00000,0x000077cd59f00000)]
  0x000077cc0400e430 JavaThread "Unconstrained build operations Thread 36" [_thread_blocked, id=18256, stack(0x000077cd59d00000,0x000077cd59e00000)]
  0x000077cc0407d0a0 JavaThread "Unconstrained build operations Thread 37" [_thread_blocked, id=18257, stack(0x000077cd59c00000,0x000077cd59d00000)]
  0x000077cc0403dc90 JavaThread "Unconstrained build operations Thread 38" [_thread_blocked, id=18258, stack(0x000077cd59b00000,0x000077cd59c00000)]
  0x000077cc04011810 JavaThread "Unconstrained build operations Thread 39" [_thread_blocked, id=18259, stack(0x000077cd59a00000,0x000077cd59b00000)]
  0x000077cc04056d00 JavaThread "Unconstrained build operations Thread 40" [_thread_blocked, id=18260, stack(0x000077cd59900000,0x000077cd59a00000)]
  0x000077cc0404cd90 JavaThread "Unconstrained build operations Thread 41" [_thread_blocked, id=18261, stack(0x000077cd59800000,0x000077cd59900000)]
  0x000077cc04053cc0 JavaThread "Unconstrained build operations Thread 42" [_thread_blocked, id=18262, stack(0x000077cd59700000,0x000077cd59800000)]
  0x000077cc04052cc0 JavaThread "Unconstrained build operations Thread 43" [_thread_blocked, id=18263, stack(0x000077cd59600000,0x000077cd59700000)]
  0x000077cc040518b0 JavaThread "Unconstrained build operations Thread 44" [_thread_blocked, id=18264, stack(0x000077cd59500000,0x000077cd59600000)]
  0x000077cc0406c940 JavaThread "Unconstrained build operations Thread 45" [_thread_blocked, id=18265, stack(0x000077cd59400000,0x000077cd59500000)]
  0x000077cc04013f10 JavaThread "Unconstrained build operations Thread 46" [_thread_blocked, id=18266, stack(0x000077cd59300000,0x000077cd59400000)]
  0x000077cc040a1750 JavaThread "Unconstrained build operations Thread 47" [_thread_blocked, id=18267, stack(0x000077cd59200000,0x000077cd59300000)]
  0x000077cc04004030 JavaThread "Unconstrained build operations Thread 48" [_thread_blocked, id=18268, stack(0x000077cd59000000,0x000077cd59100000)]
  0x000077cc04077710 JavaThread "Unconstrained build operations Thread 49" [_thread_blocked, id=18269, stack(0x000077cd58e00000,0x000077cd58f00000)]
  0x000077cc040588d0 JavaThread "Unconstrained build operations Thread 50" [_thread_blocked, id=18270, stack(0x000077cd58d00000,0x000077cd58e00000)]
  0x000077cc0401a500 JavaThread "Unconstrained build operations Thread 51" [_thread_blocked, id=18271, stack(0x000077cd58c00000,0x000077cd58d00000)]
  0x000077cc04053450 JavaThread "Unconstrained build operations Thread 52" [_thread_blocked, id=18272, stack(0x000077cd58b00000,0x000077cd58c00000)]
  0x000077cc04055460 JavaThread "Unconstrained build operations Thread 53" [_thread_blocked, id=18273, stack(0x000077cd58a00000,0x000077cd58b00000)]
  0x000077cc04054450 JavaThread "Unconstrained build operations Thread 54" [_thread_blocked, id=18274, stack(0x000077cd58900000,0x000077cd58a00000)]
  0x000077cc0401fba0 JavaThread "Unconstrained build operations Thread 55" [_thread_blocked, id=18275, stack(0x000077cd58800000,0x000077cd58900000)]
  0x000077cc04027dc0 JavaThread "Unconstrained build operations Thread 56" [_thread_blocked, id=18276, stack(0x000077cd58700000,0x000077cd58800000)]
  0x000077cc0406e0b0 JavaThread "Unconstrained build operations Thread 57" [_thread_blocked, id=18277, stack(0x000077cd58600000,0x000077cd58700000)]
  0x000077cc04076a70 JavaThread "Unconstrained build operations Thread 58" [_thread_blocked, id=18278, stack(0x000077cd58500000,0x000077cd58600000)]
  0x000077cc040c6cc0 JavaThread "Unconstrained build operations Thread 59" [_thread_blocked, id=18279, stack(0x000077cd58400000,0x000077cd58500000)]
  0x000077cc04076240 JavaThread "Unconstrained build operations Thread 60" [_thread_blocked, id=18280, stack(0x000077cd58300000,0x000077cd58400000)]
  0x000077cc040149b0 JavaThread "Unconstrained build operations Thread 61" [_thread_blocked, id=18281, stack(0x000077cd58100000,0x000077cd58200000)]
  0x000077cc040504b0 JavaThread "Unconstrained build operations Thread 62" [_thread_blocked, id=18282, stack(0x000077cd58000000,0x000077cd58100000)]
  0x000077cc04083d20 JavaThread "Unconstrained build operations Thread 63" [_thread_blocked, id=18283, stack(0x000077cbf7f00000,0x000077cbf8000000)]
  0x000077cc0404a570 JavaThread "Unconstrained build operations Thread 64" [_thread_blocked, id=18284, stack(0x000077cbf7e00000,0x000077cbf7f00000)]
  0x000077cc0404f850 JavaThread "Unconstrained build operations Thread 65" [_thread_blocked, id=18285, stack(0x000077cbf7d00000,0x000077cbf7e00000)]
  0x000077cc040f54a0 JavaThread "Unconstrained build operations Thread 66" [_thread_blocked, id=18286, stack(0x000077cbf7c00000,0x000077cbf7d00000)]
  0x000077cc0409a630 JavaThread "Unconstrained build operations Thread 67" [_thread_blocked, id=18287, stack(0x000077cbf7b00000,0x000077cbf7c00000)]
  0x000077cc04073b70 JavaThread "Unconstrained build operations Thread 68" [_thread_blocked, id=18288, stack(0x000077cbf7a00000,0x000077cbf7b00000)]
  0x000077cc040a2b70 JavaThread "Unconstrained build operations Thread 69" [_thread_blocked, id=18289, stack(0x000077cbf7900000,0x000077cbf7a00000)]
  0x000077cc04044c60 JavaThread "Unconstrained build operations Thread 70" [_thread_blocked, id=18290, stack(0x000077cbf7800000,0x000077cbf7900000)]
  0x000077cc04016950 JavaThread "Unconstrained build operations Thread 71" [_thread_blocked, id=18291, stack(0x000077cbf7600000,0x000077cbf7700000)]
  0x000077cc040180f0 JavaThread "Unconstrained build operations Thread 72" [_thread_blocked, id=18292, stack(0x000077cbf7500000,0x000077cbf7600000)]
  0x000077cc040756f0 JavaThread "Unconstrained build operations Thread 73" [_thread_blocked, id=18293, stack(0x000077cbf7400000,0x000077cbf7500000)]
  0x000077cc04049880 JavaThread "Unconstrained build operations Thread 74" [_thread_blocked, id=18294, stack(0x000077cbf7300000,0x000077cbf7400000)]
  0x000077cc04070050 JavaThread "Unconstrained build operations Thread 75" [_thread_blocked, id=18295, stack(0x000077cbf7200000,0x000077cbf7300000)]
  0x000077cc040a4000 JavaThread "Unconstrained build operations Thread 76" [_thread_blocked, id=18296, stack(0x000077cbf7100000,0x000077cbf7200000)]
  0x000077cc041318a0 JavaThread "WorkerExecutor Queue" [_thread_blocked, id=18297, stack(0x000077cbf6f00000,0x000077cbf7000000)]
  0x000077cbfc04e1d0 JavaThread "Unconstrained build operations Thread 77" [_thread_blocked, id=18298, stack(0x000077cbf6e00000,0x000077cbf6f00000)]
  0x000077cbfc04d670 JavaThread "Unconstrained build operations Thread 78" [_thread_blocked, id=18299, stack(0x000077cbf6d00000,0x000077cbf6e00000)]
  0x000077cbfc0ad720 JavaThread "Unconstrained build operations Thread 79" [_thread_blocked, id=18300, stack(0x000077cbf6c00000,0x000077cbf6d00000)]
  0x000077cbfc0720a0 JavaThread "Unconstrained build operations Thread 80" [_thread_blocked, id=18301, stack(0x000077cbf6b00000,0x000077cbf6c00000)]
  0x000077cbfc037870 JavaThread "Unconstrained build operations Thread 81" [_thread_blocked, id=18302, stack(0x000077cbf6a00000,0x000077cbf6b00000)]
  0x000077cc0c0909f0 JavaThread "RMI Scheduler(0)" daemon [_thread_blocked, id=18304, stack(0x000077cbf6900000,0x000077cbf6a00000)]
  0x000077cc0c099210 JavaThread "RMI GC Daemon" daemon [_thread_blocked, id=18306, stack(0x000077cbf6600000,0x000077cbf6700000)]
  0x000077cc0c0774a0 JavaThread "RMI TCP Accept-0" daemon [_thread_in_native, id=18308, stack(0x000077cbf6500000,0x000077cbf6600000)]
  0x000077cc0c079620 JavaThread "RMI Reaper" [_thread_blocked, id=18309, stack(0x000077cbf6400000,0x000077cbf6500000)]
  0x000077cc2c001140 JavaThread "RMI TCP Connection(1)-127.0.0.1" daemon [_thread_in_native, id=18311, stack(0x000077cbf6300000,0x000077cbf6400000)]
  0x000077cc04169110 JavaThread "Unconstrained build operations Thread 82" [_thread_blocked, id=18318, stack(0x000077cbf6200000,0x000077cbf6300000)]
  0x000077cc0417dfb0 JavaThread "WorkerExecutor Queue Thread 2" [_thread_blocked, id=18319, stack(0x000077cbf6100000,0x000077cbf6200000)]
  0x000077cc2c0016b0 JavaThread "RMI TCP Connection(2)-127.0.0.1" daemon [_thread_in_native, id=18323, stack(0x000077cbf5f00000,0x000077cbf6000000)]
  0x000077cd4144d030 JavaThread "C2 CompilerThread1" daemon [_thread_blocked, id=18324, stack(0x000077cd58f00000,0x000077cd59000000)]
  0x000077cd3cfa6930 JavaThread "C2 CompilerThread2" daemon [_thread_blocked, id=18325, stack(0x000077cdbd300000,0x000077cdbd400000)]
  0x000077cc04199920 JavaThread "Cache worker for Java compile cache (/home/stariver/.gradle/caches/8.9/javaCompile)" [_thread_blocked, id=18326, stack(0x000077cbf5e00000,0x000077cbf5f00000)]
  0x000077cc041aca70 JavaThread "Build operations" [_thread_blocked, id=18327, stack(0x000077cbf5d00000,0x000077cbf5e00000)]
  0x000077cc041add80 JavaThread "Build operations Thread 2" [_thread_blocked, id=18328, stack(0x000077cbf5b00000,0x000077cbf5c00000)]
  0x000077cc041ae7b0 JavaThread "Build operations Thread 3" [_thread_blocked, id=18329, stack(0x000077cbf5a00000,0x000077cbf5b00000)]
  0x000077cc041af330 JavaThread "Build operations Thread 4" [_thread_blocked, id=18330, stack(0x000077cbf5900000,0x000077cbf5a00000)]
  0x000077cc041afec0 JavaThread "Build operations Thread 5" [_thread_blocked, id=18331, stack(0x000077cbf5700000,0x000077cbf5800000)]
  0x000077cc041b0b50 JavaThread "Build operations Thread 6" [_thread_blocked, id=18332, stack(0x000077cbf5600000,0x000077cbf5700000)]
  0x000077cc041b1bd0 JavaThread "Build operations Thread 7" [_thread_blocked, id=18333, stack(0x000077cbf5500000,0x000077cbf5600000)]
  0x000077cc041b2c50 JavaThread "Build operations Thread 8" [_thread_blocked, id=18334, stack(0x000077cbf5400000,0x000077cbf5500000)]
  0x000077cc041b3ce0 JavaThread "Build operations Thread 9" [_thread_blocked, id=18335, stack(0x000077cbf5300000,0x000077cbf5400000)]
  0x000077cc041b4d70 JavaThread "Build operations Thread 10" [_thread_blocked, id=18336, stack(0x000077cbf5200000,0x000077cbf5300000)]
  0x000077cc041b5df0 JavaThread "Build operations Thread 11" [_thread_blocked, id=18337, stack(0x000077cbf4f00000,0x000077cbf5000000)]
  0x000077cc041fb2f0 JavaThread "Unconstrained build operations Thread 83" [_thread_blocked, id=18338, stack(0x000077cbf4e00000,0x000077cbf4f00000)]
  0x000077cc041fbd70 JavaThread "Unconstrained build operations Thread 84" [_thread_blocked, id=18339, stack(0x000077cbf4c00000,0x000077cbf4d00000)]
  0x000077cc041fc9d0 JavaThread "Unconstrained build operations Thread 85" [_thread_blocked, id=18340, stack(0x000077cbf4a00000,0x000077cbf4b00000)]
  0x000077cc041fd670 JavaThread "Unconstrained build operations Thread 86" [_thread_blocked, id=18341, stack(0x000077cbf4700000,0x000077cbf4800000)]
  0x000077cc041fe310 JavaThread "Unconstrained build operations Thread 87" [_thread_blocked, id=18342, stack(0x000077cbf4600000,0x000077cbf4700000)]
  0x000077cc041ff390 JavaThread "Unconstrained build operations Thread 88" [_thread_blocked, id=18343, stack(0x000077cbf4500000,0x000077cbf4600000)]
  0x000077cc040fd130 JavaThread "Unconstrained build operations Thread 89" [_thread_blocked, id=18344, stack(0x000077cbf4400000,0x000077cbf4500000)]
  0x000077cc0416d980 JavaThread "Unconstrained build operations Thread 90" [_thread_blocked, id=18345, stack(0x000077cbf4100000,0x000077cbf4200000)]
  0x000077cc0416e5b0 JavaThread "Unconstrained build operations Thread 91" [_thread_blocked, id=18346, stack(0x000077cbefe00000,0x000077cbeff00000)]
  0x000077cc0416f5d0 JavaThread "Unconstrained build operations Thread 92" [_thread_blocked, id=18347, stack(0x000077cbefd00000,0x000077cbefe00000)]
  0x000077cc04204610 JavaThread "Unconstrained build operations Thread 93" [_thread_blocked, id=18348, stack(0x000077cbefc00000,0x000077cbefd00000)]
  0x000077cc042052a0 JavaThread "WorkerExecutor Queue Thread 3" [_thread_blocked, id=18349, stack(0x000077cbefa00000,0x000077cbefb00000)]
  0x000077cca4005e70 JavaThread "WorkerExecutor Queue Thread 4" [_thread_blocked, id=18350, stack(0x000077cbef900000,0x000077cbefa00000)]
  0x000077cca40030b0 JavaThread "WorkerExecutor Queue Thread 5" [_thread_blocked, id=18351, stack(0x000077cbef800000,0x000077cbef900000)]
  0x000077cca4002b40 JavaThread "WorkerExecutor Queue Thread 6" [_thread_blocked, id=18352, stack(0x000077cbef700000,0x000077cbef800000)]
  0x000077cca40076d0 JavaThread "WorkerExecutor Queue Thread 7" [_thread_blocked, id=18353, stack(0x000077cbef600000,0x000077cbef700000)]
  0x000077cca4007130 JavaThread "WorkerExecutor Queue Thread 8" [_thread_blocked, id=18354, stack(0x000077cbef500000,0x000077cbef600000)]
  0x000077cca4008310 JavaThread "WorkerExecutor Queue Thread 9" [_thread_blocked, id=18355, stack(0x000077cbef100000,0x000077cbef200000)]
  0x000077cca40093d0 JavaThread "WorkerExecutor Queue Thread 10" [_thread_blocked, id=18356, stack(0x000077cbef000000,0x000077cbef100000)]
  0x000077cca400a440 JavaThread "WorkerExecutor Queue Thread 11" [_thread_blocked, id=18357, stack(0x000077cbeef00000,0x000077cbef000000)]
  0x000077cca400b4b0 JavaThread "WorkerExecutor Queue Thread 12" [_thread_blocked, id=18358, stack(0x000077cbeee00000,0x000077cbeef00000)]
  0x000077cca400c140 JavaThread "WorkerExecutor Queue Thread 13" [_thread_blocked, id=18359, stack(0x000077cbeed00000,0x000077cbeee00000)]
  0x000077ccd4005cb0 JavaThread "ForkJoinPool-2-worker-1" daemon [_thread_blocked, id=18360, stack(0x000077cbf6700000,0x000077cbf6800000)]
  0x000077cce985d510 JavaThread "ForkJoinPool-2-worker-2" daemon [_thread_blocked, id=18361, stack(0x000077cbf6000000,0x000077cbf6100000)]
  0x000077cce4001f20 JavaThread "ForkJoinPool-2-worker-3" daemon [_thread_blocked, id=18362, stack(0x000077cbeeb00000,0x000077cbeec00000)]
  0x000077ccf0016db0 JavaThread "ForkJoinPool-2-worker-4" daemon [_thread_blocked, id=18363, stack(0x000077cbeea00000,0x000077cbeeb00000)]
  0x000077ccec003d30 JavaThread "ForkJoinPool-2-worker-5" daemon [_thread_blocked, id=18364, stack(0x000077cbee900000,0x000077cbeea00000)]
  0x000077ccf8002dc0 JavaThread "ForkJoinPool-2-worker-6" daemon [_thread_blocked, id=18365, stack(0x000077cbee800000,0x000077cbee900000)]
  0x000077ccf4023bd0 JavaThread "ForkJoinPool-2-worker-7" daemon [_thread_blocked, id=18366, stack(0x000077cbee700000,0x000077cbee800000)]
  0x000077cd00007e40 JavaThread "ForkJoinPool-2-worker-8" daemon [_thread_blocked, id=18367, stack(0x000077cbee600000,0x000077cbee700000)]
  0x000077ccfc028950 JavaThread "ForkJoinPool-2-worker-9" daemon [_thread_blocked, id=18368, stack(0x000077cbee500000,0x000077cbee600000)]
  0x000077ccd4006a50 JavaThread "ForkJoinPool-2-worker-10" daemon [_thread_blocked, id=18369, stack(0x000077cbee400000,0x000077cbee500000)]
  0x000077ccf4028cd0 JavaThread "ForkJoinPool-2-worker-11" daemon [_thread_blocked, id=18370, stack(0x000077cbee300000,0x000077cbee400000)]
  0x000077ccf4029990 JavaThread "ForkJoinPool-2-worker-12" daemon [_thread_blocked, id=18371, stack(0x000077cbee200000,0x000077cbee300000)]

Other Threads:
  0x000077cdd8230990 VMThread "VM Thread" [stack: 0x000077cddca44000,0x000077cddcb44000] [id=17577]
  0x000077cdd801d7e0 WatcherThread [stack: 0x000077cdd7f00000,0x000077cdd8000000] [id=17588]
=>0x000077cdd8077bd0 GCTaskThread "GC Thread#0" [stack: 0x000077cdddb00000,0x000077cdddc00000] [id=17571]
  0x000077cda4006a70 GCTaskThread "GC Thread#1" [stack: 0x000077cdbc700000,0x000077cdbc800000] [id=17591]
  0x000077cda4007410 GCTaskThread "GC Thread#2" [stack: 0x000077cdbc300000,0x000077cdbc400000] [id=17592]
  0x000077cda4007e30 GCTaskThread "GC Thread#3" [stack: 0x000077cdbc1ff000,0x000077cdbc2ff000] [id=17593]
  0x000077cda4008850 GCTaskThread "GC Thread#4" [stack: 0x000077cdbc0fe000,0x000077cdbc1fe000] [id=17594]
  0x000077cda4009660 GCTaskThread "GC Thread#5" [stack: 0x000077cdadf00000,0x000077cdae000000] [id=17595]
  0x000077cda400a4a0 GCTaskThread "GC Thread#6" [stack: 0x000077cdaddff000,0x000077cdadeff000] [id=17596]
  0x000077cda400b300 GCTaskThread "GC Thread#7" [stack: 0x000077cdadcfe000,0x000077cdaddfe000] [id=17597]
  0x000077cda400c180 GCTaskThread "GC Thread#8" [stack: 0x000077cdadbfd000,0x000077cdadcfd000] [id=17598]
  0x000077cda400d000 GCTaskThread "GC Thread#9" [stack: 0x000077cdadafc000,0x000077cdadbfc000] [id=17599]
  0x000077cdd8089200 ConcurrentGCThread "G1 Main Marker" [stack: 0x000077cddd9ff000,0x000077cdddaff000] [id=17572]
  0x000077cdd808a180 ConcurrentGCThread "G1 Conc#0" [stack: 0x000077cddd8fe000,0x000077cddd9fe000] [id=17573]
  0x000077cdb0000ea0 ConcurrentGCThread "G1 Conc#1" [stack: 0x000077cdac8fb000,0x000077cdac9fb000] [id=17617]
  0x000077cdb0001900 ConcurrentGCThread "G1 Conc#2" [stack: 0x000077cdac7fa000,0x000077cdac8fa000] [id=17618]
  0x000077cdd82034c0 ConcurrentGCThread "G1 Refine#0" [stack: 0x000077cddcdf3000,0x000077cddcef3000] [id=17575]
  0x000077cda8019e30 ConcurrentGCThread "G1 Refine#1" [stack: 0x000077cbe6300000,0x000077cbe6400000] [id=17775]
  0x000077cc1403fa60 ConcurrentGCThread "G1 Refine#2" [stack: 0x000077cbe61ff000,0x000077cbe62ff000] [id=17776]
  0x000077cc20005b80 ConcurrentGCThread "G1 Refine#3" [stack: 0x000077cbe60fe000,0x000077cbe61fe000] [id=17777]
  0x000077cc1c009140 ConcurrentGCThread "G1 Refine#4" [stack: 0x000077cbe5ffd000,0x000077cbe60fd000] [id=17778]
  0x000077cc28009270 ConcurrentGCThread "G1 Refine#5" [stack: 0x000077cbe5efc000,0x000077cbe5ffc000] [id=17779]
  0x000077cc24008310 ConcurrentGCThread "G1 Refine#6" [stack: 0x000077cbe5dfb000,0x000077cbe5efb000] [id=17780]
  0x000077cc30019ae0 ConcurrentGCThread "G1 Refine#7" [stack: 0x000077cbe5cfa000,0x000077cbe5dfa000] [id=17781]
  0x000077cc2c019f20 ConcurrentGCThread "G1 Refine#8" [stack: 0x000077cbe4ff9000,0x000077cbe50f9000] [id=17794]
  0x000077cc6800e0e0 ConcurrentGCThread "G1 Refine#9" [stack: 0x000077cbe4ef8000,0x000077cbe4ff8000] [id=17795]
  0x000077cdd82043d0 ConcurrentGCThread "G1 Service" [stack: 0x000077cddccf2000,0x000077cddcdf2000] [id=17576]

Threads with active compile tasks:
C2 CompilerThread0  412055 39171       4       com.android.tools.r8.internal.QR::b (43 bytes)
C1 CompilerThread0  412055 40909       2       org.jetbrains.kotlin.types.expressions.ExpressionTypingVisitorDispatcher$ForBlock::visitSimpleNameExpression (10 bytes)
C2 CompilerThread1  412055 39131       4       com.android.tools.r8.internal.Kt::b (194 bytes)
C2 CompilerThread2  412055 39141       4       com.android.tools.r8.internal.H5::w (36 bytes)

VM state: at safepoint (normal execution)

VM Mutex/Monitor currently owned by a thread:  ([mutex/lock_event])
[0x000077cdd8017930] Threads_lock - owner thread: 0x000077cdd8230990
[0x000077cdd80180e0] Heap_lock - owner thread: 0x000077cc0417dfb0

Heap address: 0x0000000080000000, size: 2048 MB, Compressed Oops mode: 32-bit

CDS archive(s) mapped at: [0x000077cd5f000000-0x000077cd5fbca000-0x000077cd5fbca000), size 12361728, SharedBaseAddress: 0x000077cd5f000000, ArchiveRelocationMode: 1.
Compressed class space mapped at: 0x000077cd60000000-0x000077cda0000000, reserved size: 1073741824
Narrow klass base: 0x000077cd5f000000, Narrow klass shift: 0, Narrow klass range: 0x100000000

GC Precious Log:
 CPUs: 12 total, 12 available
 Memory: 32019M
 Large Page Support: Disabled
 NUMA Support: Disabled
 Compressed Oops: Enabled (32-bit)
 Heap Region Size: 1M
 Heap Min Capacity: 8M
 Heap Initial Capacity: 502M
 Heap Max Capacity: 2G
 Pre-touch: Disabled
 Parallel Workers: 10
 Concurrent Workers: 3
 Concurrent Refinement Workers: 10
 Periodic GC: Disabled

Heap:
 garbage-first heap   total 1451008K, used 924842K [0x0000000080000000, 0x0000000100000000)
  region size 1024K, 186 young (190464K), 21 survivors (21504K)
 Metaspace       used 209098K, committed 210432K, reserved 1245184K
  class space    used 27389K, committed 28032K, reserved 1048576K

Heap Regions: E=young(eden), S=young(survivor), O=old, HS=humongous(starts), HC=humongous(continues), CS=collection set, F=free, OA=open archive, CA=closed archive, TAMS=top-at-mark-start (previous, next)
|   0|0x0000000080000000, 0x0000000080100000, 0x0000000080100000|100%|HS|  |TAMS 0x0000000080100000, 0x0000000080000000| Complete 
|   1|0x0000000080100000, 0x0000000080200000, 0x0000000080200000|100%|HC|  |TAMS 0x0000000080200000, 0x0000000080100000| Complete 
|   2|0x0000000080200000, 0x0000000080300000, 0x0000000080300000|100%|HC|  |TAMS 0x0000000080300000, 0x0000000080200000| Complete 
|   3|0x0000000080300000, 0x0000000080400000, 0x0000000080400000|100%|HC|  |TAMS 0x0000000080400000, 0x0000000080300000| Complete 
|   4|0x0000000080400000, 0x0000000080500000, 0x0000000080500000|100%| O|  |TAMS 0x0000000080500000, 0x0000000080400000| Untracked 
|   5|0x0000000080500000, 0x0000000080600000, 0x0000000080600000|100%| O|  |TAMS 0x0000000080600000, 0x0000000080500000| Untracked 
|   6|0x0000000080600000, 0x0000000080700000, 0x0000000080700000|100%| O|  |TAMS 0x0000000080700000, 0x0000000080600000| Untracked 
|   7|0x0000000080700000, 0x0000000080800000, 0x0000000080800000|100%|HS|  |TAMS 0x0000000080800000, 0x0000000080700000| Complete 
|   8|0x0000000080800000, 0x0000000080900000, 0x0000000080900000|100%| O|  |TAMS 0x0000000080900000, 0x0000000080800000| Untracked 
|   9|0x0000000080900000, 0x0000000080a00000, 0x0000000080a00000|100%| O|  |TAMS 0x0000000080a00000, 0x0000000080900000| Untracked 
|  10|0x0000000080a00000, 0x0000000080b00000, 0x0000000080b00000|100%| O|  |TAMS 0x0000000080b00000, 0x0000000080a00000| Untracked 
|  11|0x0000000080b00000, 0x0000000080c00000, 0x0000000080c00000|100%| O|  |TAMS 0x0000000080c00000, 0x0000000080b00000| Untracked 
|  12|0x0000000080c00000, 0x0000000080d00000, 0x0000000080d00000|100%| O|  |TAMS 0x0000000080d00000, 0x0000000080c00000| Untracked 
|  13|0x0000000080d00000, 0x0000000080e00000, 0x0000000080e00000|100%| O|  |TAMS 0x0000000080e00000, 0x0000000080d00000| Untracked 
|  14|0x0000000080e00000, 0x0000000080f00000, 0x0000000080f00000|100%| O|  |TAMS 0x0000000080f00000, 0x0000000080e00000| Untracked 
|  15|0x0000000080f00000, 0x0000000081000000, 0x0000000081000000|100%| O|  |TAMS 0x0000000081000000, 0x0000000080f00000| Untracked 
|  16|0x0000000081000000, 0x0000000081100000, 0x0000000081100000|100%| O|  |TAMS 0x0000000081100000, 0x0000000081000000| Untracked 
|  17|0x0000000081100000, 0x0000000081200000, 0x0000000081200000|100%| O|  |TAMS 0x0000000081200000, 0x0000000081100000| Untracked 
|  18|0x0000000081200000, 0x0000000081300000, 0x0000000081300000|100%| O|  |TAMS 0x0000000081300000, 0x0000000081200000| Untracked 
|  19|0x0000000081300000, 0x0000000081400000, 0x0000000081400000|100%| O|  |TAMS 0x0000000081400000, 0x0000000081300000| Untracked 
|  20|0x0000000081400000, 0x0000000081500000, 0x0000000081500000|100%| O|  |TAMS 0x0000000081500000, 0x0000000081400000| Untracked 
|  21|0x0000000081500000, 0x00000000815bd800, 0x0000000081600000| 74%| O|  |TAMS 0x00000000815bd800, 0x0000000081500000| Untracked 
|  22|0x0000000081600000, 0x0000000081700000, 0x0000000081700000|100%| O|  |TAMS 0x0000000081700000, 0x0000000081600000| Untracked 
|  23|0x0000000081700000, 0x0000000081800000, 0x0000000081800000|100%| O|  |TAMS 0x0000000081800000, 0x0000000081700000| Untracked 
|  24|0x0000000081800000, 0x0000000081900000, 0x0000000081900000|100%| O|  |TAMS 0x0000000081900000, 0x0000000081800000| Untracked 
|  25|0x0000000081900000, 0x0000000081a00000, 0x0000000081a00000|100%| O|  |TAMS 0x0000000081a00000, 0x0000000081900000| Untracked 
|  26|0x0000000081a00000, 0x0000000081b00000, 0x0000000081b00000|100%| O|  |TAMS 0x0000000081b00000, 0x0000000081a00000| Untracked 
|  27|0x0000000081b00000, 0x0000000081c00000, 0x0000000081c00000|100%|HS|  |TAMS 0x0000000081c00000, 0x0000000081b00000| Complete 
|  28|0x0000000081c00000, 0x0000000081d00000, 0x0000000081d00000|100%|HS|  |TAMS 0x0000000081d00000, 0x0000000081c00000| Complete 
|  29|0x0000000081d00000, 0x0000000081e00000, 0x0000000081e00000|100%| O|  |TAMS 0x0000000081e00000, 0x0000000081d00000| Untracked 
|  30|0x0000000081e00000, 0x0000000081f00000, 0x0000000081f00000|100%| O|  |TAMS 0x0000000081f00000, 0x0000000081e00000| Untracked 
|  31|0x0000000081f00000, 0x0000000082000000, 0x0000000082000000|100%| O|  |TAMS 0x0000000082000000, 0x0000000081f00000| Untracked 
|  32|0x0000000082000000, 0x0000000082100000, 0x0000000082100000|100%|HS|  |TAMS 0x0000000082100000, 0x0000000082000000| Complete 
|  33|0x0000000082100000, 0x0000000082200000, 0x0000000082200000|100%|HC|  |TAMS 0x0000000082200000, 0x0000000082100000| Complete 
|  34|0x0000000082200000, 0x0000000082300000, 0x0000000082300000|100%|HS|  |TAMS 0x0000000082300000, 0x0000000082200000| Complete 
|  35|0x0000000082300000, 0x0000000082400000, 0x0000000082400000|100%|HC|  |TAMS 0x0000000082400000, 0x0000000082300000| Complete 
|  36|0x0000000082400000, 0x0000000082500000, 0x0000000082500000|100%|HS|  |TAMS 0x0000000082500000, 0x0000000082400000| Complete 
|  37|0x0000000082500000, 0x0000000082600000, 0x0000000082600000|100%|HS|  |TAMS 0x0000000082600000, 0x0000000082500000| Complete 
|  38|0x0000000082600000, 0x0000000082700000, 0x0000000082700000|100%|HC|  |TAMS 0x0000000082700000, 0x0000000082600000| Complete 
|  39|0x0000000082700000, 0x0000000082800000, 0x0000000082800000|100%|HC|  |TAMS 0x0000000082800000, 0x0000000082700000| Complete 
|  40|0x0000000082800000, 0x0000000082900000, 0x0000000082900000|100%|HS|  |TAMS 0x0000000082900000, 0x0000000082800000| Complete 
|  41|0x0000000082900000, 0x0000000082a00000, 0x0000000082a00000|100%|HS|  |TAMS 0x0000000082a00000, 0x0000000082900000| Complete 
|  42|0x0000000082a00000, 0x0000000082b00000, 0x0000000082b00000|100%|HS|  |TAMS 0x0000000082b00000, 0x0000000082a00000| Complete 
|  43|0x0000000082b00000, 0x0000000082c00000, 0x0000000082c00000|100%|HS|  |TAMS 0x0000000082c00000, 0x0000000082b00000| Complete 
|  44|0x0000000082c00000, 0x0000000082d00000, 0x0000000082d00000|100%|HC|  |TAMS 0x0000000082d00000, 0x0000000082c00000| Complete 
|  45|0x0000000082d00000, 0x0000000082e00000, 0x0000000082e00000|100%|HC|  |TAMS 0x0000000082e00000, 0x0000000082d00000| Complete 
|  46|0x0000000082e00000, 0x0000000082f00000, 0x0000000082f00000|100%| O|  |TAMS 0x0000000082f00000, 0x0000000082e00000| Untracked 
|  47|0x0000000082f00000, 0x0000000083000000, 0x0000000083000000|100%|HS|  |TAMS 0x0000000083000000, 0x0000000082f00000| Complete 
|  48|0x0000000083000000, 0x0000000083100000, 0x0000000083100000|100%| O|  |TAMS 0x0000000083100000, 0x0000000083000000| Untracked 
|  49|0x0000000083100000, 0x0000000083200000, 0x0000000083200000|100%| O|  |TAMS 0x0000000083200000, 0x0000000083100000| Untracked 
|  50|0x0000000083200000, 0x0000000083300000, 0x0000000083300000|100%| O|  |TAMS 0x0000000083300000, 0x0000000083200000| Untracked 
|  51|0x0000000083300000, 0x0000000083400000, 0x0000000083400000|100%| O|  |TAMS 0x0000000083400000, 0x0000000083300000| Untracked 
|  52|0x0000000083400000, 0x0000000083500000, 0x0000000083500000|100%| O|  |TAMS 0x0000000083500000, 0x0000000083400000| Untracked 
|  53|0x0000000083500000, 0x0000000083600000, 0x0000000083600000|100%| O|  |TAMS 0x0000000083600000, 0x0000000083500000| Untracked 
|  54|0x0000000083600000, 0x0000000083700000, 0x0000000083700000|100%| O|  |TAMS 0x0000000083700000, 0x0000000083600000| Untracked 
|  55|0x0000000083700000, 0x0000000083800000, 0x0000000083800000|100%| O|  |TAMS 0x0000000083800000, 0x0000000083700000| Untracked 
|  56|0x0000000083800000, 0x0000000083900000, 0x0000000083900000|100%| O|  |TAMS 0x0000000083900000, 0x0000000083800000| Untracked 
|  57|0x0000000083900000, 0x0000000083a00000, 0x0000000083a00000|100%| O|  |TAMS 0x0000000083a00000, 0x0000000083900000| Untracked 
|  58|0x0000000083a00000, 0x0000000083b00000, 0x0000000083b00000|100%| O|  |TAMS 0x0000000083b00000, 0x0000000083a00000| Untracked 
|  59|0x0000000083b00000, 0x0000000083c00000, 0x0000000083c00000|100%| O|  |TAMS 0x0000000083c00000, 0x0000000083b00000| Untracked 
|  60|0x0000000083c00000, 0x0000000083d00000, 0x0000000083d00000|100%| O|  |TAMS 0x0000000083d00000, 0x0000000083c00000| Untracked 
|  61|0x0000000083d00000, 0x0000000083e00000, 0x0000000083e00000|100%| O|  |TAMS 0x0000000083e00000, 0x0000000083d00000| Untracked 
|  62|0x0000000083e00000, 0x0000000083f00000, 0x0000000083f00000|100%| O|  |TAMS 0x0000000083f00000, 0x0000000083e00000| Untracked 
|  63|0x0000000083f00000, 0x0000000084000000, 0x0000000084000000|100%| O|  |TAMS 0x0000000084000000, 0x0000000083f00000| Untracked 
|  64|0x0000000084000000, 0x0000000084100000, 0x0000000084100000|100%| O|  |TAMS 0x0000000084100000, 0x0000000084000000| Untracked 
|  65|0x0000000084100000, 0x0000000084200000, 0x0000000084200000|100%|HS|  |TAMS 0x0000000084100000, 0x0000000084100000| Complete 
|  66|0x0000000084200000, 0x0000000084300000, 0x0000000084300000|100%| O|  |TAMS 0x0000000084300000, 0x0000000084200000| Untracked 
|  67|0x0000000084300000, 0x0000000084400000, 0x0000000084400000|100%| O|  |TAMS 0x0000000084400000, 0x0000000084300000| Untracked 
|  68|0x0000000084400000, 0x0000000084500000, 0x0000000084500000|100%| O|  |TAMS 0x0000000084500000, 0x0000000084400000| Untracked 
|  69|0x0000000084500000, 0x0000000084600000, 0x0000000084600000|100%| O|  |TAMS 0x0000000084600000, 0x0000000084500000| Untracked 
|  70|0x0000000084600000, 0x0000000084700000, 0x0000000084700000|100%| O|  |TAMS 0x0000000084700000, 0x0000000084600000| Untracked 
|  71|0x0000000084700000, 0x0000000084800000, 0x0000000084800000|100%| O|  |TAMS 0x0000000084800000, 0x0000000084700000| Untracked 
|  72|0x0000000084800000, 0x0000000084900000, 0x0000000084900000|100%| O|  |TAMS 0x0000000084900000, 0x0000000084800000| Untracked 
|  73|0x0000000084900000, 0x0000000084a00000, 0x0000000084a00000|100%| O|  |TAMS 0x0000000084a00000, 0x0000000084900000| Untracked 
|  74|0x0000000084a00000, 0x0000000084b00000, 0x0000000084b00000|100%| O|  |TAMS 0x0000000084b00000, 0x0000000084a00000| Untracked 
|  75|0x0000000084b00000, 0x0000000084c00000, 0x0000000084c00000|100%| O|  |TAMS 0x0000000084c00000, 0x0000000084b00000| Untracked 
|  76|0x0000000084c00000, 0x0000000084d00000, 0x0000000084d00000|100%| O|  |TAMS 0x0000000084d00000, 0x0000000084c00000| Untracked 
|  77|0x0000000084d00000, 0x0000000084e00000, 0x0000000084e00000|100%| O|  |TAMS 0x0000000084e00000, 0x0000000084d00000| Untracked 
|  78|0x0000000084e00000, 0x0000000084f00000, 0x0000000084f00000|100%| O|  |TAMS 0x0000000084f00000, 0x0000000084e00000| Untracked 
|  79|0x0000000084f00000, 0x0000000085000000, 0x0000000085000000|100%| O|  |TAMS 0x0000000085000000, 0x0000000084f00000| Untracked 
|  80|0x0000000085000000, 0x0000000085100000, 0x0000000085100000|100%| O|  |TAMS 0x0000000085100000, 0x0000000085000000| Untracked 
|  81|0x0000000085100000, 0x0000000085200000, 0x0000000085200000|100%| O|  |TAMS 0x0000000085200000, 0x0000000085100000| Untracked 
|  82|0x0000000085200000, 0x0000000085300000, 0x0000000085300000|100%| O|  |TAMS 0x0000000085300000, 0x0000000085200000| Untracked 
|  83|0x0000000085300000, 0x0000000085400000, 0x0000000085400000|100%| O|  |TAMS 0x0000000085400000, 0x0000000085300000| Untracked 
|  84|0x0000000085400000, 0x0000000085500000, 0x0000000085500000|100%| O|  |TAMS 0x0000000085500000, 0x0000000085400000| Untracked 
|  85|0x0000000085500000, 0x0000000085600000, 0x0000000085600000|100%| O|  |TAMS 0x0000000085600000, 0x0000000085500000| Untracked 
|  86|0x0000000085600000, 0x0000000085700000, 0x0000000085700000|100%| O|  |TAMS 0x0000000085700000, 0x0000000085600000| Untracked 
|  87|0x0000000085700000, 0x0000000085800000, 0x0000000085800000|100%| O|  |TAMS 0x0000000085800000, 0x0000000085700000| Untracked 
|  88|0x0000000085800000, 0x0000000085900000, 0x0000000085900000|100%| O|  |TAMS 0x0000000085900000, 0x0000000085800000| Untracked 
|  89|0x0000000085900000, 0x0000000085a00000, 0x0000000085a00000|100%| O|  |TAMS 0x0000000085a00000, 0x0000000085900000| Untracked 
|  90|0x0000000085a00000, 0x0000000085b00000, 0x0000000085b00000|100%| O|  |TAMS 0x0000000085b00000, 0x0000000085a00000| Untracked 
|  91|0x0000000085b00000, 0x0000000085c00000, 0x0000000085c00000|100%| O|  |TAMS 0x0000000085c00000, 0x0000000085b00000| Untracked 
|  92|0x0000000085c00000, 0x0000000085d00000, 0x0000000085d00000|100%|HS|  |TAMS 0x0000000085d00000, 0x0000000085c00000| Complete 
|  93|0x0000000085d00000, 0x0000000085e00000, 0x0000000085e00000|100%|HC|  |TAMS 0x0000000085e00000, 0x0000000085d00000| Complete 
|  94|0x0000000085e00000, 0x0000000085f00000, 0x0000000085f00000|100%|HC|  |TAMS 0x0000000085f00000, 0x0000000085e00000| Complete 
|  95|0x0000000085f00000, 0x0000000086000000, 0x0000000086000000|100%|HS|  |TAMS 0x0000000086000000, 0x0000000085f00000| Complete 
|  96|0x0000000086000000, 0x0000000086100000, 0x0000000086100000|100%|HC|  |TAMS 0x0000000086100000, 0x0000000086000000| Complete 
|  97|0x0000000086100000, 0x0000000086200000, 0x0000000086200000|100%|HC|  |TAMS 0x0000000086200000, 0x0000000086100000| Complete 
|  98|0x0000000086200000, 0x0000000086300000, 0x0000000086300000|100%|HC|  |TAMS 0x0000000086300000, 0x0000000086200000| Complete 
|  99|0x0000000086300000, 0x0000000086400000, 0x0000000086400000|100%| O|  |TAMS 0x0000000086400000, 0x0000000086300000| Untracked 
| 100|0x0000000086400000, 0x0000000086500000, 0x0000000086500000|100%| O|  |TAMS 0x0000000086500000, 0x0000000086400000| Untracked 
| 101|0x0000000086500000, 0x0000000086600000, 0x0000000086600000|100%| O|  |TAMS 0x0000000086600000, 0x0000000086500000| Untracked 
| 102|0x0000000086600000, 0x0000000086700000, 0x0000000086700000|100%| O|  |TAMS 0x0000000086700000, 0x0000000086600000| Untracked 
| 103|0x0000000086700000, 0x0000000086800000, 0x0000000086800000|100%| O|  |TAMS 0x0000000086800000, 0x0000000086700000| Untracked 
| 104|0x0000000086800000, 0x0000000086900000, 0x0000000086900000|100%| O|  |TAMS 0x0000000086900000, 0x0000000086800000| Untracked 
| 105|0x0000000086900000, 0x0000000086a00000, 0x0000000086a00000|100%| O|  |TAMS 0x0000000086a00000, 0x0000000086900000| Untracked 
| 106|0x0000000086a00000, 0x0000000086b00000, 0x0000000086b00000|100%| O|  |TAMS 0x0000000086b00000, 0x0000000086a00000| Untracked 
| 107|0x0000000086b00000, 0x0000000086c00000, 0x0000000086c00000|100%| O|  |TAMS 0x0000000086c00000, 0x0000000086b00000| Untracked 
| 108|0x0000000086c00000, 0x0000000086d00000, 0x0000000086d00000|100%| O|  |TAMS 0x0000000086d00000, 0x0000000086c00000| Untracked 
| 109|0x0000000086d00000, 0x0000000086e00000, 0x0000000086e00000|100%| O|  |TAMS 0x0000000086e00000, 0x0000000086d00000| Untracked 
| 110|0x0000000086e00000, 0x0000000086f00000, 0x0000000086f00000|100%| O|  |TAMS 0x0000000086f00000, 0x0000000086e00000| Untracked 
| 111|0x0000000086f00000, 0x0000000087000000, 0x0000000087000000|100%| O|  |TAMS 0x0000000087000000, 0x0000000086f00000| Untracked 
| 112|0x0000000087000000, 0x0000000087100000, 0x0000000087100000|100%| O|  |TAMS 0x0000000087100000, 0x0000000087000000| Untracked 
| 113|0x0000000087100000, 0x0000000087200000, 0x0000000087200000|100%| O|  |TAMS 0x0000000087200000, 0x0000000087100000| Untracked 
| 114|0x0000000087200000, 0x0000000087300000, 0x0000000087300000|100%| O|  |TAMS 0x0000000087300000, 0x0000000087200000| Untracked 
| 115|0x0000000087300000, 0x0000000087400000, 0x0000000087400000|100%| O|  |TAMS 0x0000000087400000, 0x0000000087300000| Complete 
| 116|0x0000000087400000, 0x0000000087500000, 0x0000000087500000|100%| O|  |TAMS 0x0000000087500000, 0x0000000087400000| Untracked 
| 117|0x0000000087500000, 0x0000000087600000, 0x0000000087600000|100%| O|  |TAMS 0x0000000087600000, 0x0000000087500000| Untracked 
| 118|0x0000000087600000, 0x0000000087700000, 0x0000000087700000|100%| O|  |TAMS 0x0000000087700000, 0x0000000087600000| Untracked 
| 119|0x0000000087700000, 0x0000000087800000, 0x0000000087800000|100%| O|  |TAMS 0x0000000087800000, 0x0000000087700000| Untracked 
| 120|0x0000000087800000, 0x0000000087900000, 0x0000000087900000|100%| O|  |TAMS 0x0000000087900000, 0x0000000087800000| Untracked 
| 121|0x0000000087900000, 0x0000000087a00000, 0x0000000087a00000|100%| O|  |TAMS 0x0000000087a00000, 0x0000000087900000| Untracked 
| 122|0x0000000087a00000, 0x0000000087b00000, 0x0000000087b00000|100%| O|  |TAMS 0x0000000087b00000, 0x0000000087a00000| Untracked 
| 123|0x0000000087b00000, 0x0000000087c00000, 0x0000000087c00000|100%| O|  |TAMS 0x0000000087c00000, 0x0000000087b00000| Complete 
| 124|0x0000000087c00000, 0x0000000087d00000, 0x0000000087d00000|100%| O|  |TAMS 0x0000000087d00000, 0x0000000087c00000| Untracked 
| 125|0x0000000087d00000, 0x0000000087e00000, 0x0000000087e00000|100%| O|  |TAMS 0x0000000087e00000, 0x0000000087d00000| Untracked 
| 126|0x0000000087e00000, 0x0000000087f00000, 0x0000000087f00000|100%| O|  |TAMS 0x0000000087f00000, 0x0000000087e00000| Untracked 
| 127|0x0000000087f00000, 0x0000000088000000, 0x0000000088000000|100%|HS|  |TAMS 0x0000000087f00000, 0x0000000087f00000| Complete 
| 128|0x0000000088000000, 0x0000000088100000, 0x0000000088100000|100%|HS|  |TAMS 0x0000000088100000, 0x0000000088000000| Complete 
| 129|0x0000000088100000, 0x0000000088200000, 0x0000000088200000|100%| O|  |TAMS 0x0000000088200000, 0x0000000088100000| Complete 
| 130|0x0000000088200000, 0x0000000088300000, 0x0000000088300000|100%| O|  |TAMS 0x0000000088300000, 0x0000000088200000| Complete 
| 131|0x0000000088300000, 0x0000000088400000, 0x0000000088400000|100%| O|  |TAMS 0x0000000088400000, 0x0000000088300000| Complete 
| 132|0x0000000088400000, 0x0000000088500000, 0x0000000088500000|100%| O|  |TAMS 0x0000000088500000, 0x0000000088400000| Untracked 
| 133|0x0000000088500000, 0x0000000088600000, 0x0000000088600000|100%| O|  |TAMS 0x0000000088600000, 0x0000000088500000| Untracked 
| 134|0x0000000088600000, 0x0000000088700000, 0x0000000088700000|100%| O|  |TAMS 0x0000000088700000, 0x0000000088600000| Complete 
| 135|0x0000000088700000, 0x0000000088800000, 0x0000000088800000|100%|HS|  |TAMS 0x0000000088700000, 0x0000000088700000| Complete 
| 136|0x0000000088800000, 0x0000000088900000, 0x0000000088900000|100%| O|  |TAMS 0x0000000088900000, 0x0000000088800000| Untracked 
| 137|0x0000000088900000, 0x0000000088a00000, 0x0000000088a00000|100%| O|  |TAMS 0x0000000088a00000, 0x0000000088900000| Untracked 
| 138|0x0000000088a00000, 0x0000000088b00000, 0x0000000088b00000|100%| O|  |TAMS 0x0000000088b00000, 0x0000000088a00000| Untracked 
| 139|0x0000000088b00000, 0x0000000088c00000, 0x0000000088c00000|100%| O|  |TAMS 0x0000000088c00000, 0x0000000088b00000| Untracked 
| 140|0x0000000088c00000, 0x0000000088d00000, 0x0000000088d00000|100%| O|  |TAMS 0x0000000088d00000, 0x0000000088c00000| Untracked 
| 141|0x0000000088d00000, 0x0000000088e00000, 0x0000000088e00000|100%| O|  |TAMS 0x0000000088e00000, 0x0000000088d00000| Untracked 
| 142|0x0000000088e00000, 0x0000000088f00000, 0x0000000088f00000|100%| O|  |TAMS 0x0000000088f00000, 0x0000000088e00000| Untracked 
| 143|0x0000000088f00000, 0x0000000089000000, 0x0000000089000000|100%| O|  |TAMS 0x0000000089000000, 0x0000000088f00000| Untracked 
| 144|0x0000000089000000, 0x0000000089100000, 0x0000000089100000|100%| O|  |TAMS 0x0000000089100000, 0x0000000089000000| Untracked 
| 145|0x0000000089100000, 0x0000000089200000, 0x0000000089200000|100%| O|  |TAMS 0x0000000089200000, 0x0000000089100000| Untracked 
| 146|0x0000000089200000, 0x0000000089300000, 0x0000000089300000|100%| O|  |TAMS 0x0000000089300000, 0x0000000089200000| Untracked 
| 147|0x0000000089300000, 0x0000000089400000, 0x0000000089400000|100%| O|  |TAMS 0x0000000089400000, 0x0000000089300000| Untracked 
| 148|0x0000000089400000, 0x0000000089500000, 0x0000000089500000|100%| O|  |TAMS 0x0000000089500000, 0x0000000089400000| Untracked 
| 149|0x0000000089500000, 0x0000000089600000, 0x0000000089600000|100%| O|  |TAMS 0x0000000089600000, 0x0000000089500000| Complete 
| 150|0x0000000089600000, 0x0000000089700000, 0x0000000089700000|100%| O|  |TAMS 0x0000000089700000, 0x0000000089600000| Complete 
| 151|0x0000000089700000, 0x0000000089800000, 0x0000000089800000|100%| O|  |TAMS 0x0000000089800000, 0x0000000089700000| Complete 
| 152|0x0000000089800000, 0x0000000089900000, 0x0000000089900000|100%| O|  |TAMS 0x0000000089900000, 0x0000000089800000| Complete 
| 153|0x0000000089900000, 0x0000000089a00000, 0x0000000089a00000|100%| O|  |TAMS 0x0000000089a00000, 0x0000000089900000| Complete 
| 154|0x0000000089a00000, 0x0000000089b00000, 0x0000000089b00000|100%| O|  |TAMS 0x0000000089b00000, 0x0000000089a00000| Complete 
| 155|0x0000000089b00000, 0x0000000089c00000, 0x0000000089c00000|100%| O|  |TAMS 0x0000000089c00000, 0x0000000089b00000| Complete 
| 156|0x0000000089c00000, 0x0000000089d00000, 0x0000000089d00000|100%| O|  |TAMS 0x0000000089d00000, 0x0000000089c00000| Complete 
| 157|0x0000000089d00000, 0x0000000089e00000, 0x0000000089e00000|100%| O|  |TAMS 0x0000000089e00000, 0x0000000089d00000| Complete 
| 158|0x0000000089e00000, 0x0000000089f00000, 0x0000000089f00000|100%| O|  |TAMS 0x0000000089f00000, 0x0000000089e00000| Complete 
| 159|0x0000000089f00000, 0x000000008a000000, 0x000000008a000000|100%| O|  |TAMS 0x000000008a000000, 0x0000000089f00000| Complete 
| 160|0x000000008a000000, 0x000000008a100000, 0x000000008a100000|100%| O|  |TAMS 0x000000008a100000, 0x000000008a000000| Complete 
| 161|0x000000008a100000, 0x000000008a200000, 0x000000008a200000|100%| O|  |TAMS 0x000000008a200000, 0x000000008a100000| Complete 
| 162|0x000000008a200000, 0x000000008a300000, 0x000000008a300000|100%| O|  |TAMS 0x000000008a300000, 0x000000008a200000| Complete 
| 163|0x000000008a300000, 0x000000008a400000, 0x000000008a400000|100%| O|  |TAMS 0x000000008a400000, 0x000000008a300000| Complete 
| 164|0x000000008a400000, 0x000000008a500000, 0x000000008a500000|100%| O|  |TAMS 0x000000008a400000, 0x000000008a400000| Untracked 
| 165|0x000000008a500000, 0x000000008a600000, 0x000000008a600000|100%| O|  |TAMS 0x000000008a600000, 0x000000008a500000| Complete 
| 166|0x000000008a600000, 0x000000008a700000, 0x000000008a700000|100%| O|  |TAMS 0x000000008a700000, 0x000000008a600000| Complete 
| 167|0x000000008a700000, 0x000000008a800000, 0x000000008a800000|100%| O|  |TAMS 0x000000008a700000, 0x000000008a700000| Untracked 
| 168|0x000000008a800000, 0x000000008a900000, 0x000000008a900000|100%| O|  |TAMS 0x000000008a900000, 0x000000008a800000| Complete 
| 169|0x000000008a900000, 0x000000008aa00000, 0x000000008aa00000|100%| O|  |TAMS 0x000000008aa00000, 0x000000008a900000| Complete 
| 170|0x000000008aa00000, 0x000000008ab00000, 0x000000008ab00000|100%| O|  |TAMS 0x000000008ab00000, 0x000000008aa00000| Complete 
| 171|0x000000008ab00000, 0x000000008ac00000, 0x000000008ac00000|100%| O|  |TAMS 0x000000008ab00000, 0x000000008ab00000| Untracked 
| 172|0x000000008ac00000, 0x000000008ad00000, 0x000000008ad00000|100%| O|  |TAMS 0x000000008ad00000, 0x000000008ac00000| Complete 
| 173|0x000000008ad00000, 0x000000008ae00000, 0x000000008ae00000|100%| O|  |TAMS 0x000000008ad00000, 0x000000008ad00000| Untracked 
| 174|0x000000008ae00000, 0x000000008af00000, 0x000000008af00000|100%| O|  |TAMS 0x000000008ae00000, 0x000000008ae00000| Untracked 
| 175|0x000000008af00000, 0x000000008b000000, 0x000000008b000000|100%| O|  |TAMS 0x000000008b000000, 0x000000008af00000| Complete 
| 176|0x000000008b000000, 0x000000008b100000, 0x000000008b100000|100%| O|  |TAMS 0x000000008b100000, 0x000000008b000000| Complete 
| 177|0x000000008b100000, 0x000000008b200000, 0x000000008b200000|100%| O|  |TAMS 0x000000008b200000, 0x000000008b100000| Complete 
| 178|0x000000008b200000, 0x000000008b300000, 0x000000008b300000|100%| O|  |TAMS 0x000000008b300000, 0x000000008b200000| Complete 
| 179|0x000000008b300000, 0x000000008b400000, 0x000000008b400000|100%| O|  |TAMS 0x000000008b300000, 0x000000008b300000| Untracked 
| 180|0x000000008b400000, 0x000000008b500000, 0x000000008b500000|100%| O|  |TAMS 0x000000008b400000, 0x000000008b400000| Untracked 
| 181|0x000000008b500000, 0x000000008b600000, 0x000000008b600000|100%| O|  |TAMS 0x000000008b600000, 0x000000008b500000| Complete 
| 182|0x000000008b600000, 0x000000008b700000, 0x000000008b700000|100%| O|  |TAMS 0x000000008b700000, 0x000000008b600000| Complete 
| 183|0x000000008b700000, 0x000000008b800000, 0x000000008b800000|100%| O|  |TAMS 0x000000008b800000, 0x000000008b700000| Complete 
| 184|0x000000008b800000, 0x000000008b900000, 0x000000008b900000|100%| O|  |TAMS 0x000000008b900000, 0x000000008b800000| Complete 
| 185|0x000000008b900000, 0x000000008ba00000, 0x000000008ba00000|100%| O|  |TAMS 0x000000008b900000, 0x000000008b900000| Untracked 
| 186|0x000000008ba00000, 0x000000008bb00000, 0x000000008bb00000|100%| O|  |TAMS 0x000000008bb00000, 0x000000008ba00000| Complete 
| 187|0x000000008bb00000, 0x000000008bc00000, 0x000000008bc00000|100%| O|  |TAMS 0x000000008bb00000, 0x000000008bb00000| Untracked 
| 188|0x000000008bc00000, 0x000000008bd00000, 0x000000008bd00000|100%| O|  |TAMS 0x000000008bc00000, 0x000000008bc00000| Untracked 
| 189|0x000000008bd00000, 0x000000008be00000, 0x000000008be00000|100%| O|  |TAMS 0x000000008bd00000, 0x000000008bd00000| Untracked 
| 190|0x000000008be00000, 0x000000008bf00000, 0x000000008bf00000|100%| O|  |TAMS 0x000000008bf00000, 0x000000008be00000| Untracked 
| 191|0x000000008bf00000, 0x000000008c000000, 0x000000008c000000|100%| O|  |TAMS 0x000000008c000000, 0x000000008bf00000| Untracked 
| 192|0x000000008c000000, 0x000000008c100000, 0x000000008c100000|100%| O|  |TAMS 0x000000008c100000, 0x000000008c000000| Untracked 
| 193|0x000000008c100000, 0x000000008c200000, 0x000000008c200000|100%| O|  |TAMS 0x000000008c200000, 0x000000008c100000| Untracked 
| 194|0x000000008c200000, 0x000000008c300000, 0x000000008c300000|100%| O|  |TAMS 0x000000008c300000, 0x000000008c200000| Untracked 
| 195|0x000000008c300000, 0x000000008c400000, 0x000000008c400000|100%| O|  |TAMS 0x000000008c400000, 0x000000008c300000| Complete 
| 196|0x000000008c400000, 0x000000008c500000, 0x000000008c500000|100%| O|  |TAMS 0x000000008c500000, 0x000000008c400000| Complete 
| 197|0x000000008c500000, 0x000000008c600000, 0x000000008c600000|100%| O|  |TAMS 0x000000008c600000, 0x000000008c500000| Untracked 
| 198|0x000000008c600000, 0x000000008c700000, 0x000000008c700000|100%| O|  |TAMS 0x000000008c700000, 0x000000008c600000| Complete 
| 199|0x000000008c700000, 0x000000008c800000, 0x000000008c800000|100%| O|  |TAMS 0x000000008c800000, 0x000000008c700000| Complete 
| 200|0x000000008c800000, 0x000000008c900000, 0x000000008c900000|100%| O|  |TAMS 0x000000008c900000, 0x000000008c800000| Complete 
| 201|0x000000008c900000, 0x000000008ca00000, 0x000000008ca00000|100%| O|  |TAMS 0x000000008ca00000, 0x000000008c900000| Complete 
| 202|0x000000008ca00000, 0x000000008cb00000, 0x000000008cb00000|100%| O|  |TAMS 0x000000008cb00000, 0x000000008ca00000| Untracked 
| 203|0x000000008cb00000, 0x000000008cc00000, 0x000000008cc00000|100%| O|  |TAMS 0x000000008cc00000, 0x000000008cb00000| Complete 
| 204|0x000000008cc00000, 0x000000008cd00000, 0x000000008cd00000|100%| O|  |TAMS 0x000000008cd00000, 0x000000008cc00000| Complete 
| 205|0x000000008cd00000, 0x000000008ce00000, 0x000000008ce00000|100%| O|  |TAMS 0x000000008ce00000, 0x000000008cd00000| Complete 
| 206|0x000000008ce00000, 0x000000008cf00000, 0x000000008cf00000|100%| O|  |TAMS 0x000000008cf00000, 0x000000008ce00000| Complete 
| 207|0x000000008cf00000, 0x000000008d000000, 0x000000008d000000|100%| O|  |TAMS 0x000000008d000000, 0x000000008cf00000| Complete 
| 208|0x000000008d000000, 0x000000008d100000, 0x000000008d100000|100%| O|  |TAMS 0x000000008d000000, 0x000000008d000000| Untracked 
| 209|0x000000008d100000, 0x000000008d200000, 0x000000008d200000|100%| O|  |TAMS 0x000000008d200000, 0x000000008d100000| Complete 
| 210|0x000000008d200000, 0x000000008d300000, 0x000000008d300000|100%| O|  |TAMS 0x000000008d300000, 0x000000008d200000| Complete 
| 211|0x000000008d300000, 0x000000008d400000, 0x000000008d400000|100%| O|  |TAMS 0x000000008d400000, 0x000000008d300000| Complete 
| 212|0x000000008d400000, 0x000000008d500000, 0x000000008d500000|100%| O|  |TAMS 0x000000008d500000, 0x000000008d400000| Complete 
| 213|0x000000008d500000, 0x000000008d600000, 0x000000008d600000|100%| O|  |TAMS 0x000000008d500000, 0x000000008d500000| Untracked 
| 214|0x000000008d600000, 0x000000008d700000, 0x000000008d700000|100%| O|  |TAMS 0x000000008d600000, 0x000000008d600000| Untracked 
| 215|0x000000008d700000, 0x000000008d800000, 0x000000008d800000|100%| O|  |TAMS 0x000000008d700000, 0x000000008d700000| Untracked 
| 216|0x000000008d800000, 0x000000008d900000, 0x000000008d900000|100%| O|  |TAMS 0x000000008d900000, 0x000000008d800000| Complete 
| 217|0x000000008d900000, 0x000000008da00000, 0x000000008da00000|100%| O|  |TAMS 0x000000008da00000, 0x000000008d900000| Complete 
| 218|0x000000008da00000, 0x000000008db00000, 0x000000008db00000|100%| O|  |TAMS 0x000000008db00000, 0x000000008da00000| Untracked 
| 219|0x000000008db00000, 0x000000008dc00000, 0x000000008dc00000|100%| O|  |TAMS 0x000000008db00000, 0x000000008db00000| Untracked 
| 220|0x000000008dc00000, 0x000000008dd00000, 0x000000008dd00000|100%| O|  |TAMS 0x000000008dd00000, 0x000000008dc00000| Untracked 
| 221|0x000000008dd00000, 0x000000008de00000, 0x000000008de00000|100%| O|  |TAMS 0x000000008de00000, 0x000000008dd00000| Untracked 
| 222|0x000000008de00000, 0x000000008df00000, 0x000000008df00000|100%| O|  |TAMS 0x000000008df00000, 0x000000008de00000| Untracked 
| 223|0x000000008df00000, 0x000000008e000000, 0x000000008e000000|100%| O|  |TAMS 0x000000008df00000, 0x000000008df00000| Untracked 
| 224|0x000000008e000000, 0x000000008e100000, 0x000000008e100000|100%| O|  |TAMS 0x000000008e000000, 0x000000008e000000| Untracked 
| 225|0x000000008e100000, 0x000000008e200000, 0x000000008e200000|100%|HS|  |TAMS 0x000000008e200000, 0x000000008e100000| Complete 
| 226|0x000000008e200000, 0x000000008e300000, 0x000000008e300000|100%|HC|  |TAMS 0x000000008e300000, 0x000000008e200000| Complete 
| 227|0x000000008e300000, 0x000000008e400000, 0x000000008e400000|100%|HC|  |TAMS 0x000000008e400000, 0x000000008e300000| Complete 
| 228|0x000000008e400000, 0x000000008e500000, 0x000000008e500000|100%|HC|  |TAMS 0x000000008e500000, 0x000000008e400000| Complete 
| 229|0x000000008e500000, 0x000000008e600000, 0x000000008e600000|100%|HC|  |TAMS 0x000000008e600000, 0x000000008e500000| Complete 
| 230|0x000000008e600000, 0x000000008e700000, 0x000000008e700000|100%|HC|  |TAMS 0x000000008e700000, 0x000000008e600000| Complete 
| 231|0x000000008e700000, 0x000000008e800000, 0x000000008e800000|100%|HC|  |TAMS 0x000000008e800000, 0x000000008e700000| Complete 
| 232|0x000000008e800000, 0x000000008e900000, 0x000000008e900000|100%|HC|  |TAMS 0x000000008e900000, 0x000000008e800000| Complete 
| 233|0x000000008e900000, 0x000000008ea00000, 0x000000008ea00000|100%|HC|  |TAMS 0x000000008ea00000, 0x000000008e900000| Complete 
| 234|0x000000008ea00000, 0x000000008eb00000, 0x000000008eb00000|100%|HC|  |TAMS 0x000000008eb00000, 0x000000008ea00000| Complete 
| 235|0x000000008eb00000, 0x000000008ec00000, 0x000000008ec00000|100%|HS|  |TAMS 0x000000008ec00000, 0x000000008eb00000| Complete 
| 236|0x000000008ec00000, 0x000000008ed00000, 0x000000008ed00000|100%|HC|  |TAMS 0x000000008ed00000, 0x000000008ec00000| Complete 
| 237|0x000000008ed00000, 0x000000008ee00000, 0x000000008ee00000|100%|HS|  |TAMS 0x000000008ee00000, 0x000000008ed00000| Complete 
| 238|0x000000008ee00000, 0x000000008ef00000, 0x000000008ef00000|100%|HC|  |TAMS 0x000000008ef00000, 0x000000008ee00000| Complete 
| 239|0x000000008ef00000, 0x000000008f000000, 0x000000008f000000|100%| O|  |TAMS 0x000000008ef00000, 0x000000008ef00000| Untracked 
| 240|0x000000008f000000, 0x000000008f100000, 0x000000008f100000|100%| O|  |TAMS 0x000000008f000000, 0x000000008f000000| Untracked 
| 241|0x000000008f100000, 0x000000008f200000, 0x000000008f200000|100%|HS|  |TAMS 0x000000008f200000, 0x000000008f100000| Complete 
| 242|0x000000008f200000, 0x000000008f300000, 0x000000008f300000|100%|HC|  |TAMS 0x000000008f300000, 0x000000008f200000| Complete 
| 243|0x000000008f300000, 0x000000008f400000, 0x000000008f400000|100%| O|  |TAMS 0x000000008f300000, 0x000000008f300000| Untracked 
| 244|0x000000008f400000, 0x000000008f500000, 0x000000008f500000|100%|HS|  |TAMS 0x000000008f400000, 0x000000008f400000| Complete 
| 245|0x000000008f500000, 0x000000008f600000, 0x000000008f600000|100%| O|  |TAMS 0x000000008f500000, 0x000000008f500000| Untracked 
| 246|0x000000008f600000, 0x000000008f700000, 0x000000008f700000|100%| O|  |TAMS 0x000000008f700000, 0x000000008f600000| Complete 
| 247|0x000000008f700000, 0x000000008f800000, 0x000000008f800000|100%|HS|  |TAMS 0x000000008f800000, 0x000000008f700000| Complete 
| 248|0x000000008f800000, 0x000000008f900000, 0x000000008f900000|100%| O|  |TAMS 0x000000008f800000, 0x000000008f800000| Untracked 
| 249|0x000000008f900000, 0x000000008fa00000, 0x000000008fa00000|100%| O|  |TAMS 0x000000008f900000, 0x000000008f900000| Untracked 
| 250|0x000000008fa00000, 0x000000008fb00000, 0x000000008fb00000|100%| O|  |TAMS 0x000000008fa00000, 0x000000008fa00000| Untracked 
| 251|0x000000008fb00000, 0x000000008fc00000, 0x000000008fc00000|100%| O|  |TAMS 0x000000008fb00000, 0x000000008fb00000| Untracked 
| 252|0x000000008fc00000, 0x000000008fd00000, 0x000000008fd00000|100%| O|  |TAMS 0x000000008fc00000, 0x000000008fc00000| Untracked 
| 253|0x000000008fd00000, 0x000000008fe00000, 0x000000008fe00000|100%| O|  |TAMS 0x000000008fd00000, 0x000000008fd00000| Untracked 
| 254|0x000000008fe00000, 0x000000008ff00000, 0x000000008ff00000|100%| O|  |TAMS 0x000000008fe00000, 0x000000008fe00000| Untracked 
| 255|0x000000008ff00000, 0x0000000090000000, 0x0000000090000000|100%| O|  |TAMS 0x000000008ff00000, 0x000000008ff00000| Untracked 
| 256|0x0000000090000000, 0x0000000090100000, 0x0000000090100000|100%| O|  |TAMS 0x0000000090100000, 0x0000000090000000| Untracked 
| 257|0x0000000090100000, 0x0000000090200000, 0x0000000090200000|100%| O|  |TAMS 0x0000000090100000, 0x0000000090100000| Untracked 
| 258|0x0000000090200000, 0x0000000090300000, 0x0000000090300000|100%| O|  |TAMS 0x0000000090300000, 0x0000000090200000| Untracked 
| 259|0x0000000090300000, 0x0000000090400000, 0x0000000090400000|100%| O|  |TAMS 0x0000000090400000, 0x0000000090300000| Untracked 
| 260|0x0000000090400000, 0x0000000090500000, 0x0000000090500000|100%| O|  |TAMS 0x0000000090500000, 0x0000000090400000| Untracked 
| 261|0x0000000090500000, 0x0000000090600000, 0x0000000090600000|100%| O|  |TAMS 0x0000000090600000, 0x0000000090500000| Untracked 
| 262|0x0000000090600000, 0x0000000090700000, 0x0000000090700000|100%| O|  |TAMS 0x0000000090600000, 0x0000000090600000| Untracked 
| 263|0x0000000090700000, 0x0000000090800000, 0x0000000090800000|100%| O|  |TAMS 0x0000000090800000, 0x0000000090700000| Untracked 
| 264|0x0000000090800000, 0x0000000090900000, 0x0000000090900000|100%| O|  |TAMS 0x0000000090800000, 0x0000000090800000| Untracked 
| 265|0x0000000090900000, 0x0000000090a00000, 0x0000000090a00000|100%| O|  |TAMS 0x0000000090a00000, 0x0000000090900000| Untracked 
| 266|0x0000000090a00000, 0x0000000090b00000, 0x0000000090b00000|100%| O|  |TAMS 0x0000000090b00000, 0x0000000090a00000| Complete 
| 267|0x0000000090b00000, 0x0000000090c00000, 0x0000000090c00000|100%| O|  |TAMS 0x0000000090c00000, 0x0000000090b00000| Untracked 
| 268|0x0000000090c00000, 0x0000000090d00000, 0x0000000090d00000|100%| O|  |TAMS 0x0000000090d00000, 0x0000000090c00000| Untracked 
| 269|0x0000000090d00000, 0x0000000090e00000, 0x0000000090e00000|100%| O|  |TAMS 0x0000000090e00000, 0x0000000090d00000| Complete 
| 270|0x0000000090e00000, 0x0000000090f00000, 0x0000000090f00000|100%| O|  |TAMS 0x0000000090f00000, 0x0000000090e00000| Untracked 
| 271|0x0000000090f00000, 0x0000000091000000, 0x0000000091000000|100%| O|  |TAMS 0x0000000091000000, 0x0000000090f00000| Untracked 
| 272|0x0000000091000000, 0x0000000091100000, 0x0000000091100000|100%| O|  |TAMS 0x0000000091000000, 0x0000000091000000| Untracked 
| 273|0x0000000091100000, 0x0000000091200000, 0x0000000091200000|100%| O|  |TAMS 0x0000000091200000, 0x0000000091100000| Complete 
| 274|0x0000000091200000, 0x0000000091300000, 0x0000000091300000|100%| O|  |TAMS 0x0000000091300000, 0x0000000091200000| Untracked 
| 275|0x0000000091300000, 0x0000000091400000, 0x0000000091400000|100%| O|  |TAMS 0x0000000091400000, 0x0000000091300000| Untracked 
| 276|0x0000000091400000, 0x0000000091500000, 0x0000000091500000|100%| O|  |TAMS 0x0000000091400000, 0x0000000091400000| Untracked 
| 277|0x0000000091500000, 0x0000000091600000, 0x0000000091600000|100%| O|  |TAMS 0x0000000091600000, 0x0000000091500000| Untracked 
| 278|0x0000000091600000, 0x0000000091700000, 0x0000000091700000|100%| O|  |TAMS 0x0000000091700000, 0x0000000091600000| Untracked 
| 279|0x0000000091700000, 0x0000000091800000, 0x0000000091800000|100%| O|  |TAMS 0x0000000091800000, 0x0000000091700000| Untracked 
| 280|0x0000000091800000, 0x0000000091900000, 0x0000000091900000|100%| O|  |TAMS 0x0000000091900000, 0x0000000091800000| Untracked 
| 281|0x0000000091900000, 0x0000000091a00000, 0x0000000091a00000|100%| O|  |TAMS 0x0000000091a00000, 0x0000000091900000| Untracked 
| 282|0x0000000091a00000, 0x0000000091b00000, 0x0000000091b00000|100%| O|  |TAMS 0x0000000091b00000, 0x0000000091a00000| Untracked 
| 283|0x0000000091b00000, 0x0000000091c00000, 0x0000000091c00000|100%| O|  |TAMS 0x0000000091c00000, 0x0000000091b00000| Untracked 
| 284|0x0000000091c00000, 0x0000000091d00000, 0x0000000091d00000|100%| O|  |TAMS 0x0000000091d00000, 0x0000000091c00000| Untracked 
| 285|0x0000000091d00000, 0x0000000091e00000, 0x0000000091e00000|100%| O|  |TAMS 0x0000000091e00000, 0x0000000091d00000| Untracked 
| 286|0x0000000091e00000, 0x0000000091f00000, 0x0000000091f00000|100%| O|  |TAMS 0x0000000091e00000, 0x0000000091e00000| Untracked 
| 287|0x0000000091f00000, 0x0000000092000000, 0x0000000092000000|100%| O|  |TAMS 0x0000000092000000, 0x0000000091f00000| Complete 
| 288|0x0000000092000000, 0x0000000092100000, 0x0000000092100000|100%| O|  |TAMS 0x0000000092100000, 0x0000000092000000| Untracked 
| 289|0x0000000092100000, 0x0000000092200000, 0x0000000092200000|100%| O|  |TAMS 0x0000000092100000, 0x0000000092100000| Untracked 
| 290|0x0000000092200000, 0x0000000092300000, 0x0000000092300000|100%| O|  |TAMS 0x0000000092200000, 0x0000000092200000| Untracked 
| 291|0x0000000092300000, 0x0000000092400000, 0x0000000092400000|100%| O|  |TAMS 0x0000000092400000, 0x0000000092300000| Complete 
| 292|0x0000000092400000, 0x0000000092500000, 0x0000000092500000|100%| O|  |TAMS 0x0000000092500000, 0x0000000092400000| Untracked 
| 293|0x0000000092500000, 0x0000000092600000, 0x0000000092600000|100%| O|  |TAMS 0x0000000092600000, 0x0000000092500000| Complete 
| 294|0x0000000092600000, 0x0000000092700000, 0x0000000092700000|100%| O|  |TAMS 0x0000000092700000, 0x0000000092600000| Untracked 
| 295|0x0000000092700000, 0x0000000092800000, 0x0000000092800000|100%| O|  |TAMS 0x0000000092800000, 0x0000000092700000| Untracked 
| 296|0x0000000092800000, 0x0000000092900000, 0x0000000092900000|100%| O|  |TAMS 0x0000000092900000, 0x0000000092800000| Untracked 
| 297|0x0000000092900000, 0x0000000092a00000, 0x0000000092a00000|100%| O|  |TAMS 0x0000000092a00000, 0x0000000092900000| Untracked 
| 298|0x0000000092a00000, 0x0000000092b00000, 0x0000000092b00000|100%| O|  |TAMS 0x0000000092b00000, 0x0000000092a00000| Complete 
| 299|0x0000000092b00000, 0x0000000092c00000, 0x0000000092c00000|100%| O|  |TAMS 0x0000000092c00000, 0x0000000092b00000| Complete 
| 300|0x0000000092c00000, 0x0000000092d00000, 0x0000000092d00000|100%| O|  |TAMS 0x0000000092d00000, 0x0000000092c00000| Untracked 
| 301|0x0000000092d00000, 0x0000000092e00000, 0x0000000092e00000|100%| O|  |TAMS 0x0000000092e00000, 0x0000000092d00000| Untracked 
| 302|0x0000000092e00000, 0x0000000092f00000, 0x0000000092f00000|100%| O|  |TAMS 0x0000000092f00000, 0x0000000092e00000| Complete 
| 303|0x0000000092f00000, 0x0000000093000000, 0x0000000093000000|100%| O|  |TAMS 0x0000000093000000, 0x0000000092f00000| Complete 
| 304|0x0000000093000000, 0x0000000093100000, 0x0000000093100000|100%| O|  |TAMS 0x0000000093100000, 0x0000000093000000| Complete 
| 305|0x0000000093100000, 0x0000000093200000, 0x0000000093200000|100%| O|  |TAMS 0x0000000093200000, 0x0000000093100000| Complete 
| 306|0x0000000093200000, 0x0000000093300000, 0x0000000093300000|100%| O|  |TAMS 0x0000000093300000, 0x0000000093200000| Complete 
| 307|0x0000000093300000, 0x0000000093400000, 0x0000000093400000|100%| O|  |TAMS 0x0000000093300000, 0x0000000093300000| Untracked 
| 308|0x0000000093400000, 0x0000000093500000, 0x0000000093500000|100%| O|  |TAMS 0x0000000093500000, 0x0000000093400000| Complete 
| 309|0x0000000093500000, 0x0000000093580000, 0x0000000093600000| 50%| O|  |TAMS 0x0000000093500000, 0x0000000093500000| Untracked 
| 310|0x0000000093600000, 0x0000000093700000, 0x0000000093700000|100%| O|  |TAMS 0x0000000093700000, 0x0000000093600000| Untracked 
| 311|0x0000000093700000, 0x0000000093800000, 0x0000000093800000|100%| O|  |TAMS 0x0000000093800000, 0x0000000093700000| Untracked 
| 312|0x0000000093800000, 0x0000000093900000, 0x0000000093900000|100%| O|  |TAMS 0x0000000093900000, 0x0000000093800000| Untracked 
| 313|0x0000000093900000, 0x0000000093a00000, 0x0000000093a00000|100%| O|  |TAMS 0x0000000093a00000, 0x0000000093900000| Untracked 
| 314|0x0000000093a00000, 0x0000000093b00000, 0x0000000093b00000|100%| O|  |TAMS 0x0000000093b00000, 0x0000000093a00000| Untracked 
| 315|0x0000000093b00000, 0x0000000093c00000, 0x0000000093c00000|100%| O|  |TAMS 0x0000000093c00000, 0x0000000093b00000| Untracked 
| 316|0x0000000093c00000, 0x0000000093d00000, 0x0000000093d00000|100%| O|  |TAMS 0x0000000093d00000, 0x0000000093c00000| Untracked 
| 317|0x0000000093d00000, 0x0000000093e00000, 0x0000000093e00000|100%| O|  |TAMS 0x0000000093e00000, 0x0000000093d00000| Untracked 
| 318|0x0000000093e00000, 0x0000000093f00000, 0x0000000093f00000|100%| O|  |TAMS 0x0000000093f00000, 0x0000000093e00000| Complete 
| 319|0x0000000093f00000, 0x0000000093f00000, 0x0000000094000000|  0%| F|  |TAMS 0x0000000093f00000, 0x0000000093f00000| Untracked 
| 320|0x0000000094000000, 0x0000000094100000, 0x0000000094100000|100%| O|  |TAMS 0x0000000094100000, 0x0000000094000000| Complete 
| 321|0x0000000094100000, 0x0000000094200000, 0x0000000094200000|100%| O|  |TAMS 0x0000000094200000, 0x0000000094100000| Untracked 
| 322|0x0000000094200000, 0x0000000094300000, 0x0000000094300000|100%| O|  |TAMS 0x0000000094300000, 0x0000000094200000| Complete 
| 323|0x0000000094300000, 0x0000000094400000, 0x0000000094400000|100%| O|  |TAMS 0x0000000094400000, 0x0000000094300000| Complete 
| 324|0x0000000094400000, 0x0000000094500000, 0x0000000094500000|100%| O|  |TAMS 0x0000000094500000, 0x0000000094400000| Complete 
| 325|0x0000000094500000, 0x0000000094600000, 0x0000000094600000|100%| O|  |TAMS 0x0000000094600000, 0x0000000094500000| Untracked 
| 326|0x0000000094600000, 0x0000000094600000, 0x0000000094700000|  0%| F|  |TAMS 0x0000000094600000, 0x0000000094600000| Untracked 
| 327|0x0000000094700000, 0x0000000094800000, 0x0000000094800000|100%| O|  |TAMS 0x0000000094800000, 0x0000000094700000| Untracked 
| 328|0x0000000094800000, 0x0000000094900000, 0x0000000094900000|100%| O|  |TAMS 0x0000000094900000, 0x0000000094800000| Complete 
| 329|0x0000000094900000, 0x0000000094a00000, 0x0000000094a00000|100%| O|  |TAMS 0x0000000094a00000, 0x0000000094900000| Complete 
| 330|0x0000000094a00000, 0x0000000094b00000, 0x0000000094b00000|100%| O|  |TAMS 0x0000000094b00000, 0x0000000094a00000| Complete 
| 331|0x0000000094b00000, 0x0000000094c00000, 0x0000000094c00000|100%| O|  |TAMS 0x0000000094c00000, 0x0000000094b00000| Complete 
| 332|0x0000000094c00000, 0x0000000094c00000, 0x0000000094d00000|  0%| F|  |TAMS 0x0000000094c00000, 0x0000000094c00000| Untracked 
| 333|0x0000000094d00000, 0x0000000094e00000, 0x0000000094e00000|100%| O|  |TAMS 0x0000000094e00000, 0x0000000094d00000| Complete 
| 334|0x0000000094e00000, 0x0000000094f00000, 0x0000000094f00000|100%| O|  |TAMS 0x0000000094f00000, 0x0000000094e00000| Untracked 
| 335|0x0000000094f00000, 0x0000000095000000, 0x0000000095000000|100%| O|  |TAMS 0x0000000095000000, 0x0000000094f00000| Complete 
| 336|0x0000000095000000, 0x0000000095100000, 0x0000000095100000|100%| O|  |TAMS 0x0000000095100000, 0x0000000095000000| Complete 
| 337|0x0000000095100000, 0x0000000095200000, 0x0000000095200000|100%| O|  |TAMS 0x0000000095200000, 0x0000000095100000| Complete 
| 338|0x0000000095200000, 0x0000000095300000, 0x0000000095300000|100%| O|  |TAMS 0x0000000095300000, 0x0000000095200000| Complete 
| 339|0x0000000095300000, 0x0000000095400000, 0x0000000095400000|100%| O|  |TAMS 0x0000000095400000, 0x0000000095300000| Untracked 
| 340|0x0000000095400000, 0x0000000095500000, 0x0000000095500000|100%| O|  |TAMS 0x0000000095500000, 0x0000000095400000| Untracked 
| 341|0x0000000095500000, 0x0000000095600000, 0x0000000095600000|100%| O|  |TAMS 0x0000000095600000, 0x0000000095500000| Untracked 
| 342|0x0000000095600000, 0x0000000095700000, 0x0000000095700000|100%| O|  |TAMS 0x0000000095700000, 0x0000000095600000| Untracked 
| 343|0x0000000095700000, 0x0000000095800000, 0x0000000095800000|100%| O|  |TAMS 0x0000000095800000, 0x0000000095700000| Untracked 
| 344|0x0000000095800000, 0x0000000095900000, 0x0000000095900000|100%| O|  |TAMS 0x0000000095900000, 0x0000000095800000| Untracked 
| 345|0x0000000095900000, 0x0000000095a00000, 0x0000000095a00000|100%| O|  |TAMS 0x0000000095a00000, 0x0000000095900000| Untracked 
| 346|0x0000000095a00000, 0x0000000095b00000, 0x0000000095b00000|100%| O|  |TAMS 0x0000000095b00000, 0x0000000095a00000| Untracked 
| 347|0x0000000095b00000, 0x0000000095c00000, 0x0000000095c00000|100%| O|  |TAMS 0x0000000095c00000, 0x0000000095b00000| Untracked 
| 348|0x0000000095c00000, 0x0000000095d00000, 0x0000000095d00000|100%| O|  |TAMS 0x0000000095d00000, 0x0000000095c00000| Untracked 
| 349|0x0000000095d00000, 0x0000000095e00000, 0x0000000095e00000|100%| O|  |TAMS 0x0000000095e00000, 0x0000000095d00000| Untracked 
| 350|0x0000000095e00000, 0x0000000095f00000, 0x0000000095f00000|100%| O|  |TAMS 0x0000000095f00000, 0x0000000095e00000| Untracked 
| 351|0x0000000095f00000, 0x0000000096000000, 0x0000000096000000|100%| O|  |TAMS 0x0000000096000000, 0x0000000095f00000| Untracked 
| 352|0x0000000096000000, 0x0000000096100000, 0x0000000096100000|100%| O|  |TAMS 0x0000000096100000, 0x0000000096000000| Untracked 
| 353|0x0000000096100000, 0x0000000096200000, 0x0000000096200000|100%| O|  |TAMS 0x0000000096200000, 0x0000000096100000| Untracked 
| 354|0x0000000096200000, 0x0000000096300000, 0x0000000096300000|100%| O|  |TAMS 0x0000000096300000, 0x0000000096200000| Untracked 
| 355|0x0000000096300000, 0x0000000096400000, 0x0000000096400000|100%| O|  |TAMS 0x0000000096400000, 0x0000000096300000| Untracked 
| 356|0x0000000096400000, 0x0000000096500000, 0x0000000096500000|100%| O|  |TAMS 0x0000000096500000, 0x0000000096400000| Untracked 
| 357|0x0000000096500000, 0x0000000096600000, 0x0000000096600000|100%| O|  |TAMS 0x0000000096600000, 0x0000000096500000| Untracked 
| 358|0x0000000096600000, 0x0000000096700000, 0x0000000096700000|100%| O|  |TAMS 0x0000000096700000, 0x0000000096600000| Untracked 
| 359|0x0000000096700000, 0x0000000096800000, 0x0000000096800000|100%| O|  |TAMS 0x0000000096800000, 0x0000000096700000| Untracked 
| 360|0x0000000096800000, 0x0000000096900000, 0x0000000096900000|100%| O|  |TAMS 0x0000000096900000, 0x0000000096800000| Untracked 
| 361|0x0000000096900000, 0x0000000096a00000, 0x0000000096a00000|100%| O|  |TAMS 0x0000000096a00000, 0x0000000096900000| Untracked 
| 362|0x0000000096a00000, 0x0000000096b00000, 0x0000000096b00000|100%| O|  |TAMS 0x0000000096b00000, 0x0000000096a00000| Untracked 
| 363|0x0000000096b00000, 0x0000000096c00000, 0x0000000096c00000|100%| O|  |TAMS 0x0000000096c00000, 0x0000000096b00000| Untracked 
| 364|0x0000000096c00000, 0x0000000096d00000, 0x0000000096d00000|100%| O|  |TAMS 0x0000000096d00000, 0x0000000096c00000| Untracked 
| 365|0x0000000096d00000, 0x0000000096e00000, 0x0000000096e00000|100%| O|  |TAMS 0x0000000096e00000, 0x0000000096d00000| Untracked 
| 366|0x0000000096e00000, 0x0000000096f00000, 0x0000000096f00000|100%| O|  |TAMS 0x0000000096f00000, 0x0000000096e00000| Untracked 
| 367|0x0000000096f00000, 0x0000000097000000, 0x0000000097000000|100%| O|  |TAMS 0x0000000097000000, 0x0000000096f00000| Untracked 
| 368|0x0000000097000000, 0x0000000097100000, 0x0000000097100000|100%| O|  |TAMS 0x0000000097100000, 0x0000000097000000| Untracked 
| 369|0x0000000097100000, 0x0000000097200000, 0x0000000097200000|100%| O|  |TAMS 0x0000000097200000, 0x0000000097100000| Untracked 
| 370|0x0000000097200000, 0x0000000097300000, 0x0000000097300000|100%| O|  |TAMS 0x0000000097300000, 0x0000000097200000| Untracked 
| 371|0x0000000097300000, 0x0000000097400000, 0x0000000097400000|100%| O|  |TAMS 0x0000000097400000, 0x0000000097300000| Untracked 
| 372|0x0000000097400000, 0x0000000097500000, 0x0000000097500000|100%| O|  |TAMS 0x0000000097500000, 0x0000000097400000| Untracked 
| 373|0x0000000097500000, 0x0000000097600000, 0x0000000097600000|100%| O|  |TAMS 0x0000000097600000, 0x0000000097500000| Untracked 
| 374|0x0000000097600000, 0x0000000097700000, 0x0000000097700000|100%| O|  |TAMS 0x0000000097700000, 0x0000000097600000| Untracked 
| 375|0x0000000097700000, 0x0000000097800000, 0x0000000097800000|100%| O|  |TAMS 0x0000000097800000, 0x0000000097700000| Untracked 
| 376|0x0000000097800000, 0x0000000097900000, 0x0000000097900000|100%| O|  |TAMS 0x0000000097900000, 0x0000000097800000| Untracked 
| 377|0x0000000097900000, 0x0000000097a00000, 0x0000000097a00000|100%| O|  |TAMS 0x0000000097a00000, 0x0000000097900000| Untracked 
| 378|0x0000000097a00000, 0x0000000097b00000, 0x0000000097b00000|100%| O|  |TAMS 0x0000000097b00000, 0x0000000097a00000| Untracked 
| 379|0x0000000097b00000, 0x0000000097c00000, 0x0000000097c00000|100%| O|  |TAMS 0x0000000097c00000, 0x0000000097b00000| Complete 
| 380|0x0000000097c00000, 0x0000000097d00000, 0x0000000097d00000|100%| O|  |TAMS 0x0000000097d00000, 0x0000000097c00000| Untracked 
| 381|0x0000000097d00000, 0x0000000097e00000, 0x0000000097e00000|100%| O|  |TAMS 0x0000000097e00000, 0x0000000097d00000| Complete 
| 382|0x0000000097e00000, 0x0000000097f00000, 0x0000000097f00000|100%| O|  |TAMS 0x0000000097f00000, 0x0000000097e00000| Complete 
| 383|0x0000000097f00000, 0x0000000098000000, 0x0000000098000000|100%| O|  |TAMS 0x0000000098000000, 0x0000000097f00000| Complete 
| 384|0x0000000098000000, 0x0000000098100000, 0x0000000098100000|100%| O|  |TAMS 0x0000000098100000, 0x0000000098000000| Complete 
| 385|0x0000000098100000, 0x0000000098100000, 0x0000000098200000|  0%| F|  |TAMS 0x0000000098100000, 0x0000000098100000| Untracked 
| 386|0x0000000098200000, 0x0000000098300000, 0x0000000098300000|100%| O|  |TAMS 0x0000000098300000, 0x0000000098200000| Complete 
| 387|0x0000000098300000, 0x0000000098400000, 0x0000000098400000|100%| O|  |TAMS 0x0000000098400000, 0x0000000098300000| Complete 
| 388|0x0000000098400000, 0x0000000098400000, 0x0000000098500000|  0%| F|  |TAMS 0x0000000098400000, 0x0000000098400000| Untracked 
| 389|0x0000000098500000, 0x0000000098600000, 0x0000000098600000|100%| O|  |TAMS 0x0000000098600000, 0x0000000098500000| Complete 
| 390|0x0000000098600000, 0x0000000098700000, 0x0000000098700000|100%| O|  |TAMS 0x0000000098700000, 0x0000000098600000| Untracked 
| 391|0x0000000098700000, 0x0000000098800000, 0x0000000098800000|100%| O|  |TAMS 0x0000000098800000, 0x0000000098700000| Untracked 
| 392|0x0000000098800000, 0x0000000098900000, 0x0000000098900000|100%| O|  |TAMS 0x0000000098900000, 0x0000000098800000| Complete 
| 393|0x0000000098900000, 0x0000000098a00000, 0x0000000098a00000|100%| O|  |TAMS 0x0000000098a00000, 0x0000000098900000| Complete 
| 394|0x0000000098a00000, 0x0000000098a00000, 0x0000000098b00000|  0%| F|  |TAMS 0x0000000098a00000, 0x0000000098a00000| Untracked 
| 395|0x0000000098b00000, 0x0000000098b00000, 0x0000000098c00000|  0%| F|  |TAMS 0x0000000098b00000, 0x0000000098b00000| Untracked 
| 396|0x0000000098c00000, 0x0000000098c00000, 0x0000000098d00000|  0%| F|  |TAMS 0x0000000098c00000, 0x0000000098c00000| Untracked 
| 397|0x0000000098d00000, 0x0000000098d00000, 0x0000000098e00000|  0%| F|  |TAMS 0x0000000098d00000, 0x0000000098d00000| Untracked 
| 398|0x0000000098e00000, 0x0000000098e00000, 0x0000000098f00000|  0%| F|  |TAMS 0x0000000098e00000, 0x0000000098e00000| Untracked 
| 399|0x0000000098f00000, 0x0000000098f00000, 0x0000000099000000|  0%| F|  |TAMS 0x0000000098f00000, 0x0000000098f00000| Untracked 
| 400|0x0000000099000000, 0x0000000099000000, 0x0000000099100000|  0%| F|  |TAMS 0x0000000099000000, 0x0000000099000000| Untracked 
| 401|0x0000000099100000, 0x0000000099100000, 0x0000000099200000|  0%| F|  |TAMS 0x0000000099100000, 0x0000000099100000| Untracked 
| 402|0x0000000099200000, 0x0000000099200000, 0x0000000099300000|  0%| F|  |TAMS 0x0000000099200000, 0x0000000099200000| Untracked 
| 403|0x0000000099300000, 0x0000000099300000, 0x0000000099400000|  0%| F|  |TAMS 0x0000000099300000, 0x0000000099300000| Untracked 
| 404|0x0000000099400000, 0x0000000099500000, 0x0000000099500000|100%| O|  |TAMS 0x0000000099500000, 0x0000000099400000| Untracked 
| 405|0x0000000099500000, 0x0000000099600000, 0x0000000099600000|100%| O|  |TAMS 0x0000000099600000, 0x0000000099500000| Untracked 
| 406|0x0000000099600000, 0x0000000099700000, 0x0000000099700000|100%| O|  |TAMS 0x0000000099700000, 0x0000000099600000| Untracked 
| 407|0x0000000099700000, 0x0000000099800000, 0x0000000099800000|100%| O|  |TAMS 0x0000000099800000, 0x0000000099700000| Untracked 
| 408|0x0000000099800000, 0x0000000099900000, 0x0000000099900000|100%| O|  |TAMS 0x0000000099900000, 0x0000000099800000| Untracked 
| 409|0x0000000099900000, 0x0000000099a00000, 0x0000000099a00000|100%| O|  |TAMS 0x0000000099a00000, 0x0000000099900000| Untracked 
| 410|0x0000000099a00000, 0x0000000099b00000, 0x0000000099b00000|100%| O|  |TAMS 0x0000000099b00000, 0x0000000099a00000| Untracked 
| 411|0x0000000099b00000, 0x0000000099c00000, 0x0000000099c00000|100%| O|  |TAMS 0x0000000099c00000, 0x0000000099b00000| Untracked 
| 412|0x0000000099c00000, 0x0000000099d00000, 0x0000000099d00000|100%| O|  |TAMS 0x0000000099d00000, 0x0000000099c00000| Untracked 
| 413|0x0000000099d00000, 0x0000000099e00000, 0x0000000099e00000|100%| O|  |TAMS 0x0000000099e00000, 0x0000000099d00000| Untracked 
| 414|0x0000000099e00000, 0x0000000099f00000, 0x0000000099f00000|100%| O|  |TAMS 0x0000000099f00000, 0x0000000099e00000| Untracked 
| 415|0x0000000099f00000, 0x000000009a000000, 0x000000009a000000|100%| O|  |TAMS 0x000000009a000000, 0x0000000099f00000| Complete 
| 416|0x000000009a000000, 0x000000009a100000, 0x000000009a100000|100%| O|  |TAMS 0x000000009a100000, 0x000000009a000000| Complete 
| 417|0x000000009a100000, 0x000000009a200000, 0x000000009a200000|100%| O|  |TAMS 0x000000009a200000, 0x000000009a100000| Untracked 
| 418|0x000000009a200000, 0x000000009a300000, 0x000000009a300000|100%| O|  |TAMS 0x000000009a300000, 0x000000009a200000| Untracked 
| 419|0x000000009a300000, 0x000000009a400000, 0x000000009a400000|100%| O|  |TAMS 0x000000009a400000, 0x000000009a300000| Untracked 
| 420|0x000000009a400000, 0x000000009a500000, 0x000000009a500000|100%| O|  |TAMS 0x000000009a500000, 0x000000009a400000| Untracked 
| 421|0x000000009a500000, 0x000000009a600000, 0x000000009a600000|100%| O|  |TAMS 0x000000009a600000, 0x000000009a500000| Untracked 
| 422|0x000000009a600000, 0x000000009a700000, 0x000000009a700000|100%| O|  |TAMS 0x000000009a700000, 0x000000009a600000| Untracked 
| 423|0x000000009a700000, 0x000000009a800000, 0x000000009a800000|100%| O|  |TAMS 0x000000009a800000, 0x000000009a700000| Untracked 
| 424|0x000000009a800000, 0x000000009a900000, 0x000000009a900000|100%| O|  |TAMS 0x000000009a900000, 0x000000009a800000| Untracked 
| 425|0x000000009a900000, 0x000000009aa00000, 0x000000009aa00000|100%| O|  |TAMS 0x000000009aa00000, 0x000000009a900000| Untracked 
| 426|0x000000009aa00000, 0x000000009ab00000, 0x000000009ab00000|100%| O|  |TAMS 0x000000009ab00000, 0x000000009aa00000| Untracked 
| 427|0x000000009ab00000, 0x000000009ac00000, 0x000000009ac00000|100%| O|  |TAMS 0x000000009ac00000, 0x000000009ab00000| Untracked 
| 428|0x000000009ac00000, 0x000000009ad00000, 0x000000009ad00000|100%| O|  |TAMS 0x000000009ad00000, 0x000000009ac00000| Untracked 
| 429|0x000000009ad00000, 0x000000009ae00000, 0x000000009ae00000|100%| O|  |TAMS 0x000000009ae00000, 0x000000009ad00000| Complete 
| 430|0x000000009ae00000, 0x000000009af00000, 0x000000009af00000|100%| O|  |TAMS 0x000000009af00000, 0x000000009ae00000| Untracked 
| 431|0x000000009af00000, 0x000000009b000000, 0x000000009b000000|100%| O|  |TAMS 0x000000009b000000, 0x000000009af00000| Complete 
| 432|0x000000009b000000, 0x000000009b100000, 0x000000009b100000|100%| O|  |TAMS 0x000000009b100000, 0x000000009b000000| Untracked 
| 433|0x000000009b100000, 0x000000009b200000, 0x000000009b200000|100%| O|  |TAMS 0x000000009b200000, 0x000000009b100000| Untracked 
| 434|0x000000009b200000, 0x000000009b300000, 0x000000009b300000|100%| O|  |TAMS 0x000000009b300000, 0x000000009b200000| Untracked 
| 435|0x000000009b300000, 0x000000009b400000, 0x000000009b400000|100%| O|  |TAMS 0x000000009b400000, 0x000000009b300000| Untracked 
| 436|0x000000009b400000, 0x000000009b500000, 0x000000009b500000|100%| O|  |TAMS 0x000000009b500000, 0x000000009b400000| Untracked 
| 437|0x000000009b500000, 0x000000009b600000, 0x000000009b600000|100%| O|  |TAMS 0x000000009b600000, 0x000000009b500000| Untracked 
| 438|0x000000009b600000, 0x000000009b700000, 0x000000009b700000|100%| O|  |TAMS 0x000000009b700000, 0x000000009b600000| Complete 
| 439|0x000000009b700000, 0x000000009b800000, 0x000000009b800000|100%| O|  |TAMS 0x000000009b800000, 0x000000009b700000| Complete 
| 440|0x000000009b800000, 0x000000009b900000, 0x000000009b900000|100%|HS|  |TAMS 0x000000009b900000, 0x000000009b800000| Complete 
| 441|0x000000009b900000, 0x000000009ba00000, 0x000000009ba00000|100%|HC|  |TAMS 0x000000009ba00000, 0x000000009b900000| Complete 
| 442|0x000000009ba00000, 0x000000009bb00000, 0x000000009bb00000|100%|HC|  |TAMS 0x000000009bb00000, 0x000000009ba00000| Complete 
| 443|0x000000009bb00000, 0x000000009bc00000, 0x000000009bc00000|100%|HC|  |TAMS 0x000000009bc00000, 0x000000009bb00000| Complete 
| 444|0x000000009bc00000, 0x000000009bd00000, 0x000000009bd00000|100%|HC|  |TAMS 0x000000009bd00000, 0x000000009bc00000| Complete 
| 445|0x000000009bd00000, 0x000000009be00000, 0x000000009be00000|100%|HC|  |TAMS 0x000000009be00000, 0x000000009bd00000| Complete 
| 446|0x000000009be00000, 0x000000009bf00000, 0x000000009bf00000|100%|HC|  |TAMS 0x000000009bf00000, 0x000000009be00000| Complete 
| 447|0x000000009bf00000, 0x000000009c000000, 0x000000009c000000|100%|HC|  |TAMS 0x000000009c000000, 0x000000009bf00000| Complete 
| 448|0x000000009c000000, 0x000000009c100000, 0x000000009c100000|100%|HC|  |TAMS 0x000000009c100000, 0x000000009c000000| Complete 
| 449|0x000000009c100000, 0x000000009c200000, 0x000000009c200000|100%|HC|  |TAMS 0x000000009c200000, 0x000000009c100000| Complete 
| 450|0x000000009c200000, 0x000000009c300000, 0x000000009c300000|100%|HC|  |TAMS 0x000000009c300000, 0x000000009c200000| Complete 
| 451|0x000000009c300000, 0x000000009c400000, 0x000000009c400000|100%|HC|  |TAMS 0x000000009c400000, 0x000000009c300000| Complete 
| 452|0x000000009c400000, 0x000000009c500000, 0x000000009c500000|100%|HC|  |TAMS 0x000000009c500000, 0x000000009c400000| Complete 
| 453|0x000000009c500000, 0x000000009c600000, 0x000000009c600000|100%|HC|  |TAMS 0x000000009c600000, 0x000000009c500000| Complete 
| 454|0x000000009c600000, 0x000000009c700000, 0x000000009c700000|100%|HC|  |TAMS 0x000000009c700000, 0x000000009c600000| Complete 
| 455|0x000000009c700000, 0x000000009c800000, 0x000000009c800000|100%|HC|  |TAMS 0x000000009c800000, 0x000000009c700000| Complete 
| 456|0x000000009c800000, 0x000000009c900000, 0x000000009c900000|100%|HC|  |TAMS 0x000000009c900000, 0x000000009c800000| Complete 
| 457|0x000000009c900000, 0x000000009ca00000, 0x000000009ca00000|100%|HC|  |TAMS 0x000000009ca00000, 0x000000009c900000| Complete 
| 458|0x000000009ca00000, 0x000000009cb00000, 0x000000009cb00000|100%|HC|  |TAMS 0x000000009cb00000, 0x000000009ca00000| Complete 
| 459|0x000000009cb00000, 0x000000009cc00000, 0x000000009cc00000|100%|HC|  |TAMS 0x000000009cc00000, 0x000000009cb00000| Complete 
| 460|0x000000009cc00000, 0x000000009cd00000, 0x000000009cd00000|100%|HC|  |TAMS 0x000000009cd00000, 0x000000009cc00000| Complete 
| 461|0x000000009cd00000, 0x000000009ce00000, 0x000000009ce00000|100%|HC|  |TAMS 0x000000009ce00000, 0x000000009cd00000| Complete 
| 462|0x000000009ce00000, 0x000000009cf00000, 0x000000009cf00000|100%|HC|  |TAMS 0x000000009cf00000, 0x000000009ce00000| Complete 
| 463|0x000000009cf00000, 0x000000009d000000, 0x000000009d000000|100%|HC|  |TAMS 0x000000009d000000, 0x000000009cf00000| Complete 
| 464|0x000000009d000000, 0x000000009d100000, 0x000000009d100000|100%|HC|  |TAMS 0x000000009d100000, 0x000000009d000000| Complete 
| 465|0x000000009d100000, 0x000000009d200000, 0x000000009d200000|100%|HC|  |TAMS 0x000000009d200000, 0x000000009d100000| Complete 
| 466|0x000000009d200000, 0x000000009d300000, 0x000000009d300000|100%|HC|  |TAMS 0x000000009d300000, 0x000000009d200000| Complete 
| 467|0x000000009d300000, 0x000000009d400000, 0x000000009d400000|100%|HC|  |TAMS 0x000000009d400000, 0x000000009d300000| Complete 
| 468|0x000000009d400000, 0x000000009d500000, 0x000000009d500000|100%|HC|  |TAMS 0x000000009d500000, 0x000000009d400000| Complete 
| 469|0x000000009d500000, 0x000000009d600000, 0x000000009d600000|100%|HC|  |TAMS 0x000000009d600000, 0x000000009d500000| Complete 
| 470|0x000000009d600000, 0x000000009d700000, 0x000000009d700000|100%|HC|  |TAMS 0x000000009d700000, 0x000000009d600000| Complete 
| 471|0x000000009d700000, 0x000000009d800000, 0x000000009d800000|100%| O|  |TAMS 0x000000009d800000, 0x000000009d700000| Untracked 
| 472|0x000000009d800000, 0x000000009d900000, 0x000000009d900000|100%| O|  |TAMS 0x000000009d900000, 0x000000009d800000| Untracked 
| 473|0x000000009d900000, 0x000000009da00000, 0x000000009da00000|100%| O|  |TAMS 0x000000009da00000, 0x000000009d900000| Untracked 
| 474|0x000000009da00000, 0x000000009db00000, 0x000000009db00000|100%| O|  |TAMS 0x000000009da00000, 0x000000009da00000| Untracked 
| 475|0x000000009db00000, 0x000000009dc00000, 0x000000009dc00000|100%| O|  |TAMS 0x000000009db00000, 0x000000009db00000| Untracked 
| 476|0x000000009dc00000, 0x000000009dd00000, 0x000000009dd00000|100%| O|  |TAMS 0x000000009dc00000, 0x000000009dc00000| Untracked 
| 477|0x000000009dd00000, 0x000000009de00000, 0x000000009de00000|100%| O|  |TAMS 0x000000009dd00000, 0x000000009dd00000| Untracked 
| 478|0x000000009de00000, 0x000000009df00000, 0x000000009df00000|100%| O|  |TAMS 0x000000009de00000, 0x000000009de00000| Untracked 
| 479|0x000000009df00000, 0x000000009e000000, 0x000000009e000000|100%| O|  |TAMS 0x000000009df00000, 0x000000009df00000| Untracked 
| 480|0x000000009e000000, 0x000000009e100000, 0x000000009e100000|100%| O|  |TAMS 0x000000009e000000, 0x000000009e000000| Untracked 
| 481|0x000000009e100000, 0x000000009e200000, 0x000000009e200000|100%| O|  |TAMS 0x000000009e100000, 0x000000009e100000| Untracked 
| 482|0x000000009e200000, 0x000000009e300000, 0x000000009e300000|100%| O|  |TAMS 0x000000009e200000, 0x000000009e200000| Untracked 
| 483|0x000000009e300000, 0x000000009e400000, 0x000000009e400000|100%| O|  |TAMS 0x000000009e300000, 0x000000009e300000| Untracked 
| 484|0x000000009e400000, 0x000000009e500000, 0x000000009e500000|100%| O|  |TAMS 0x000000009e400000, 0x000000009e400000| Untracked 
| 485|0x000000009e500000, 0x000000009e600000, 0x000000009e600000|100%| O|  |TAMS 0x000000009e500000, 0x000000009e500000| Untracked 
| 486|0x000000009e600000, 0x000000009e700000, 0x000000009e700000|100%| O|  |TAMS 0x000000009e600000, 0x000000009e600000| Untracked 
| 487|0x000000009e700000, 0x000000009e800000, 0x000000009e800000|100%| O|  |TAMS 0x000000009e700000, 0x000000009e700000| Untracked 
| 488|0x000000009e800000, 0x000000009e900000, 0x000000009e900000|100%| O|  |TAMS 0x000000009e800000, 0x000000009e800000| Untracked 
| 489|0x000000009e900000, 0x000000009ea00000, 0x000000009ea00000|100%| O|  |TAMS 0x000000009e900000, 0x000000009e900000| Untracked 
| 490|0x000000009ea00000, 0x000000009eb00000, 0x000000009eb00000|100%| O|  |TAMS 0x000000009ea00000, 0x000000009ea00000| Untracked 
| 491|0x000000009eb00000, 0x000000009ec00000, 0x000000009ec00000|100%| O|  |TAMS 0x000000009eb00000, 0x000000009eb00000| Untracked 
| 492|0x000000009ec00000, 0x000000009ed00000, 0x000000009ed00000|100%| O|  |TAMS 0x000000009ec00000, 0x000000009ec00000| Untracked 
| 493|0x000000009ed00000, 0x000000009ed00000, 0x000000009ee00000|  0%| F|  |TAMS 0x000000009ed00000, 0x000000009ed00000| Untracked 
| 494|0x000000009ee00000, 0x000000009ef00000, 0x000000009ef00000|100%| O|  |TAMS 0x000000009ee00000, 0x000000009ee00000| Untracked 
| 495|0x000000009ef00000, 0x000000009f000000, 0x000000009f000000|100%| O|  |TAMS 0x000000009ef00000, 0x000000009ef00000| Untracked 
| 496|0x000000009f000000, 0x000000009f100000, 0x000000009f100000|100%| O|  |TAMS 0x000000009f000000, 0x000000009f000000| Untracked 
| 497|0x000000009f100000, 0x000000009f200000, 0x000000009f200000|100%| O|  |TAMS 0x000000009f200000, 0x000000009f100000| Complete 
| 498|0x000000009f200000, 0x000000009f200000, 0x000000009f300000|  0%| F|  |TAMS 0x000000009f200000, 0x000000009f200000| Untracked 
| 499|0x000000009f300000, 0x000000009f400000, 0x000000009f400000|100%| O|  |TAMS 0x000000009f400000, 0x000000009f300000| Complete 
| 500|0x000000009f400000, 0x000000009f500000, 0x000000009f500000|100%| O|  |TAMS 0x000000009f500000, 0x000000009f400000| Complete 
| 501|0x000000009f500000, 0x000000009f500000, 0x000000009f600000|  0%| F|  |TAMS 0x000000009f500000, 0x000000009f500000| Untracked 
| 502|0x000000009f600000, 0x000000009f600000, 0x000000009f700000|  0%| F|  |TAMS 0x000000009f600000, 0x000000009f600000| Untracked 
| 503|0x000000009f700000, 0x000000009f700000, 0x000000009f800000|  0%| F|  |TAMS 0x000000009f700000, 0x000000009f700000| Untracked 
| 504|0x000000009f800000, 0x000000009f900000, 0x000000009f900000|100%| O|  |TAMS 0x000000009f900000, 0x000000009f800000| Complete 
| 505|0x000000009f900000, 0x000000009fa00000, 0x000000009fa00000|100%| O|  |TAMS 0x000000009fa00000, 0x000000009f900000| Complete 
| 506|0x000000009fa00000, 0x000000009fa00000, 0x000000009fb00000|  0%| F|  |TAMS 0x000000009fa00000, 0x000000009fa00000| Untracked 
| 507|0x000000009fb00000, 0x000000009fc00000, 0x000000009fc00000|100%| O|  |TAMS 0x000000009fc00000, 0x000000009fb00000| Complete 
| 508|0x000000009fc00000, 0x000000009fd00000, 0x000000009fd00000|100%| O|  |TAMS 0x000000009fd00000, 0x000000009fc00000| Complete 
| 509|0x000000009fd00000, 0x000000009fd00000, 0x000000009fe00000|  0%| F|  |TAMS 0x000000009fd00000, 0x000000009fd00000| Untracked 
| 510|0x000000009fe00000, 0x000000009ff00000, 0x000000009ff00000|100%| O|  |TAMS 0x000000009ff00000, 0x000000009fe00000| Complete 
| 511|0x000000009ff00000, 0x00000000a0000000, 0x00000000a0000000|100%| O|  |TAMS 0x00000000a0000000, 0x000000009ff00000| Complete 
| 512|0x00000000a0000000, 0x00000000a0100000, 0x00000000a0100000|100%| O|  |TAMS 0x00000000a0100000, 0x00000000a0000000| Complete 
| 513|0x00000000a0100000, 0x00000000a0200000, 0x00000000a0200000|100%| O|  |TAMS 0x00000000a0200000, 0x00000000a0100000| Complete 
| 514|0x00000000a0200000, 0x00000000a0300000, 0x00000000a0300000|100%| O|  |TAMS 0x00000000a0300000, 0x00000000a0200000| Complete 
| 515|0x00000000a0300000, 0x00000000a0400000, 0x00000000a0400000|100%| O|  |TAMS 0x00000000a0400000, 0x00000000a0300000| Complete 
| 516|0x00000000a0400000, 0x00000000a0500000, 0x00000000a0500000|100%| O|  |TAMS 0x00000000a0400000, 0x00000000a0400000| Untracked 
| 517|0x00000000a0500000, 0x00000000a0600000, 0x00000000a0600000|100%| O|  |TAMS 0x00000000a0500000, 0x00000000a0500000| Untracked 
| 518|0x00000000a0600000, 0x00000000a0700000, 0x00000000a0700000|100%| O|  |TAMS 0x00000000a0700000, 0x00000000a0600000| Untracked 
| 519|0x00000000a0700000, 0x00000000a0800000, 0x00000000a0800000|100%| O|  |TAMS 0x00000000a0800000, 0x00000000a0700000| Complete 
| 520|0x00000000a0800000, 0x00000000a0900000, 0x00000000a0900000|100%| O|  |TAMS 0x00000000a0900000, 0x00000000a0800000| Complete 
| 521|0x00000000a0900000, 0x00000000a0a00000, 0x00000000a0a00000|100%| O|  |TAMS 0x00000000a0a00000, 0x00000000a0900000| Complete 
| 522|0x00000000a0a00000, 0x00000000a0b00000, 0x00000000a0b00000|100%| O|  |TAMS 0x00000000a0b00000, 0x00000000a0a00000| Complete 
| 523|0x00000000a0b00000, 0x00000000a0c00000, 0x00000000a0c00000|100%| O|  |TAMS 0x00000000a0c00000, 0x00000000a0b00000| Complete 
| 524|0x00000000a0c00000, 0x00000000a0d00000, 0x00000000a0d00000|100%| O|  |TAMS 0x00000000a0d00000, 0x00000000a0c00000| Complete 
| 525|0x00000000a0d00000, 0x00000000a0e00000, 0x00000000a0e00000|100%| O|  |TAMS 0x00000000a0e00000, 0x00000000a0d00000| Complete 
| 526|0x00000000a0e00000, 0x00000000a0f00000, 0x00000000a0f00000|100%| O|  |TAMS 0x00000000a0f00000, 0x00000000a0e00000| Complete 
| 527|0x00000000a0f00000, 0x00000000a1000000, 0x00000000a1000000|100%| O|  |TAMS 0x00000000a1000000, 0x00000000a0f00000| Complete 
| 528|0x00000000a1000000, 0x00000000a1100000, 0x00000000a1100000|100%| O|  |TAMS 0x00000000a1100000, 0x00000000a1000000| Untracked 
| 529|0x00000000a1100000, 0x00000000a1200000, 0x00000000a1200000|100%| O|  |TAMS 0x00000000a1200000, 0x00000000a1100000| Untracked 
| 530|0x00000000a1200000, 0x00000000a1300000, 0x00000000a1300000|100%| O|  |TAMS 0x00000000a1300000, 0x00000000a1200000| Untracked 
| 531|0x00000000a1300000, 0x00000000a1400000, 0x00000000a1400000|100%| O|  |TAMS 0x00000000a1400000, 0x00000000a1300000| Complete 
| 532|0x00000000a1400000, 0x00000000a1500000, 0x00000000a1500000|100%| O|  |TAMS 0x00000000a1500000, 0x00000000a1400000| Untracked 
| 533|0x00000000a1500000, 0x00000000a1600000, 0x00000000a1600000|100%| O|  |TAMS 0x00000000a1600000, 0x00000000a1500000| Complete 
| 534|0x00000000a1600000, 0x00000000a1700000, 0x00000000a1700000|100%| O|  |TAMS 0x00000000a1700000, 0x00000000a1600000| Complete 
| 535|0x00000000a1700000, 0x00000000a1800000, 0x00000000a1800000|100%| O|  |TAMS 0x00000000a1800000, 0x00000000a1700000| Untracked 
| 536|0x00000000a1800000, 0x00000000a1900000, 0x00000000a1900000|100%| O|  |TAMS 0x00000000a1900000, 0x00000000a1800000| Complete 
| 537|0x00000000a1900000, 0x00000000a1a00000, 0x00000000a1a00000|100%| O|  |TAMS 0x00000000a1a00000, 0x00000000a1900000| Complete 
| 538|0x00000000a1a00000, 0x00000000a1b00000, 0x00000000a1b00000|100%| O|  |TAMS 0x00000000a1b00000, 0x00000000a1a00000| Complete 
| 539|0x00000000a1b00000, 0x00000000a1c00000, 0x00000000a1c00000|100%| O|  |TAMS 0x00000000a1b00000, 0x00000000a1b00000| Untracked 
| 540|0x00000000a1c00000, 0x00000000a1d00000, 0x00000000a1d00000|100%| O|  |TAMS 0x00000000a1c00000, 0x00000000a1c00000| Untracked 
| 541|0x00000000a1d00000, 0x00000000a1e00000, 0x00000000a1e00000|100%| O|  |TAMS 0x00000000a1d00000, 0x00000000a1d00000| Untracked 
| 542|0x00000000a1e00000, 0x00000000a1f00000, 0x00000000a1f00000|100%| O|  |TAMS 0x00000000a1f00000, 0x00000000a1e00000| Untracked 
| 543|0x00000000a1f00000, 0x00000000a1f00000, 0x00000000a2000000|  0%| F|  |TAMS 0x00000000a1f00000, 0x00000000a1f00000| Untracked 
| 544|0x00000000a2000000, 0x00000000a2000000, 0x00000000a2100000|  0%| F|  |TAMS 0x00000000a2000000, 0x00000000a2000000| Untracked 
| 545|0x00000000a2100000, 0x00000000a2100000, 0x00000000a2200000|  0%| F|  |TAMS 0x00000000a2100000, 0x00000000a2100000| Untracked 
| 546|0x00000000a2200000, 0x00000000a2200000, 0x00000000a2300000|  0%| F|  |TAMS 0x00000000a2200000, 0x00000000a2200000| Untracked 
| 547|0x00000000a2300000, 0x00000000a2300000, 0x00000000a2400000|  0%| F|  |TAMS 0x00000000a2300000, 0x00000000a2300000| Untracked 
| 548|0x00000000a2400000, 0x00000000a2400000, 0x00000000a2500000|  0%| F|  |TAMS 0x00000000a2400000, 0x00000000a2400000| Untracked 
| 549|0x00000000a2500000, 0x00000000a2500000, 0x00000000a2600000|  0%| F|  |TAMS 0x00000000a2500000, 0x00000000a2500000| Untracked 
| 550|0x00000000a2600000, 0x00000000a2600000, 0x00000000a2700000|  0%| F|  |TAMS 0x00000000a2600000, 0x00000000a2600000| Untracked 
| 551|0x00000000a2700000, 0x00000000a2700000, 0x00000000a2800000|  0%| F|  |TAMS 0x00000000a2700000, 0x00000000a2700000| Untracked 
| 552|0x00000000a2800000, 0x00000000a2800000, 0x00000000a2900000|  0%| F|  |TAMS 0x00000000a2800000, 0x00000000a2800000| Untracked 
| 553|0x00000000a2900000, 0x00000000a2900000, 0x00000000a2a00000|  0%| F|  |TAMS 0x00000000a2900000, 0x00000000a2900000| Untracked 
| 554|0x00000000a2a00000, 0x00000000a2a00000, 0x00000000a2b00000|  0%| F|  |TAMS 0x00000000a2a00000, 0x00000000a2a00000| Untracked 
| 555|0x00000000a2b00000, 0x00000000a2b00000, 0x00000000a2c00000|  0%| F|  |TAMS 0x00000000a2b00000, 0x00000000a2b00000| Untracked 
| 556|0x00000000a2c00000, 0x00000000a2c00000, 0x00000000a2d00000|  0%| F|  |TAMS 0x00000000a2c00000, 0x00000000a2c00000| Untracked 
| 557|0x00000000a2d00000, 0x00000000a2d00000, 0x00000000a2e00000|  0%| F|  |TAMS 0x00000000a2d00000, 0x00000000a2d00000| Untracked 
| 558|0x00000000a2e00000, 0x00000000a2e00000, 0x00000000a2f00000|  0%| F|  |TAMS 0x00000000a2e00000, 0x00000000a2e00000| Untracked 
| 559|0x00000000a2f00000, 0x00000000a2f00000, 0x00000000a3000000|  0%| F|  |TAMS 0x00000000a2f00000, 0x00000000a2f00000| Untracked 
| 560|0x00000000a3000000, 0x00000000a3000000, 0x00000000a3100000|  0%| F|  |TAMS 0x00000000a3000000, 0x00000000a3000000| Untracked 
| 561|0x00000000a3100000, 0x00000000a3100000, 0x00000000a3200000|  0%| F|  |TAMS 0x00000000a3100000, 0x00000000a3100000| Untracked 
| 562|0x00000000a3200000, 0x00000000a3200000, 0x00000000a3300000|  0%| F|  |TAMS 0x00000000a3200000, 0x00000000a3200000| Untracked 
| 563|0x00000000a3300000, 0x00000000a3300000, 0x00000000a3400000|  0%| F|  |TAMS 0x00000000a3300000, 0x00000000a3300000| Untracked 
| 564|0x00000000a3400000, 0x00000000a3400000, 0x00000000a3500000|  0%| F|  |TAMS 0x00000000a3400000, 0x00000000a3400000| Untracked 
| 565|0x00000000a3500000, 0x00000000a3500000, 0x00000000a3600000|  0%| F|  |TAMS 0x00000000a3500000, 0x00000000a3500000| Untracked 
| 566|0x00000000a3600000, 0x00000000a3600000, 0x00000000a3700000|  0%| F|  |TAMS 0x00000000a3600000, 0x00000000a3600000| Untracked 
| 567|0x00000000a3700000, 0x00000000a3700000, 0x00000000a3800000|  0%| F|  |TAMS 0x00000000a3700000, 0x00000000a3700000| Untracked 
| 568|0x00000000a3800000, 0x00000000a3800000, 0x00000000a3900000|  0%| F|  |TAMS 0x00000000a3800000, 0x00000000a3800000| Untracked 
| 569|0x00000000a3900000, 0x00000000a3900000, 0x00000000a3a00000|  0%| F|  |TAMS 0x00000000a3900000, 0x00000000a3900000| Untracked 
| 570|0x00000000a3a00000, 0x00000000a3a00000, 0x00000000a3b00000|  0%| F|  |TAMS 0x00000000a3a00000, 0x00000000a3a00000| Untracked 
| 571|0x00000000a3b00000, 0x00000000a3b00000, 0x00000000a3c00000|  0%| F|  |TAMS 0x00000000a3b00000, 0x00000000a3b00000| Untracked 
| 572|0x00000000a3c00000, 0x00000000a3c00000, 0x00000000a3d00000|  0%| F|  |TAMS 0x00000000a3c00000, 0x00000000a3c00000| Untracked 
| 573|0x00000000a3d00000, 0x00000000a3d00000, 0x00000000a3e00000|  0%| F|  |TAMS 0x00000000a3d00000, 0x00000000a3d00000| Untracked 
| 574|0x00000000a3e00000, 0x00000000a3f00000, 0x00000000a3f00000|100%| O|  |TAMS 0x00000000a3e00000, 0x00000000a3e00000| Untracked 
| 575|0x00000000a3f00000, 0x00000000a4000000, 0x00000000a4000000|100%| O|  |TAMS 0x00000000a3f00000, 0x00000000a3f00000| Untracked 
| 576|0x00000000a4000000, 0x00000000a4100000, 0x00000000a4100000|100%| O|  |TAMS 0x00000000a4100000, 0x00000000a4000000| Complete 
| 577|0x00000000a4100000, 0x00000000a4200000, 0x00000000a4200000|100%| O|  |TAMS 0x00000000a4200000, 0x00000000a4100000| Untracked 
| 578|0x00000000a4200000, 0x00000000a4300000, 0x00000000a4300000|100%| O|  |TAMS 0x00000000a4300000, 0x00000000a4200000| Untracked 
| 579|0x00000000a4300000, 0x00000000a4400000, 0x00000000a4400000|100%| O|  |TAMS 0x00000000a4400000, 0x00000000a4300000| Untracked 
| 580|0x00000000a4400000, 0x00000000a4500000, 0x00000000a4500000|100%| O|  |TAMS 0x00000000a4500000, 0x00000000a4400000| Untracked 
| 581|0x00000000a4500000, 0x00000000a4600000, 0x00000000a4600000|100%| O|  |TAMS 0x00000000a4600000, 0x00000000a4500000| Complete 
| 582|0x00000000a4600000, 0x00000000a4700000, 0x00000000a4700000|100%| O|  |TAMS 0x00000000a4700000, 0x00000000a4600000| Complete 
| 583|0x00000000a4700000, 0x00000000a4800000, 0x00000000a4800000|100%| O|  |TAMS 0x00000000a4800000, 0x00000000a4700000| Complete 
| 584|0x00000000a4800000, 0x00000000a4900000, 0x00000000a4900000|100%| O|  |TAMS 0x00000000a4900000, 0x00000000a4800000| Complete 
| 585|0x00000000a4900000, 0x00000000a4a00000, 0x00000000a4a00000|100%| O|  |TAMS 0x00000000a4a00000, 0x00000000a4900000| Complete 
| 586|0x00000000a4a00000, 0x00000000a4b00000, 0x00000000a4b00000|100%| O|  |TAMS 0x00000000a4b00000, 0x00000000a4a00000| Complete 
| 587|0x00000000a4b00000, 0x00000000a4c00000, 0x00000000a4c00000|100%| O|  |TAMS 0x00000000a4c00000, 0x00000000a4b00000| Complete 
| 588|0x00000000a4c00000, 0x00000000a4d00000, 0x00000000a4d00000|100%| O|  |TAMS 0x00000000a4d00000, 0x00000000a4c00000| Complete 
| 589|0x00000000a4d00000, 0x00000000a4e00000, 0x00000000a4e00000|100%| O|  |TAMS 0x00000000a4e00000, 0x00000000a4d00000| Complete 
| 590|0x00000000a4e00000, 0x00000000a4f00000, 0x00000000a4f00000|100%| O|  |TAMS 0x00000000a4f00000, 0x00000000a4e00000| Complete 
| 591|0x00000000a4f00000, 0x00000000a5000000, 0x00000000a5000000|100%| O|  |TAMS 0x00000000a5000000, 0x00000000a4f00000| Complete 
| 592|0x00000000a5000000, 0x00000000a5000000, 0x00000000a5100000|  0%| F|  |TAMS 0x00000000a5000000, 0x00000000a5000000| Untracked 
| 593|0x00000000a5100000, 0x00000000a5200000, 0x00000000a5200000|100%| O|  |TAMS 0x00000000a5100000, 0x00000000a5100000| Untracked 
| 594|0x00000000a5200000, 0x00000000a5300000, 0x00000000a5300000|100%| O|  |TAMS 0x00000000a5200000, 0x00000000a5200000| Untracked 
| 595|0x00000000a5300000, 0x00000000a5400000, 0x00000000a5400000|100%| O|  |TAMS 0x00000000a5300000, 0x00000000a5300000| Untracked 
| 596|0x00000000a5400000, 0x00000000a5500000, 0x00000000a5500000|100%| O|  |TAMS 0x00000000a5400000, 0x00000000a5400000| Untracked 
| 597|0x00000000a5500000, 0x00000000a5600000, 0x00000000a5600000|100%| O|  |TAMS 0x00000000a5500000, 0x00000000a5500000| Untracked 
| 598|0x00000000a5600000, 0x00000000a5700000, 0x00000000a5700000|100%| O|  |TAMS 0x00000000a5600000, 0x00000000a5600000| Untracked 
| 599|0x00000000a5700000, 0x00000000a5800000, 0x00000000a5800000|100%| O|  |TAMS 0x00000000a5700000, 0x00000000a5700000| Untracked 
| 600|0x00000000a5800000, 0x00000000a5900000, 0x00000000a5900000|100%| O|  |TAMS 0x00000000a5800000, 0x00000000a5800000| Untracked 
| 601|0x00000000a5900000, 0x00000000a5a00000, 0x00000000a5a00000|100%| O|  |TAMS 0x00000000a5900000, 0x00000000a5900000| Untracked 
| 602|0x00000000a5a00000, 0x00000000a5b00000, 0x00000000a5b00000|100%| O|  |TAMS 0x00000000a5b00000, 0x00000000a5a00000| Complete 
| 603|0x00000000a5b00000, 0x00000000a5b00000, 0x00000000a5c00000|  0%| F|  |TAMS 0x00000000a5b00000, 0x00000000a5b00000| Untracked 
| 604|0x00000000a5c00000, 0x00000000a5c00000, 0x00000000a5d00000|  0%| F|  |TAMS 0x00000000a5c00000, 0x00000000a5c00000| Untracked 
| 605|0x00000000a5d00000, 0x00000000a5d00000, 0x00000000a5e00000|  0%| F|  |TAMS 0x00000000a5d00000, 0x00000000a5d00000| Untracked 
| 606|0x00000000a5e00000, 0x00000000a5e00000, 0x00000000a5f00000|  0%| F|  |TAMS 0x00000000a5e00000, 0x00000000a5e00000| Untracked 
| 607|0x00000000a5f00000, 0x00000000a6000000, 0x00000000a6000000|100%| O|  |TAMS 0x00000000a6000000, 0x00000000a5f00000| Complete 
| 608|0x00000000a6000000, 0x00000000a6000000, 0x00000000a6100000|  0%| F|  |TAMS 0x00000000a6000000, 0x00000000a6000000| Untracked 
| 609|0x00000000a6100000, 0x00000000a6100000, 0x00000000a6200000|  0%| F|  |TAMS 0x00000000a6100000, 0x00000000a6100000| Untracked 
| 610|0x00000000a6200000, 0x00000000a6200000, 0x00000000a6300000|  0%| F|  |TAMS 0x00000000a6200000, 0x00000000a6200000| Untracked 
| 611|0x00000000a6300000, 0x00000000a6300000, 0x00000000a6400000|  0%| F|  |TAMS 0x00000000a6300000, 0x00000000a6300000| Untracked 
| 612|0x00000000a6400000, 0x00000000a6500000, 0x00000000a6500000|100%| O|  |TAMS 0x00000000a6500000, 0x00000000a6400000| Complete 
| 613|0x00000000a6500000, 0x00000000a6600000, 0x00000000a6600000|100%| O|  |TAMS 0x00000000a6600000, 0x00000000a6500000| Complete 
| 614|0x00000000a6600000, 0x00000000a6700000, 0x00000000a6700000|100%| O|  |TAMS 0x00000000a6700000, 0x00000000a6600000| Complete 
| 615|0x00000000a6700000, 0x00000000a6800000, 0x00000000a6800000|100%| O|  |TAMS 0x00000000a6800000, 0x00000000a6700000| Complete 
| 616|0x00000000a6800000, 0x00000000a6900000, 0x00000000a6900000|100%| O|  |TAMS 0x00000000a6900000, 0x00000000a6800000| Complete 
| 617|0x00000000a6900000, 0x00000000a6a00000, 0x00000000a6a00000|100%| O|  |TAMS 0x00000000a6a00000, 0x00000000a6900000| Complete 
| 618|0x00000000a6a00000, 0x00000000a6b00000, 0x00000000a6b00000|100%| O|  |TAMS 0x00000000a6b00000, 0x00000000a6a00000| Complete 
| 619|0x00000000a6b00000, 0x00000000a6c00000, 0x00000000a6c00000|100%| O|  |TAMS 0x00000000a6c00000, 0x00000000a6b00000| Complete 
| 620|0x00000000a6c00000, 0x00000000a6d00000, 0x00000000a6d00000|100%| O|  |TAMS 0x00000000a6c00000, 0x00000000a6c00000| Untracked 
| 621|0x00000000a6d00000, 0x00000000a6e00000, 0x00000000a6e00000|100%| O|  |TAMS 0x00000000a6d00000, 0x00000000a6d00000| Untracked 
| 622|0x00000000a6e00000, 0x00000000a6f00000, 0x00000000a6f00000|100%| O|  |TAMS 0x00000000a6e00000, 0x00000000a6e00000| Untracked 
| 623|0x00000000a6f00000, 0x00000000a7000000, 0x00000000a7000000|100%| O|  |TAMS 0x00000000a6f00000, 0x00000000a6f00000| Untracked 
| 624|0x00000000a7000000, 0x00000000a7000000, 0x00000000a7100000|  0%| F|  |TAMS 0x00000000a7000000, 0x00000000a7000000| Untracked 
| 625|0x00000000a7100000, 0x00000000a7100000, 0x00000000a7200000|  0%| F|  |TAMS 0x00000000a7100000, 0x00000000a7100000| Untracked 
| 626|0x00000000a7200000, 0x00000000a7300000, 0x00000000a7300000|100%| O|  |TAMS 0x00000000a7300000, 0x00000000a7200000| Complete 
| 627|0x00000000a7300000, 0x00000000a7400000, 0x00000000a7400000|100%| O|  |TAMS 0x00000000a7400000, 0x00000000a7300000| Untracked 
| 628|0x00000000a7400000, 0x00000000a7500000, 0x00000000a7500000|100%| O|  |TAMS 0x00000000a7500000, 0x00000000a7400000| Complete 
| 629|0x00000000a7500000, 0x00000000a7600000, 0x00000000a7600000|100%| O|  |TAMS 0x00000000a7600000, 0x00000000a7500000| Complete 
| 630|0x00000000a7600000, 0x00000000a7700000, 0x00000000a7700000|100%| O|  |TAMS 0x00000000a7700000, 0x00000000a7600000| Complete 
| 631|0x00000000a7700000, 0x00000000a7800000, 0x00000000a7800000|100%| O|  |TAMS 0x00000000a7700000, 0x00000000a7700000| Untracked 
| 632|0x00000000a7800000, 0x00000000a7900000, 0x00000000a7900000|100%| O|  |TAMS 0x00000000a7800000, 0x00000000a7800000| Untracked 
| 633|0x00000000a7900000, 0x00000000a7900000, 0x00000000a7a00000|  0%| F|  |TAMS 0x00000000a7900000, 0x00000000a7900000| Untracked 
| 634|0x00000000a7a00000, 0x00000000a7b00000, 0x00000000a7b00000|100%| O|  |TAMS 0x00000000a7a00000, 0x00000000a7a00000| Untracked 
| 635|0x00000000a7b00000, 0x00000000a7c00000, 0x00000000a7c00000|100%| O|  |TAMS 0x00000000a7b00000, 0x00000000a7b00000| Untracked 
| 636|0x00000000a7c00000, 0x00000000a7d00000, 0x00000000a7d00000|100%| O|  |TAMS 0x00000000a7c00000, 0x00000000a7c00000| Untracked 
| 637|0x00000000a7d00000, 0x00000000a7e00000, 0x00000000a7e00000|100%| O|  |TAMS 0x00000000a7d00000, 0x00000000a7d00000| Untracked 
| 638|0x00000000a7e00000, 0x00000000a7f00000, 0x00000000a7f00000|100%| O|  |TAMS 0x00000000a7e00000, 0x00000000a7e00000| Untracked 
| 639|0x00000000a7f00000, 0x00000000a8000000, 0x00000000a8000000|100%| O|  |TAMS 0x00000000a7f00000, 0x00000000a7f00000| Untracked 
| 640|0x00000000a8000000, 0x00000000a8100000, 0x00000000a8100000|100%| O|  |TAMS 0x00000000a8000000, 0x00000000a8000000| Untracked 
| 641|0x00000000a8100000, 0x00000000a8200000, 0x00000000a8200000|100%| O|  |TAMS 0x00000000a8100000, 0x00000000a8100000| Untracked 
| 642|0x00000000a8200000, 0x00000000a8300000, 0x00000000a8300000|100%| O|  |TAMS 0x00000000a8200000, 0x00000000a8200000| Untracked 
| 643|0x00000000a8300000, 0x00000000a8400000, 0x00000000a8400000|100%| O|  |TAMS 0x00000000a8300000, 0x00000000a8300000| Untracked 
| 644|0x00000000a8400000, 0x00000000a8500000, 0x00000000a8500000|100%| O|  |TAMS 0x00000000a8400000, 0x00000000a8400000| Untracked 
| 645|0x00000000a8500000, 0x00000000a8600000, 0x00000000a8600000|100%| O|  |TAMS 0x00000000a8500000, 0x00000000a8500000| Untracked 
| 646|0x00000000a8600000, 0x00000000a8700000, 0x00000000a8700000|100%| O|  |TAMS 0x00000000a8600000, 0x00000000a8600000| Untracked 
| 647|0x00000000a8700000, 0x00000000a8800000, 0x00000000a8800000|100%| O|  |TAMS 0x00000000a8700000, 0x00000000a8700000| Untracked 
| 648|0x00000000a8800000, 0x00000000a8900000, 0x00000000a8900000|100%| O|  |TAMS 0x00000000a8800000, 0x00000000a8800000| Untracked 
| 649|0x00000000a8900000, 0x00000000a8a00000, 0x00000000a8a00000|100%| O|  |TAMS 0x00000000a8a00000, 0x00000000a8900000| Complete 
| 650|0x00000000a8a00000, 0x00000000a8b00000, 0x00000000a8b00000|100%| O|  |TAMS 0x00000000a8a00000, 0x00000000a8a00000| Untracked 
| 651|0x00000000a8b00000, 0x00000000a8b00000, 0x00000000a8c00000|  0%| F|  |TAMS 0x00000000a8b00000, 0x00000000a8b00000| Untracked 
| 652|0x00000000a8c00000, 0x00000000a8d00000, 0x00000000a8d00000|100%| O|  |TAMS 0x00000000a8d00000, 0x00000000a8c00000| Complete 
| 653|0x00000000a8d00000, 0x00000000a8e00000, 0x00000000a8e00000|100%| O|  |TAMS 0x00000000a8d00000, 0x00000000a8d00000| Untracked 
| 654|0x00000000a8e00000, 0x00000000a8f00000, 0x00000000a8f00000|100%| O|  |TAMS 0x00000000a8e00000, 0x00000000a8e00000| Untracked 
| 655|0x00000000a8f00000, 0x00000000a9000000, 0x00000000a9000000|100%| O|  |TAMS 0x00000000a8f00000, 0x00000000a8f00000| Untracked 
| 656|0x00000000a9000000, 0x00000000a9100000, 0x00000000a9100000|100%| O|  |TAMS 0x00000000a9000000, 0x00000000a9000000| Untracked 
| 657|0x00000000a9100000, 0x00000000a9200000, 0x00000000a9200000|100%| O|  |TAMS 0x00000000a9100000, 0x00000000a9100000| Untracked 
| 658|0x00000000a9200000, 0x00000000a9300000, 0x00000000a9300000|100%| O|  |TAMS 0x00000000a9200000, 0x00000000a9200000| Untracked 
| 659|0x00000000a9300000, 0x00000000a9400000, 0x00000000a9400000|100%| O|  |TAMS 0x00000000a9300000, 0x00000000a9300000| Untracked 
| 660|0x00000000a9400000, 0x00000000a9500000, 0x00000000a9500000|100%| O|  |TAMS 0x00000000a9400000, 0x00000000a9400000| Untracked 
| 661|0x00000000a9500000, 0x00000000a9600000, 0x00000000a9600000|100%| O|  |TAMS 0x00000000a9500000, 0x00000000a9500000| Untracked 
| 662|0x00000000a9600000, 0x00000000a9700000, 0x00000000a9700000|100%| O|  |TAMS 0x00000000a9600000, 0x00000000a9600000| Untracked 
| 663|0x00000000a9700000, 0x00000000a9800000, 0x00000000a9800000|100%| O|  |TAMS 0x00000000a9800000, 0x00000000a9700000| Complete 
| 664|0x00000000a9800000, 0x00000000a9900000, 0x00000000a9900000|100%| O|  |TAMS 0x00000000a9900000, 0x00000000a9800000| Complete 
| 665|0x00000000a9900000, 0x00000000a9a00000, 0x00000000a9a00000|100%| O|  |TAMS 0x00000000a9a00000, 0x00000000a9900000| Complete 
| 666|0x00000000a9a00000, 0x00000000a9b00000, 0x00000000a9b00000|100%| O|  |TAMS 0x00000000a9a00000, 0x00000000a9a00000| Untracked 
| 667|0x00000000a9b00000, 0x00000000a9c00000, 0x00000000a9c00000|100%| O|  |TAMS 0x00000000a9b00000, 0x00000000a9b00000| Untracked 
| 668|0x00000000a9c00000, 0x00000000a9c00000, 0x00000000a9d00000|  0%| F|  |TAMS 0x00000000a9c00000, 0x00000000a9c00000| Untracked 
| 669|0x00000000a9d00000, 0x00000000a9e00000, 0x00000000a9e00000|100%| O|  |TAMS 0x00000000a9d00000, 0x00000000a9d00000| Untracked 
| 670|0x00000000a9e00000, 0x00000000a9f00000, 0x00000000a9f00000|100%| O|  |TAMS 0x00000000a9f00000, 0x00000000a9e00000| Untracked 
| 671|0x00000000a9f00000, 0x00000000aa000000, 0x00000000aa000000|100%| O|  |TAMS 0x00000000aa000000, 0x00000000a9f00000| Untracked 
| 672|0x00000000aa000000, 0x00000000aa100000, 0x00000000aa100000|100%| O|  |TAMS 0x00000000aa100000, 0x00000000aa000000| Untracked 
| 673|0x00000000aa100000, 0x00000000aa200000, 0x00000000aa200000|100%| O|  |TAMS 0x00000000aa200000, 0x00000000aa100000| Untracked 
| 674|0x00000000aa200000, 0x00000000aa300000, 0x00000000aa300000|100%| O|  |TAMS 0x00000000aa300000, 0x00000000aa200000| Untracked 
| 675|0x00000000aa300000, 0x00000000aa400000, 0x00000000aa400000|100%| O|  |TAMS 0x00000000aa400000, 0x00000000aa300000| Untracked 
| 676|0x00000000aa400000, 0x00000000aa500000, 0x00000000aa500000|100%| O|  |TAMS 0x00000000aa500000, 0x00000000aa400000| Untracked 
| 677|0x00000000aa500000, 0x00000000aa600000, 0x00000000aa600000|100%| O|  |TAMS 0x00000000aa600000, 0x00000000aa500000| Untracked 
| 678|0x00000000aa600000, 0x00000000aa700000, 0x00000000aa700000|100%| O|  |TAMS 0x00000000aa700000, 0x00000000aa600000| Untracked 
| 679|0x00000000aa700000, 0x00000000aa800000, 0x00000000aa800000|100%| O|  |TAMS 0x00000000aa800000, 0x00000000aa700000| Untracked 
| 680|0x00000000aa800000, 0x00000000aa900000, 0x00000000aa900000|100%| O|  |TAMS 0x00000000aa900000, 0x00000000aa800000| Untracked 
| 681|0x00000000aa900000, 0x00000000aaa00000, 0x00000000aaa00000|100%| O|  |TAMS 0x00000000aaa00000, 0x00000000aa900000| Untracked 
| 682|0x00000000aaa00000, 0x00000000aab00000, 0x00000000aab00000|100%| O|  |TAMS 0x00000000aab00000, 0x00000000aaa00000| Untracked 
| 683|0x00000000aab00000, 0x00000000aac00000, 0x00000000aac00000|100%| O|  |TAMS 0x00000000aac00000, 0x00000000aab00000| Untracked 
| 684|0x00000000aac00000, 0x00000000aad00000, 0x00000000aad00000|100%| O|  |TAMS 0x00000000aad00000, 0x00000000aac00000| Untracked 
| 685|0x00000000aad00000, 0x00000000aae00000, 0x00000000aae00000|100%| O|  |TAMS 0x00000000aae00000, 0x00000000aad00000| Untracked 
| 686|0x00000000aae00000, 0x00000000aaf00000, 0x00000000aaf00000|100%| O|  |TAMS 0x00000000aaf00000, 0x00000000aae00000| Untracked 
| 687|0x00000000aaf00000, 0x00000000ab000000, 0x00000000ab000000|100%| O|  |TAMS 0x00000000ab000000, 0x00000000aaf00000| Untracked 
| 688|0x00000000ab000000, 0x00000000ab100000, 0x00000000ab100000|100%| O|  |TAMS 0x00000000ab100000, 0x00000000ab000000| Untracked 
| 689|0x00000000ab100000, 0x00000000ab200000, 0x00000000ab200000|100%| O|  |TAMS 0x00000000ab200000, 0x00000000ab100000| Untracked 
| 690|0x00000000ab200000, 0x00000000ab300000, 0x00000000ab300000|100%| O|  |TAMS 0x00000000ab300000, 0x00000000ab200000| Untracked 
| 691|0x00000000ab300000, 0x00000000ab400000, 0x00000000ab400000|100%| O|  |TAMS 0x00000000ab400000, 0x00000000ab300000| Untracked 
| 692|0x00000000ab400000, 0x00000000ab500000, 0x00000000ab500000|100%| O|  |TAMS 0x00000000ab500000, 0x00000000ab400000| Untracked 
| 693|0x00000000ab500000, 0x00000000ab600000, 0x00000000ab600000|100%| O|  |TAMS 0x00000000ab600000, 0x00000000ab500000| Untracked 
| 694|0x00000000ab600000, 0x00000000ab700000, 0x00000000ab700000|100%| O|  |TAMS 0x00000000ab700000, 0x00000000ab600000| Untracked 
| 695|0x00000000ab700000, 0x00000000ab800000, 0x00000000ab800000|100%| O|  |TAMS 0x00000000ab800000, 0x00000000ab700000| Untracked 
| 696|0x00000000ab800000, 0x00000000ab900000, 0x00000000ab900000|100%| O|  |TAMS 0x00000000ab900000, 0x00000000ab800000| Untracked 
| 697|0x00000000ab900000, 0x00000000aba00000, 0x00000000aba00000|100%| O|  |TAMS 0x00000000aba00000, 0x00000000ab900000| Untracked 
| 698|0x00000000aba00000, 0x00000000abb00000, 0x00000000abb00000|100%| O|  |TAMS 0x00000000abb00000, 0x00000000aba00000| Complete 
| 699|0x00000000abb00000, 0x00000000abc00000, 0x00000000abc00000|100%| O|  |TAMS 0x00000000abc00000, 0x00000000abb00000| Complete 
| 700|0x00000000abc00000, 0x00000000abd00000, 0x00000000abd00000|100%| O|  |TAMS 0x00000000abd00000, 0x00000000abc00000| Complete 
| 701|0x00000000abd00000, 0x00000000abe00000, 0x00000000abe00000|100%| O|  |TAMS 0x00000000abe00000, 0x00000000abd00000| Complete 
| 702|0x00000000abe00000, 0x00000000abf00000, 0x00000000abf00000|100%| O|  |TAMS 0x00000000abf00000, 0x00000000abe00000| Complete 
| 703|0x00000000abf00000, 0x00000000ac000000, 0x00000000ac000000|100%| O|  |TAMS 0x00000000ac000000, 0x00000000abf00000| Complete 
| 704|0x00000000ac000000, 0x00000000ac000000, 0x00000000ac100000|  0%| F|  |TAMS 0x00000000ac000000, 0x00000000ac000000| Untracked 
| 705|0x00000000ac100000, 0x00000000ac200000, 0x00000000ac200000|100%| O|  |TAMS 0x00000000ac200000, 0x00000000ac100000| Complete 
| 706|0x00000000ac200000, 0x00000000ac300000, 0x00000000ac300000|100%| O|  |TAMS 0x00000000ac300000, 0x00000000ac200000| Complete 
| 707|0x00000000ac300000, 0x00000000ac300000, 0x00000000ac400000|  0%| F|  |TAMS 0x00000000ac300000, 0x00000000ac300000| Untracked 
| 708|0x00000000ac400000, 0x00000000ac500000, 0x00000000ac500000|100%| O|  |TAMS 0x00000000ac500000, 0x00000000ac400000| Complete 
| 709|0x00000000ac500000, 0x00000000ac500000, 0x00000000ac600000|  0%| F|  |TAMS 0x00000000ac500000, 0x00000000ac500000| Untracked 
| 710|0x00000000ac600000, 0x00000000ac600000, 0x00000000ac700000|  0%| F|  |TAMS 0x00000000ac600000, 0x00000000ac600000| Untracked 
| 711|0x00000000ac700000, 0x00000000ac700000, 0x00000000ac800000|  0%| F|  |TAMS 0x00000000ac700000, 0x00000000ac700000| Untracked 
| 712|0x00000000ac800000, 0x00000000ac800000, 0x00000000ac900000|  0%| F|  |TAMS 0x00000000ac800000, 0x00000000ac800000| Untracked 
| 713|0x00000000ac900000, 0x00000000ac900000, 0x00000000aca00000|  0%| F|  |TAMS 0x00000000ac900000, 0x00000000ac900000| Untracked 
| 714|0x00000000aca00000, 0x00000000aca00000, 0x00000000acb00000|  0%| F|  |TAMS 0x00000000aca00000, 0x00000000aca00000| Untracked 
| 715|0x00000000acb00000, 0x00000000acb00000, 0x00000000acc00000|  0%| F|  |TAMS 0x00000000acb00000, 0x00000000acb00000| Untracked 
| 716|0x00000000acc00000, 0x00000000acc00000, 0x00000000acd00000|  0%| F|  |TAMS 0x00000000acc00000, 0x00000000acc00000| Untracked 
| 717|0x00000000acd00000, 0x00000000acd00000, 0x00000000ace00000|  0%| F|  |TAMS 0x00000000acd00000, 0x00000000acd00000| Untracked 
| 718|0x00000000ace00000, 0x00000000ace00000, 0x00000000acf00000|  0%| F|  |TAMS 0x00000000ace00000, 0x00000000ace00000| Untracked 
| 719|0x00000000acf00000, 0x00000000acf00000, 0x00000000ad000000|  0%| F|  |TAMS 0x00000000acf00000, 0x00000000acf00000| Untracked 
| 720|0x00000000ad000000, 0x00000000ad000000, 0x00000000ad100000|  0%| F|  |TAMS 0x00000000ad000000, 0x00000000ad000000| Untracked 
| 721|0x00000000ad100000, 0x00000000ad100000, 0x00000000ad200000|  0%| F|  |TAMS 0x00000000ad100000, 0x00000000ad100000| Untracked 
| 722|0x00000000ad200000, 0x00000000ad200000, 0x00000000ad300000|  0%| F|  |TAMS 0x00000000ad200000, 0x00000000ad200000| Untracked 
| 723|0x00000000ad300000, 0x00000000ad300000, 0x00000000ad400000|  0%| F|  |TAMS 0x00000000ad300000, 0x00000000ad300000| Untracked 
| 724|0x00000000ad400000, 0x00000000ad400000, 0x00000000ad500000|  0%| F|  |TAMS 0x00000000ad400000, 0x00000000ad400000| Untracked 
| 725|0x00000000ad500000, 0x00000000ad500000, 0x00000000ad600000|  0%| F|  |TAMS 0x00000000ad500000, 0x00000000ad500000| Untracked 
| 726|0x00000000ad600000, 0x00000000ad600000, 0x00000000ad700000|  0%| F|  |TAMS 0x00000000ad600000, 0x00000000ad600000| Untracked 
| 727|0x00000000ad700000, 0x00000000ad700000, 0x00000000ad800000|  0%| F|  |TAMS 0x00000000ad700000, 0x00000000ad700000| Untracked 
| 728|0x00000000ad800000, 0x00000000ad800000, 0x00000000ad900000|  0%| F|  |TAMS 0x00000000ad800000, 0x00000000ad800000| Untracked 
| 729|0x00000000ad900000, 0x00000000ad900000, 0x00000000ada00000|  0%| F|  |TAMS 0x00000000ad900000, 0x00000000ad900000| Untracked 
| 730|0x00000000ada00000, 0x00000000ada00000, 0x00000000adb00000|  0%| F|  |TAMS 0x00000000ada00000, 0x00000000ada00000| Untracked 
| 731|0x00000000adb00000, 0x00000000adb00000, 0x00000000adc00000|  0%| F|  |TAMS 0x00000000adb00000, 0x00000000adb00000| Untracked 
| 732|0x00000000adc00000, 0x00000000adc00000, 0x00000000add00000|  0%| F|  |TAMS 0x00000000adc00000, 0x00000000adc00000| Untracked 
| 733|0x00000000add00000, 0x00000000add00000, 0x00000000ade00000|  0%| F|  |TAMS 0x00000000add00000, 0x00000000add00000| Untracked 
| 734|0x00000000ade00000, 0x00000000ade00000, 0x00000000adf00000|  0%| F|  |TAMS 0x00000000ade00000, 0x00000000ade00000| Untracked 
| 735|0x00000000adf00000, 0x00000000adf00000, 0x00000000ae000000|  0%| F|  |TAMS 0x00000000adf00000, 0x00000000adf00000| Untracked 
| 736|0x00000000ae000000, 0x00000000ae000000, 0x00000000ae100000|  0%| F|  |TAMS 0x00000000ae000000, 0x00000000ae000000| Untracked 
| 737|0x00000000ae100000, 0x00000000ae100000, 0x00000000ae200000|  0%| F|  |TAMS 0x00000000ae100000, 0x00000000ae100000| Untracked 
| 738|0x00000000ae200000, 0x00000000ae200000, 0x00000000ae300000|  0%| F|  |TAMS 0x00000000ae200000, 0x00000000ae200000| Untracked 
| 739|0x00000000ae300000, 0x00000000ae300000, 0x00000000ae400000|  0%| F|  |TAMS 0x00000000ae300000, 0x00000000ae300000| Untracked 
| 740|0x00000000ae400000, 0x00000000ae400000, 0x00000000ae500000|  0%| F|  |TAMS 0x00000000ae400000, 0x00000000ae400000| Untracked 
| 741|0x00000000ae500000, 0x00000000ae500000, 0x00000000ae600000|  0%| F|  |TAMS 0x00000000ae500000, 0x00000000ae500000| Untracked 
| 742|0x00000000ae600000, 0x00000000ae600000, 0x00000000ae700000|  0%| F|  |TAMS 0x00000000ae600000, 0x00000000ae600000| Untracked 
| 743|0x00000000ae700000, 0x00000000ae700000, 0x00000000ae800000|  0%| F|  |TAMS 0x00000000ae700000, 0x00000000ae700000| Untracked 
| 744|0x00000000ae800000, 0x00000000ae800000, 0x00000000ae900000|  0%| F|  |TAMS 0x00000000ae800000, 0x00000000ae800000| Untracked 
| 745|0x00000000ae900000, 0x00000000ae900000, 0x00000000aea00000|  0%| F|  |TAMS 0x00000000ae900000, 0x00000000ae900000| Untracked 
| 746|0x00000000aea00000, 0x00000000aea00000, 0x00000000aeb00000|  0%| F|  |TAMS 0x00000000aea00000, 0x00000000aea00000| Untracked 
| 747|0x00000000aeb00000, 0x00000000aeb00000, 0x00000000aec00000|  0%| F|  |TAMS 0x00000000aeb00000, 0x00000000aeb00000| Untracked 
| 748|0x00000000aec00000, 0x00000000aec00000, 0x00000000aed00000|  0%| F|  |TAMS 0x00000000aec00000, 0x00000000aec00000| Untracked 
| 749|0x00000000aed00000, 0x00000000aed00000, 0x00000000aee00000|  0%| F|  |TAMS 0x00000000aed00000, 0x00000000aed00000| Untracked 
| 750|0x00000000aee00000, 0x00000000aee00000, 0x00000000aef00000|  0%| F|  |TAMS 0x00000000aee00000, 0x00000000aee00000| Untracked 
| 751|0x00000000aef00000, 0x00000000aef00000, 0x00000000af000000|  0%| F|  |TAMS 0x00000000aef00000, 0x00000000aef00000| Untracked 
| 752|0x00000000af000000, 0x00000000af000000, 0x00000000af100000|  0%| F|  |TAMS 0x00000000af000000, 0x00000000af000000| Untracked 
| 753|0x00000000af100000, 0x00000000af100000, 0x00000000af200000|  0%| F|  |TAMS 0x00000000af100000, 0x00000000af100000| Untracked 
| 754|0x00000000af200000, 0x00000000af200000, 0x00000000af300000|  0%| F|  |TAMS 0x00000000af200000, 0x00000000af200000| Untracked 
| 755|0x00000000af300000, 0x00000000af300000, 0x00000000af400000|  0%| F|  |TAMS 0x00000000af300000, 0x00000000af300000| Untracked 
| 756|0x00000000af400000, 0x00000000af400000, 0x00000000af500000|  0%| F|  |TAMS 0x00000000af400000, 0x00000000af400000| Untracked 
| 757|0x00000000af500000, 0x00000000af500000, 0x00000000af600000|  0%| F|  |TAMS 0x00000000af500000, 0x00000000af500000| Untracked 
| 758|0x00000000af600000, 0x00000000af600000, 0x00000000af700000|  0%| F|  |TAMS 0x00000000af600000, 0x00000000af600000| Untracked 
| 759|0x00000000af700000, 0x00000000af700000, 0x00000000af800000|  0%| F|  |TAMS 0x00000000af700000, 0x00000000af700000| Untracked 
| 760|0x00000000af800000, 0x00000000af800000, 0x00000000af900000|  0%| F|  |TAMS 0x00000000af800000, 0x00000000af800000| Untracked 
| 761|0x00000000af900000, 0x00000000af900000, 0x00000000afa00000|  0%| F|  |TAMS 0x00000000af900000, 0x00000000af900000| Untracked 
| 762|0x00000000afa00000, 0x00000000afa00000, 0x00000000afb00000|  0%| F|  |TAMS 0x00000000afa00000, 0x00000000afa00000| Untracked 
| 763|0x00000000afb00000, 0x00000000afb00000, 0x00000000afc00000|  0%| F|  |TAMS 0x00000000afb00000, 0x00000000afb00000| Untracked 
| 764|0x00000000afc00000, 0x00000000afc00000, 0x00000000afd00000|  0%| F|  |TAMS 0x00000000afc00000, 0x00000000afc00000| Untracked 
| 765|0x00000000afd00000, 0x00000000afd00000, 0x00000000afe00000|  0%| F|  |TAMS 0x00000000afd00000, 0x00000000afd00000| Untracked 
| 766|0x00000000afe00000, 0x00000000afe00000, 0x00000000aff00000|  0%| F|  |TAMS 0x00000000afe00000, 0x00000000afe00000| Untracked 
| 767|0x00000000aff00000, 0x00000000aff00000, 0x00000000b0000000|  0%| F|  |TAMS 0x00000000aff00000, 0x00000000aff00000| Untracked 
| 768|0x00000000b0000000, 0x00000000b0000000, 0x00000000b0100000|  0%| F|  |TAMS 0x00000000b0000000, 0x00000000b0000000| Untracked 
| 769|0x00000000b0100000, 0x00000000b0100000, 0x00000000b0200000|  0%| F|  |TAMS 0x00000000b0100000, 0x00000000b0100000| Untracked 
| 770|0x00000000b0200000, 0x00000000b0200000, 0x00000000b0300000|  0%| F|  |TAMS 0x00000000b0200000, 0x00000000b0200000| Untracked 
| 771|0x00000000b0300000, 0x00000000b0300000, 0x00000000b0400000|  0%| F|  |TAMS 0x00000000b0300000, 0x00000000b0300000| Untracked 
| 772|0x00000000b0400000, 0x00000000b0400000, 0x00000000b0500000|  0%| F|  |TAMS 0x00000000b0400000, 0x00000000b0400000| Untracked 
| 773|0x00000000b0500000, 0x00000000b0500000, 0x00000000b0600000|  0%| F|  |TAMS 0x00000000b0500000, 0x00000000b0500000| Untracked 
| 774|0x00000000b0600000, 0x00000000b0600000, 0x00000000b0700000|  0%| F|  |TAMS 0x00000000b0600000, 0x00000000b0600000| Untracked 
| 775|0x00000000b0700000, 0x00000000b0700000, 0x00000000b0800000|  0%| F|  |TAMS 0x00000000b0700000, 0x00000000b0700000| Untracked 
| 776|0x00000000b0800000, 0x00000000b0800000, 0x00000000b0900000|  0%| F|  |TAMS 0x00000000b0800000, 0x00000000b0800000| Untracked 
| 777|0x00000000b0900000, 0x00000000b0900000, 0x00000000b0a00000|  0%| F|  |TAMS 0x00000000b0900000, 0x00000000b0900000| Untracked 
| 778|0x00000000b0a00000, 0x00000000b0a00000, 0x00000000b0b00000|  0%| F|  |TAMS 0x00000000b0a00000, 0x00000000b0a00000| Untracked 
| 779|0x00000000b0b00000, 0x00000000b0b00000, 0x00000000b0c00000|  0%| F|  |TAMS 0x00000000b0b00000, 0x00000000b0b00000| Untracked 
| 780|0x00000000b0c00000, 0x00000000b0c00000, 0x00000000b0d00000|  0%| F|  |TAMS 0x00000000b0c00000, 0x00000000b0c00000| Untracked 
| 781|0x00000000b0d00000, 0x00000000b0d00000, 0x00000000b0e00000|  0%| F|  |TAMS 0x00000000b0d00000, 0x00000000b0d00000| Untracked 
| 782|0x00000000b0e00000, 0x00000000b0e00000, 0x00000000b0f00000|  0%| F|  |TAMS 0x00000000b0e00000, 0x00000000b0e00000| Untracked 
| 783|0x00000000b0f00000, 0x00000000b0f00000, 0x00000000b1000000|  0%| F|  |TAMS 0x00000000b0f00000, 0x00000000b0f00000| Untracked 
| 784|0x00000000b1000000, 0x00000000b1000000, 0x00000000b1100000|  0%| F|  |TAMS 0x00000000b1000000, 0x00000000b1000000| Untracked 
| 785|0x00000000b1100000, 0x00000000b1100000, 0x00000000b1200000|  0%| F|  |TAMS 0x00000000b1100000, 0x00000000b1100000| Untracked 
| 786|0x00000000b1200000, 0x00000000b1200000, 0x00000000b1300000|  0%| F|  |TAMS 0x00000000b1200000, 0x00000000b1200000| Untracked 
| 787|0x00000000b1300000, 0x00000000b1300000, 0x00000000b1400000|  0%| F|  |TAMS 0x00000000b1300000, 0x00000000b1300000| Untracked 
| 788|0x00000000b1400000, 0x00000000b1400000, 0x00000000b1500000|  0%| F|  |TAMS 0x00000000b1400000, 0x00000000b1400000| Untracked 
| 789|0x00000000b1500000, 0x00000000b1500000, 0x00000000b1600000|  0%| F|  |TAMS 0x00000000b1500000, 0x00000000b1500000| Untracked 
| 790|0x00000000b1600000, 0x00000000b1600000, 0x00000000b1700000|  0%| F|  |TAMS 0x00000000b1600000, 0x00000000b1600000| Untracked 
| 791|0x00000000b1700000, 0x00000000b1700000, 0x00000000b1800000|  0%| F|  |TAMS 0x00000000b1700000, 0x00000000b1700000| Untracked 
| 792|0x00000000b1800000, 0x00000000b1800000, 0x00000000b1900000|  0%| F|  |TAMS 0x00000000b1800000, 0x00000000b1800000| Untracked 
| 793|0x00000000b1900000, 0x00000000b1900000, 0x00000000b1a00000|  0%| F|  |TAMS 0x00000000b1900000, 0x00000000b1900000| Untracked 
| 794|0x00000000b1a00000, 0x00000000b1a00000, 0x00000000b1b00000|  0%| F|  |TAMS 0x00000000b1a00000, 0x00000000b1a00000| Untracked 
| 795|0x00000000b1b00000, 0x00000000b1b00000, 0x00000000b1c00000|  0%| F|  |TAMS 0x00000000b1b00000, 0x00000000b1b00000| Untracked 
| 796|0x00000000b1c00000, 0x00000000b1c00000, 0x00000000b1d00000|  0%| F|  |TAMS 0x00000000b1c00000, 0x00000000b1c00000| Untracked 
| 797|0x00000000b1d00000, 0x00000000b1d00000, 0x00000000b1e00000|  0%| F|  |TAMS 0x00000000b1d00000, 0x00000000b1d00000| Untracked 
| 798|0x00000000b1e00000, 0x00000000b1e00000, 0x00000000b1f00000|  0%| F|  |TAMS 0x00000000b1e00000, 0x00000000b1e00000| Untracked 
| 799|0x00000000b1f00000, 0x00000000b1f00000, 0x00000000b2000000|  0%| F|  |TAMS 0x00000000b1f00000, 0x00000000b1f00000| Untracked 
| 800|0x00000000b2000000, 0x00000000b2000000, 0x00000000b2100000|  0%| F|  |TAMS 0x00000000b2000000, 0x00000000b2000000| Untracked 
| 801|0x00000000b2100000, 0x00000000b2100000, 0x00000000b2200000|  0%| F|  |TAMS 0x00000000b2100000, 0x00000000b2100000| Untracked 
| 802|0x00000000b2200000, 0x00000000b2200000, 0x00000000b2300000|  0%| F|  |TAMS 0x00000000b2200000, 0x00000000b2200000| Untracked 
| 803|0x00000000b2300000, 0x00000000b2300000, 0x00000000b2400000|  0%| F|  |TAMS 0x00000000b2300000, 0x00000000b2300000| Untracked 
| 804|0x00000000b2400000, 0x00000000b2400000, 0x00000000b2500000|  0%| F|  |TAMS 0x00000000b2400000, 0x00000000b2400000| Untracked 
| 805|0x00000000b2500000, 0x00000000b2500000, 0x00000000b2600000|  0%| F|  |TAMS 0x00000000b2500000, 0x00000000b2500000| Untracked 
| 806|0x00000000b2600000, 0x00000000b2600000, 0x00000000b2700000|  0%| F|  |TAMS 0x00000000b2600000, 0x00000000b2600000| Untracked 
| 807|0x00000000b2700000, 0x00000000b2700000, 0x00000000b2800000|  0%| F|  |TAMS 0x00000000b2700000, 0x00000000b2700000| Untracked 
| 808|0x00000000b2800000, 0x00000000b2800000, 0x00000000b2900000|  0%| F|  |TAMS 0x00000000b2800000, 0x00000000b2800000| Untracked 
| 809|0x00000000b2900000, 0x00000000b2900000, 0x00000000b2a00000|  0%| F|  |TAMS 0x00000000b2900000, 0x00000000b2900000| Untracked 
| 810|0x00000000b2a00000, 0x00000000b2a00000, 0x00000000b2b00000|  0%| F|  |TAMS 0x00000000b2a00000, 0x00000000b2a00000| Untracked 
| 811|0x00000000b2b00000, 0x00000000b2b00000, 0x00000000b2c00000|  0%| F|  |TAMS 0x00000000b2b00000, 0x00000000b2b00000| Untracked 
| 812|0x00000000b2c00000, 0x00000000b2c00000, 0x00000000b2d00000|  0%| F|  |TAMS 0x00000000b2c00000, 0x00000000b2c00000| Untracked 
| 813|0x00000000b2d00000, 0x00000000b2d00000, 0x00000000b2e00000|  0%| F|  |TAMS 0x00000000b2d00000, 0x00000000b2d00000| Untracked 
| 814|0x00000000b2e00000, 0x00000000b2e00000, 0x00000000b2f00000|  0%| F|  |TAMS 0x00000000b2e00000, 0x00000000b2e00000| Untracked 
| 815|0x00000000b2f00000, 0x00000000b2f00000, 0x00000000b3000000|  0%| F|  |TAMS 0x00000000b2f00000, 0x00000000b2f00000| Untracked 
| 816|0x00000000b3000000, 0x00000000b3000000, 0x00000000b3100000|  0%| F|  |TAMS 0x00000000b3000000, 0x00000000b3000000| Untracked 
| 817|0x00000000b3100000, 0x00000000b3100000, 0x00000000b3200000|  0%| F|  |TAMS 0x00000000b3100000, 0x00000000b3100000| Untracked 
| 818|0x00000000b3200000, 0x00000000b3200000, 0x00000000b3300000|  0%| F|  |TAMS 0x00000000b3200000, 0x00000000b3200000| Untracked 
| 819|0x00000000b3300000, 0x00000000b3300000, 0x00000000b3400000|  0%| F|  |TAMS 0x00000000b3300000, 0x00000000b3300000| Untracked 
| 820|0x00000000b3400000, 0x00000000b3400000, 0x00000000b3500000|  0%| F|  |TAMS 0x00000000b3400000, 0x00000000b3400000| Untracked 
| 821|0x00000000b3500000, 0x00000000b3500000, 0x00000000b3600000|  0%| F|  |TAMS 0x00000000b3500000, 0x00000000b3500000| Untracked 
| 822|0x00000000b3600000, 0x00000000b3600000, 0x00000000b3700000|  0%| F|  |TAMS 0x00000000b3600000, 0x00000000b3600000| Untracked 
| 823|0x00000000b3700000, 0x00000000b3700000, 0x00000000b3800000|  0%| F|  |TAMS 0x00000000b3700000, 0x00000000b3700000| Untracked 
| 824|0x00000000b3800000, 0x00000000b3800000, 0x00000000b3900000|  0%| F|  |TAMS 0x00000000b3800000, 0x00000000b3800000| Untracked 
| 825|0x00000000b3900000, 0x00000000b3900000, 0x00000000b3a00000|  0%| F|  |TAMS 0x00000000b3900000, 0x00000000b3900000| Untracked 
| 826|0x00000000b3a00000, 0x00000000b3a00000, 0x00000000b3b00000|  0%| F|  |TAMS 0x00000000b3a00000, 0x00000000b3a00000| Untracked 
| 827|0x00000000b3b00000, 0x00000000b3b00000, 0x00000000b3c00000|  0%| F|  |TAMS 0x00000000b3b00000, 0x00000000b3b00000| Untracked 
| 828|0x00000000b3c00000, 0x00000000b3c00000, 0x00000000b3d00000|  0%| F|  |TAMS 0x00000000b3c00000, 0x00000000b3c00000| Untracked 
| 829|0x00000000b3d00000, 0x00000000b3d00000, 0x00000000b3e00000|  0%| F|  |TAMS 0x00000000b3d00000, 0x00000000b3d00000| Untracked 
| 830|0x00000000b3e00000, 0x00000000b3e00000, 0x00000000b3f00000|  0%| F|  |TAMS 0x00000000b3e00000, 0x00000000b3e00000| Untracked 
| 831|0x00000000b3f00000, 0x00000000b3f00000, 0x00000000b4000000|  0%| F|  |TAMS 0x00000000b3f00000, 0x00000000b3f00000| Untracked 
| 832|0x00000000b4000000, 0x00000000b4000000, 0x00000000b4100000|  0%| F|  |TAMS 0x00000000b4000000, 0x00000000b4000000| Untracked 
| 833|0x00000000b4100000, 0x00000000b4100000, 0x00000000b4200000|  0%| F|  |TAMS 0x00000000b4100000, 0x00000000b4100000| Untracked 
| 834|0x00000000b4200000, 0x00000000b4200000, 0x00000000b4300000|  0%| F|  |TAMS 0x00000000b4200000, 0x00000000b4200000| Untracked 
| 835|0x00000000b4300000, 0x00000000b4300000, 0x00000000b4400000|  0%| F|  |TAMS 0x00000000b4300000, 0x00000000b4300000| Untracked 
| 836|0x00000000b4400000, 0x00000000b4400000, 0x00000000b4500000|  0%| F|  |TAMS 0x00000000b4400000, 0x00000000b4400000| Untracked 
| 837|0x00000000b4500000, 0x00000000b4500000, 0x00000000b4600000|  0%| F|  |TAMS 0x00000000b4500000, 0x00000000b4500000| Untracked 
| 838|0x00000000b4600000, 0x00000000b4600000, 0x00000000b4700000|  0%| F|  |TAMS 0x00000000b4600000, 0x00000000b4600000| Untracked 
| 839|0x00000000b4700000, 0x00000000b4700000, 0x00000000b4800000|  0%| F|  |TAMS 0x00000000b4700000, 0x00000000b4700000| Untracked 
| 840|0x00000000b4800000, 0x00000000b4800000, 0x00000000b4900000|  0%| F|  |TAMS 0x00000000b4800000, 0x00000000b4800000| Untracked 
| 841|0x00000000b4900000, 0x00000000b4900000, 0x00000000b4a00000|  0%| F|  |TAMS 0x00000000b4900000, 0x00000000b4900000| Untracked 
| 842|0x00000000b4a00000, 0x00000000b4a00000, 0x00000000b4b00000|  0%| F|  |TAMS 0x00000000b4a00000, 0x00000000b4a00000| Untracked 
| 843|0x00000000b4b00000, 0x00000000b4b00000, 0x00000000b4c00000|  0%| F|  |TAMS 0x00000000b4b00000, 0x00000000b4b00000| Untracked 
| 844|0x00000000b4c00000, 0x00000000b4c00000, 0x00000000b4d00000|  0%| F|  |TAMS 0x00000000b4c00000, 0x00000000b4c00000| Untracked 
| 845|0x00000000b4d00000, 0x00000000b4d00000, 0x00000000b4e00000|  0%| F|  |TAMS 0x00000000b4d00000, 0x00000000b4d00000| Untracked 
| 846|0x00000000b4e00000, 0x00000000b4e00000, 0x00000000b4f00000|  0%| F|  |TAMS 0x00000000b4e00000, 0x00000000b4e00000| Untracked 
| 847|0x00000000b4f00000, 0x00000000b4f00000, 0x00000000b5000000|  0%| F|  |TAMS 0x00000000b4f00000, 0x00000000b4f00000| Untracked 
| 848|0x00000000b5000000, 0x00000000b5000000, 0x00000000b5100000|  0%| F|  |TAMS 0x00000000b5000000, 0x00000000b5000000| Untracked 
| 849|0x00000000b5100000, 0x00000000b5100000, 0x00000000b5200000|  0%| F|  |TAMS 0x00000000b5100000, 0x00000000b5100000| Untracked 
| 850|0x00000000b5200000, 0x00000000b5300000, 0x00000000b5300000|100%| O|  |TAMS 0x00000000b5300000, 0x00000000b5200000| Untracked 
| 851|0x00000000b5300000, 0x00000000b5400000, 0x00000000b5400000|100%| O|  |TAMS 0x00000000b5400000, 0x00000000b5300000| Untracked 
| 852|0x00000000b5400000, 0x00000000b5500000, 0x00000000b5500000|100%| O|  |TAMS 0x00000000b5500000, 0x00000000b5400000| Untracked 
| 853|0x00000000b5500000, 0x00000000b5600000, 0x00000000b5600000|100%| O|  |TAMS 0x00000000b5600000, 0x00000000b5500000| Untracked 
| 854|0x00000000b5600000, 0x00000000b5700000, 0x00000000b5700000|100%| O|  |TAMS 0x00000000b5700000, 0x00000000b5600000| Untracked 
| 855|0x00000000b5700000, 0x00000000b5800000, 0x00000000b5800000|100%| O|  |TAMS 0x00000000b5800000, 0x00000000b5700000| Untracked 
| 856|0x00000000b5800000, 0x00000000b5900000, 0x00000000b5900000|100%| O|  |TAMS 0x00000000b5900000, 0x00000000b5800000| Untracked 
| 857|0x00000000b5900000, 0x00000000b5900000, 0x00000000b5a00000|  0%| F|  |TAMS 0x00000000b5900000, 0x00000000b5900000| Untracked 
| 858|0x00000000b5a00000, 0x00000000b5a00000, 0x00000000b5b00000|  0%| F|  |TAMS 0x00000000b5a00000, 0x00000000b5a00000| Untracked 
| 859|0x00000000b5b00000, 0x00000000b5c00000, 0x00000000b5c00000|100%| O|  |TAMS 0x00000000b5c00000, 0x00000000b5b00000| Complete 
| 860|0x00000000b5c00000, 0x00000000b5d00000, 0x00000000b5d00000|100%| O|  |TAMS 0x00000000b5d00000, 0x00000000b5c00000| Complete 
| 861|0x00000000b5d00000, 0x00000000b5e00000, 0x00000000b5e00000|100%| O|  |TAMS 0x00000000b5e00000, 0x00000000b5d00000| Complete 
| 862|0x00000000b5e00000, 0x00000000b5f00000, 0x00000000b5f00000|100%| O|  |TAMS 0x00000000b5f00000, 0x00000000b5e00000| Complete 
| 863|0x00000000b5f00000, 0x00000000b5f00000, 0x00000000b6000000|  0%| F|  |TAMS 0x00000000b5f00000, 0x00000000b5f00000| Untracked 
| 864|0x00000000b6000000, 0x00000000b6100000, 0x00000000b6100000|100%| O|  |TAMS 0x00000000b6100000, 0x00000000b6000000| Complete 
| 865|0x00000000b6100000, 0x00000000b6200000, 0x00000000b6200000|100%| O|  |TAMS 0x00000000b6200000, 0x00000000b6100000| Untracked 
| 866|0x00000000b6200000, 0x00000000b6300000, 0x00000000b6300000|100%| O|  |TAMS 0x00000000b6300000, 0x00000000b6200000| Untracked 
| 867|0x00000000b6300000, 0x00000000b6400000, 0x00000000b6400000|100%| O|  |TAMS 0x00000000b6400000, 0x00000000b6300000| Untracked 
| 868|0x00000000b6400000, 0x00000000b6500000, 0x00000000b6500000|100%| O|  |TAMS 0x00000000b6500000, 0x00000000b6400000| Untracked 
| 869|0x00000000b6500000, 0x00000000b6600000, 0x00000000b6600000|100%| O|  |TAMS 0x00000000b6600000, 0x00000000b6500000| Untracked 
| 870|0x00000000b6600000, 0x00000000b6700000, 0x00000000b6700000|100%| O|  |TAMS 0x00000000b6700000, 0x00000000b6600000| Untracked 
| 871|0x00000000b6700000, 0x00000000b6800000, 0x00000000b6800000|100%| O|  |TAMS 0x00000000b6800000, 0x00000000b6700000| Untracked 
| 872|0x00000000b6800000, 0x00000000b6900000, 0x00000000b6900000|100%| O|  |TAMS 0x00000000b6900000, 0x00000000b6800000| Untracked 
| 873|0x00000000b6900000, 0x00000000b6a00000, 0x00000000b6a00000|100%| O|  |TAMS 0x00000000b6a00000, 0x00000000b6900000| Untracked 
| 874|0x00000000b6a00000, 0x00000000b6b00000, 0x00000000b6b00000|100%| O|  |TAMS 0x00000000b6b00000, 0x00000000b6a00000| Untracked 
| 875|0x00000000b6b00000, 0x00000000b6c00000, 0x00000000b6c00000|100%| O|  |TAMS 0x00000000b6c00000, 0x00000000b6b00000| Untracked 
| 876|0x00000000b6c00000, 0x00000000b6d00000, 0x00000000b6d00000|100%| O|  |TAMS 0x00000000b6d00000, 0x00000000b6c00000| Untracked 
| 877|0x00000000b6d00000, 0x00000000b6e00000, 0x00000000b6e00000|100%| O|  |TAMS 0x00000000b6e00000, 0x00000000b6d00000| Untracked 
| 878|0x00000000b6e00000, 0x00000000b6f00000, 0x00000000b6f00000|100%| O|  |TAMS 0x00000000b6f00000, 0x00000000b6e00000| Untracked 
| 879|0x00000000b6f00000, 0x00000000b7000000, 0x00000000b7000000|100%| O|  |TAMS 0x00000000b7000000, 0x00000000b6f00000| Untracked 
| 880|0x00000000b7000000, 0x00000000b7100000, 0x00000000b7100000|100%| O|  |TAMS 0x00000000b7100000, 0x00000000b7000000| Untracked 
| 881|0x00000000b7100000, 0x00000000b7200000, 0x00000000b7200000|100%| O|  |TAMS 0x00000000b7200000, 0x00000000b7100000| Untracked 
| 882|0x00000000b7200000, 0x00000000b7300000, 0x00000000b7300000|100%| O|  |TAMS 0x00000000b7300000, 0x00000000b7200000| Untracked 
| 883|0x00000000b7300000, 0x00000000b7400000, 0x00000000b7400000|100%| O|  |TAMS 0x00000000b7400000, 0x00000000b7300000| Untracked 
| 884|0x00000000b7400000, 0x00000000b7500000, 0x00000000b7500000|100%| O|  |TAMS 0x00000000b7500000, 0x00000000b7400000| Untracked 
| 885|0x00000000b7500000, 0x00000000b7600000, 0x00000000b7600000|100%| O|  |TAMS 0x00000000b7600000, 0x00000000b7500000| Untracked 
| 886|0x00000000b7600000, 0x00000000b7700000, 0x00000000b7700000|100%| O|  |TAMS 0x00000000b7700000, 0x00000000b7600000| Untracked 
| 887|0x00000000b7700000, 0x00000000b7800000, 0x00000000b7800000|100%| O|  |TAMS 0x00000000b7800000, 0x00000000b7700000| Untracked 
| 888|0x00000000b7800000, 0x00000000b7900000, 0x00000000b7900000|100%| O|  |TAMS 0x00000000b7900000, 0x00000000b7800000| Untracked 
| 889|0x00000000b7900000, 0x00000000b7a00000, 0x00000000b7a00000|100%| O|  |TAMS 0x00000000b7a00000, 0x00000000b7900000| Untracked 
| 890|0x00000000b7a00000, 0x00000000b7b00000, 0x00000000b7b00000|100%| O|  |TAMS 0x00000000b7b00000, 0x00000000b7a00000| Untracked 
| 891|0x00000000b7b00000, 0x00000000b7c00000, 0x00000000b7c00000|100%| O|  |TAMS 0x00000000b7c00000, 0x00000000b7b00000| Untracked 
| 892|0x00000000b7c00000, 0x00000000b7d00000, 0x00000000b7d00000|100%| O|  |TAMS 0x00000000b7d00000, 0x00000000b7c00000| Untracked 
| 893|0x00000000b7d00000, 0x00000000b7e00000, 0x00000000b7e00000|100%| O|  |TAMS 0x00000000b7e00000, 0x00000000b7d00000| Untracked 
| 894|0x00000000b7e00000, 0x00000000b7f00000, 0x00000000b7f00000|100%| O|  |TAMS 0x00000000b7f00000, 0x00000000b7e00000| Untracked 
| 895|0x00000000b7f00000, 0x00000000b8000000, 0x00000000b8000000|100%| O|  |TAMS 0x00000000b8000000, 0x00000000b7f00000| Untracked 
| 896|0x00000000b8000000, 0x00000000b8100000, 0x00000000b8100000|100%| O|  |TAMS 0x00000000b8100000, 0x00000000b8000000| Untracked 
| 897|0x00000000b8100000, 0x00000000b8200000, 0x00000000b8200000|100%| O|  |TAMS 0x00000000b8200000, 0x00000000b8100000| Untracked 
| 898|0x00000000b8200000, 0x00000000b8300000, 0x00000000b8300000|100%| O|  |TAMS 0x00000000b8300000, 0x00000000b8200000| Untracked 
| 899|0x00000000b8300000, 0x00000000b8400000, 0x00000000b8400000|100%| O|  |TAMS 0x00000000b8400000, 0x00000000b8300000| Untracked 
| 900|0x00000000b8400000, 0x00000000b8500000, 0x00000000b8500000|100%| O|  |TAMS 0x00000000b8500000, 0x00000000b8400000| Untracked 
| 901|0x00000000b8500000, 0x00000000b8600000, 0x00000000b8600000|100%| O|  |TAMS 0x00000000b8600000, 0x00000000b8500000| Untracked 
| 902|0x00000000b8600000, 0x00000000b8700000, 0x00000000b8700000|100%| O|  |TAMS 0x00000000b8700000, 0x00000000b8600000| Untracked 
| 903|0x00000000b8700000, 0x00000000b8800000, 0x00000000b8800000|100%| O|  |TAMS 0x00000000b8800000, 0x00000000b8700000| Untracked 
| 904|0x00000000b8800000, 0x00000000b8900000, 0x00000000b8900000|100%| O|  |TAMS 0x00000000b8900000, 0x00000000b8800000| Untracked 
| 905|0x00000000b8900000, 0x00000000b8a00000, 0x00000000b8a00000|100%| O|  |TAMS 0x00000000b8a00000, 0x00000000b8900000| Untracked 
| 906|0x00000000b8a00000, 0x00000000b8b00000, 0x00000000b8b00000|100%| O|  |TAMS 0x00000000b8b00000, 0x00000000b8a00000| Untracked 
| 907|0x00000000b8b00000, 0x00000000b8c00000, 0x00000000b8c00000|100%| O|  |TAMS 0x00000000b8c00000, 0x00000000b8b00000| Untracked 
| 908|0x00000000b8c00000, 0x00000000b8d00000, 0x00000000b8d00000|100%| O|  |TAMS 0x00000000b8d00000, 0x00000000b8c00000| Untracked 
| 909|0x00000000b8d00000, 0x00000000b8e00000, 0x00000000b8e00000|100%| O|  |TAMS 0x00000000b8e00000, 0x00000000b8d00000| Untracked 
| 910|0x00000000b8e00000, 0x00000000b8f00000, 0x00000000b8f00000|100%| O|  |TAMS 0x00000000b8f00000, 0x00000000b8e00000| Untracked 
| 911|0x00000000b8f00000, 0x00000000b9000000, 0x00000000b9000000|100%| O|  |TAMS 0x00000000b9000000, 0x00000000b8f00000| Untracked 
| 912|0x00000000b9000000, 0x00000000b9100000, 0x00000000b9100000|100%| O|  |TAMS 0x00000000b9100000, 0x00000000b9000000| Untracked 
| 913|0x00000000b9100000, 0x00000000b9200000, 0x00000000b9200000|100%| O|  |TAMS 0x00000000b9200000, 0x00000000b9100000| Untracked 
| 914|0x00000000b9200000, 0x00000000b9300000, 0x00000000b9300000|100%| O|  |TAMS 0x00000000b9300000, 0x00000000b9200000| Untracked 
| 915|0x00000000b9300000, 0x00000000b9400000, 0x00000000b9400000|100%| O|  |TAMS 0x00000000b9400000, 0x00000000b9300000| Untracked 
| 916|0x00000000b9400000, 0x00000000b9500000, 0x00000000b9500000|100%| O|  |TAMS 0x00000000b9500000, 0x00000000b9400000| Untracked 
| 917|0x00000000b9500000, 0x00000000b9600000, 0x00000000b9600000|100%| O|  |TAMS 0x00000000b956ee00, 0x00000000b9500000| Untracked 
| 918|0x00000000b9600000, 0x00000000b9700000, 0x00000000b9700000|100%| O|  |TAMS 0x00000000b9600000, 0x00000000b9600000| Untracked 
| 919|0x00000000b9700000, 0x00000000b9800000, 0x00000000b9800000|100%| O|  |TAMS 0x00000000b9700000, 0x00000000b9700000| Untracked 
| 920|0x00000000b9800000, 0x00000000b9900000, 0x00000000b9900000|100%| O|  |TAMS 0x00000000b9800000, 0x00000000b9800000| Untracked 
| 921|0x00000000b9900000, 0x00000000b9a00000, 0x00000000b9a00000|100%| O|  |TAMS 0x00000000b9900000, 0x00000000b9900000| Untracked 
| 922|0x00000000b9a00000, 0x00000000b9b00000, 0x00000000b9b00000|100%| O|  |TAMS 0x00000000b9a00000, 0x00000000b9a00000| Untracked 
| 923|0x00000000b9b00000, 0x00000000b9c00000, 0x00000000b9c00000|100%| O|  |TAMS 0x00000000b9b00000, 0x00000000b9b00000| Untracked 
| 924|0x00000000b9c00000, 0x00000000b9d00000, 0x00000000b9d00000|100%| O|  |TAMS 0x00000000b9c00000, 0x00000000b9c00000| Untracked 
| 925|0x00000000b9d00000, 0x00000000b9e00000, 0x00000000b9e00000|100%| O|  |TAMS 0x00000000b9d00000, 0x00000000b9d00000| Untracked 
| 926|0x00000000b9e00000, 0x00000000b9f00000, 0x00000000b9f00000|100%| O|  |TAMS 0x00000000b9e00000, 0x00000000b9e00000| Untracked 
| 927|0x00000000b9f00000, 0x00000000ba000000, 0x00000000ba000000|100%| O|  |TAMS 0x00000000b9f00000, 0x00000000b9f00000| Untracked 
| 928|0x00000000ba000000, 0x00000000ba100000, 0x00000000ba100000|100%| O|  |TAMS 0x00000000ba000000, 0x00000000ba000000| Untracked 
| 929|0x00000000ba100000, 0x00000000ba200000, 0x00000000ba200000|100%| O|  |TAMS 0x00000000ba100000, 0x00000000ba100000| Untracked 
| 930|0x00000000ba200000, 0x00000000ba300000, 0x00000000ba300000|100%| O|  |TAMS 0x00000000ba200000, 0x00000000ba200000| Untracked 
| 931|0x00000000ba300000, 0x00000000ba400000, 0x00000000ba400000|100%| O|  |TAMS 0x00000000ba300000, 0x00000000ba300000| Untracked 
| 932|0x00000000ba400000, 0x00000000ba500000, 0x00000000ba500000|100%| O|  |TAMS 0x00000000ba400000, 0x00000000ba400000| Untracked 
| 933|0x00000000ba500000, 0x00000000ba600000, 0x00000000ba600000|100%| O|  |TAMS 0x00000000ba500000, 0x00000000ba500000| Untracked 
| 934|0x00000000ba600000, 0x00000000ba700000, 0x00000000ba700000|100%| O|  |TAMS 0x00000000ba600000, 0x00000000ba600000| Untracked 
| 935|0x00000000ba700000, 0x00000000ba800000, 0x00000000ba800000|100%| O|  |TAMS 0x00000000ba700000, 0x00000000ba700000| Untracked 
| 936|0x00000000ba800000, 0x00000000ba900000, 0x00000000ba900000|100%| O|  |TAMS 0x00000000ba800000, 0x00000000ba800000| Untracked 
| 937|0x00000000ba900000, 0x00000000ba900000, 0x00000000baa00000|  0%| F|  |TAMS 0x00000000ba900000, 0x00000000ba900000| Untracked 
| 938|0x00000000baa00000, 0x00000000baa00000, 0x00000000bab00000|  0%| F|  |TAMS 0x00000000baa00000, 0x00000000baa00000| Untracked 
| 939|0x00000000bab00000, 0x00000000bab00000, 0x00000000bac00000|  0%| F|  |TAMS 0x00000000bab00000, 0x00000000bab00000| Untracked 
| 940|0x00000000bac00000, 0x00000000bac00000, 0x00000000bad00000|  0%| F|  |TAMS 0x00000000bac00000, 0x00000000bac00000| Untracked 
| 941|0x00000000bad00000, 0x00000000bad00000, 0x00000000bae00000|  0%| F|  |TAMS 0x00000000bad00000, 0x00000000bad00000| Untracked 
| 942|0x00000000bae00000, 0x00000000bae00000, 0x00000000baf00000|  0%| F|  |TAMS 0x00000000bae00000, 0x00000000bae00000| Untracked 
| 943|0x00000000baf00000, 0x00000000baf00000, 0x00000000bb000000|  0%| F|  |TAMS 0x00000000baf00000, 0x00000000baf00000| Untracked 
| 944|0x00000000bb000000, 0x00000000bb000000, 0x00000000bb100000|  0%| F|  |TAMS 0x00000000bb000000, 0x00000000bb000000| Untracked 
| 945|0x00000000bb100000, 0x00000000bb100000, 0x00000000bb200000|  0%| F|  |TAMS 0x00000000bb100000, 0x00000000bb100000| Untracked 
| 946|0x00000000bb200000, 0x00000000bb200000, 0x00000000bb300000|  0%| F|  |TAMS 0x00000000bb200000, 0x00000000bb200000| Untracked 
| 947|0x00000000bb300000, 0x00000000bb300000, 0x00000000bb400000|  0%| F|  |TAMS 0x00000000bb300000, 0x00000000bb300000| Untracked 
| 948|0x00000000bb400000, 0x00000000bb400000, 0x00000000bb500000|  0%| F|  |TAMS 0x00000000bb400000, 0x00000000bb400000| Untracked 
| 949|0x00000000bb500000, 0x00000000bb500000, 0x00000000bb600000|  0%| F|  |TAMS 0x00000000bb500000, 0x00000000bb500000| Untracked 
| 950|0x00000000bb600000, 0x00000000bb600000, 0x00000000bb700000|  0%| F|  |TAMS 0x00000000bb600000, 0x00000000bb600000| Untracked 
| 951|0x00000000bb700000, 0x00000000bb700000, 0x00000000bb800000|  0%| F|  |TAMS 0x00000000bb700000, 0x00000000bb700000| Untracked 
| 952|0x00000000bb800000, 0x00000000bb800000, 0x00000000bb900000|  0%| F|  |TAMS 0x00000000bb800000, 0x00000000bb800000| Untracked 
| 953|0x00000000bb900000, 0x00000000bb900000, 0x00000000bba00000|  0%| F|  |TAMS 0x00000000bb900000, 0x00000000bb900000| Untracked 
| 954|0x00000000bba00000, 0x00000000bba00000, 0x00000000bbb00000|  0%| F|  |TAMS 0x00000000bba00000, 0x00000000bba00000| Untracked 
| 955|0x00000000bbb00000, 0x00000000bbb00000, 0x00000000bbc00000|  0%| F|  |TAMS 0x00000000bbb00000, 0x00000000bbb00000| Untracked 
| 956|0x00000000bbc00000, 0x00000000bbc00000, 0x00000000bbd00000|  0%| F|  |TAMS 0x00000000bbc00000, 0x00000000bbc00000| Untracked 
| 957|0x00000000bbd00000, 0x00000000bbd00000, 0x00000000bbe00000|  0%| F|  |TAMS 0x00000000bbd00000, 0x00000000bbd00000| Untracked 
| 958|0x00000000bbe00000, 0x00000000bbe00000, 0x00000000bbf00000|  0%| F|  |TAMS 0x00000000bbe00000, 0x00000000bbe00000| Untracked 
| 959|0x00000000bbf00000, 0x00000000bbf00000, 0x00000000bc000000|  0%| F|  |TAMS 0x00000000bbf00000, 0x00000000bbf00000| Untracked 
| 960|0x00000000bc000000, 0x00000000bc000000, 0x00000000bc100000|  0%| F|  |TAMS 0x00000000bc000000, 0x00000000bc000000| Untracked 
| 961|0x00000000bc100000, 0x00000000bc100000, 0x00000000bc200000|  0%| F|  |TAMS 0x00000000bc100000, 0x00000000bc100000| Untracked 
| 962|0x00000000bc200000, 0x00000000bc200000, 0x00000000bc300000|  0%| F|  |TAMS 0x00000000bc200000, 0x00000000bc200000| Untracked 
| 963|0x00000000bc300000, 0x00000000bc300000, 0x00000000bc400000|  0%| F|  |TAMS 0x00000000bc300000, 0x00000000bc300000| Untracked 
| 964|0x00000000bc400000, 0x00000000bc400000, 0x00000000bc500000|  0%| F|  |TAMS 0x00000000bc400000, 0x00000000bc400000| Untracked 
| 965|0x00000000bc500000, 0x00000000bc500000, 0x00000000bc600000|  0%| F|  |TAMS 0x00000000bc500000, 0x00000000bc500000| Untracked 
| 966|0x00000000bc600000, 0x00000000bc600000, 0x00000000bc700000|  0%| F|  |TAMS 0x00000000bc600000, 0x00000000bc600000| Untracked 
| 967|0x00000000bc700000, 0x00000000bc700000, 0x00000000bc800000|  0%| F|  |TAMS 0x00000000bc700000, 0x00000000bc700000| Untracked 
| 968|0x00000000bc800000, 0x00000000bc800000, 0x00000000bc900000|  0%| F|  |TAMS 0x00000000bc800000, 0x00000000bc800000| Untracked 
| 969|0x00000000bc900000, 0x00000000bc900000, 0x00000000bca00000|  0%| F|  |TAMS 0x00000000bc900000, 0x00000000bc900000| Untracked 
| 970|0x00000000bca00000, 0x00000000bca00000, 0x00000000bcb00000|  0%| F|  |TAMS 0x00000000bca00000, 0x00000000bca00000| Untracked 
| 971|0x00000000bcb00000, 0x00000000bcb00000, 0x00000000bcc00000|  0%| F|  |TAMS 0x00000000bcb00000, 0x00000000bcb00000| Untracked 
| 972|0x00000000bcc00000, 0x00000000bcc00000, 0x00000000bcd00000|  0%| F|  |TAMS 0x00000000bcc00000, 0x00000000bcc00000| Untracked 
| 973|0x00000000bcd00000, 0x00000000bcd00000, 0x00000000bce00000|  0%| F|  |TAMS 0x00000000bcd00000, 0x00000000bcd00000| Untracked 
| 974|0x00000000bce00000, 0x00000000bce00000, 0x00000000bcf00000|  0%| F|  |TAMS 0x00000000bce00000, 0x00000000bce00000| Untracked 
| 975|0x00000000bcf00000, 0x00000000bcf00000, 0x00000000bd000000|  0%| F|  |TAMS 0x00000000bcf00000, 0x00000000bcf00000| Untracked 
| 976|0x00000000bd000000, 0x00000000bd000000, 0x00000000bd100000|  0%| F|  |TAMS 0x00000000bd000000, 0x00000000bd000000| Untracked 
| 977|0x00000000bd100000, 0x00000000bd100000, 0x00000000bd200000|  0%| F|  |TAMS 0x00000000bd100000, 0x00000000bd100000| Untracked 
| 978|0x00000000bd200000, 0x00000000bd200000, 0x00000000bd300000|  0%| F|  |TAMS 0x00000000bd200000, 0x00000000bd200000| Untracked 
| 979|0x00000000bd300000, 0x00000000bd300000, 0x00000000bd400000|  0%| F|  |TAMS 0x00000000bd300000, 0x00000000bd300000| Untracked 
| 980|0x00000000bd400000, 0x00000000bd400000, 0x00000000bd500000|  0%| F|  |TAMS 0x00000000bd400000, 0x00000000bd400000| Untracked 
| 981|0x00000000bd500000, 0x00000000bd500000, 0x00000000bd600000|  0%| F|  |TAMS 0x00000000bd500000, 0x00000000bd500000| Untracked 
| 982|0x00000000bd600000, 0x00000000bd600000, 0x00000000bd700000|  0%| F|  |TAMS 0x00000000bd600000, 0x00000000bd600000| Untracked 
| 983|0x00000000bd700000, 0x00000000bd700000, 0x00000000bd800000|  0%| F|  |TAMS 0x00000000bd700000, 0x00000000bd700000| Untracked 
| 984|0x00000000bd800000, 0x00000000bd800000, 0x00000000bd900000|  0%| F|  |TAMS 0x00000000bd800000, 0x00000000bd800000| Untracked 
| 985|0x00000000bd900000, 0x00000000bd900000, 0x00000000bda00000|  0%| F|  |TAMS 0x00000000bd900000, 0x00000000bd900000| Untracked 
| 986|0x00000000bda00000, 0x00000000bda00000, 0x00000000bdb00000|  0%| F|  |TAMS 0x00000000bda00000, 0x00000000bda00000| Untracked 
| 987|0x00000000bdb00000, 0x00000000bdb00000, 0x00000000bdc00000|  0%| F|  |TAMS 0x00000000bdb00000, 0x00000000bdb00000| Untracked 
| 988|0x00000000bdc00000, 0x00000000bdc00000, 0x00000000bdd00000|  0%| F|  |TAMS 0x00000000bdc00000, 0x00000000bdc00000| Untracked 
| 989|0x00000000bdd00000, 0x00000000bdd00000, 0x00000000bde00000|  0%| F|  |TAMS 0x00000000bdd00000, 0x00000000bdd00000| Untracked 
| 990|0x00000000bde00000, 0x00000000bde00000, 0x00000000bdf00000|  0%| F|  |TAMS 0x00000000bde00000, 0x00000000bde00000| Untracked 
| 991|0x00000000bdf00000, 0x00000000bdf00000, 0x00000000be000000|  0%| F|  |TAMS 0x00000000bdf00000, 0x00000000bdf00000| Untracked 
| 992|0x00000000be000000, 0x00000000be000000, 0x00000000be100000|  0%| F|  |TAMS 0x00000000be000000, 0x00000000be000000| Untracked 
| 993|0x00000000be100000, 0x00000000be100000, 0x00000000be200000|  0%| F|  |TAMS 0x00000000be100000, 0x00000000be100000| Untracked 
| 994|0x00000000be200000, 0x00000000be200000, 0x00000000be300000|  0%| F|  |TAMS 0x00000000be200000, 0x00000000be200000| Untracked 
| 995|0x00000000be300000, 0x00000000be300000, 0x00000000be400000|  0%| F|  |TAMS 0x00000000be300000, 0x00000000be300000| Untracked 
| 996|0x00000000be400000, 0x00000000be400000, 0x00000000be500000|  0%| F|  |TAMS 0x00000000be400000, 0x00000000be400000| Untracked 
| 997|0x00000000be500000, 0x00000000be500000, 0x00000000be600000|  0%| F|  |TAMS 0x00000000be500000, 0x00000000be500000| Untracked 
| 998|0x00000000be600000, 0x00000000be600000, 0x00000000be700000|  0%| F|  |TAMS 0x00000000be600000, 0x00000000be600000| Untracked 
| 999|0x00000000be700000, 0x00000000be800000, 0x00000000be800000|100%| O|  |TAMS 0x00000000be700000, 0x00000000be700000| Untracked 
|1000|0x00000000be800000, 0x00000000be900000, 0x00000000be900000|100%| O|  |TAMS 0x00000000be800000, 0x00000000be800000| Untracked 
|1001|0x00000000be900000, 0x00000000bea00000, 0x00000000bea00000|100%| O|  |TAMS 0x00000000be900000, 0x00000000be900000| Untracked 
|1002|0x00000000bea00000, 0x00000000beb00000, 0x00000000beb00000|100%| O|  |TAMS 0x00000000bea00000, 0x00000000bea00000| Untracked 
|1003|0x00000000beb00000, 0x00000000bec00000, 0x00000000bec00000|100%| O|  |TAMS 0x00000000beb00000, 0x00000000beb00000| Untracked 
|1004|0x00000000bec00000, 0x00000000bed00000, 0x00000000bed00000|100%| O|  |TAMS 0x00000000bec00000, 0x00000000bec00000| Untracked 
|1005|0x00000000bed00000, 0x00000000bee00000, 0x00000000bee00000|100%| O|  |TAMS 0x00000000bed00000, 0x00000000bed00000| Untracked 
|1006|0x00000000bee00000, 0x00000000bef00000, 0x00000000bef00000|100%| O|  |TAMS 0x00000000bee00000, 0x00000000bee00000| Untracked 
|1007|0x00000000bef00000, 0x00000000bf000000, 0x00000000bf000000|100%| O|  |TAMS 0x00000000bef00000, 0x00000000bef00000| Untracked 
|1008|0x00000000bf000000, 0x00000000bf100000, 0x00000000bf100000|100%| O|  |TAMS 0x00000000bf000000, 0x00000000bf000000| Untracked 
|1009|0x00000000bf100000, 0x00000000bf200000, 0x00000000bf200000|100%| O|  |TAMS 0x00000000bf100000, 0x00000000bf100000| Untracked 
|1010|0x00000000bf200000, 0x00000000bf300000, 0x00000000bf300000|100%| O|  |TAMS 0x00000000bf200000, 0x00000000bf200000| Untracked 
|1011|0x00000000bf300000, 0x00000000bf400000, 0x00000000bf400000|100%| O|  |TAMS 0x00000000bf300000, 0x00000000bf300000| Untracked 
|1012|0x00000000bf400000, 0x00000000bf500000, 0x00000000bf500000|100%| O|  |TAMS 0x00000000bf400000, 0x00000000bf400000| Untracked 
|1013|0x00000000bf500000, 0x00000000bf600000, 0x00000000bf600000|100%| O|  |TAMS 0x00000000bf500000, 0x00000000bf500000| Untracked 
|1014|0x00000000bf600000, 0x00000000bf600000, 0x00000000bf700000|  0%| F|  |TAMS 0x00000000bf600000, 0x00000000bf600000| Untracked 
|1015|0x00000000bf700000, 0x00000000bf700000, 0x00000000bf800000|  0%| F|  |TAMS 0x00000000bf700000, 0x00000000bf700000| Untracked 
|1016|0x00000000bf800000, 0x00000000bf800000, 0x00000000bf900000|  0%| F|  |TAMS 0x00000000bf800000, 0x00000000bf800000| Untracked 
|1017|0x00000000bf900000, 0x00000000bf900000, 0x00000000bfa00000|  0%| F|  |TAMS 0x00000000bf900000, 0x00000000bf900000| Untracked 
|1018|0x00000000bfa00000, 0x00000000bfa00000, 0x00000000bfb00000|  0%| F|  |TAMS 0x00000000bfa00000, 0x00000000bfa00000| Untracked 
|1019|0x00000000bfb00000, 0x00000000bfb00000, 0x00000000bfc00000|  0%| F|  |TAMS 0x00000000bfb00000, 0x00000000bfb00000| Untracked 
|1020|0x00000000bfc00000, 0x00000000bfc00000, 0x00000000bfd00000|  0%| F|  |TAMS 0x00000000bfc00000, 0x00000000bfc00000| Untracked 
|1021|0x00000000bfd00000, 0x00000000bfd00000, 0x00000000bfe00000|  0%| F|  |TAMS 0x00000000bfd00000, 0x00000000bfd00000| Untracked 
|1022|0x00000000bfe00000, 0x00000000bfe00000, 0x00000000bff00000|  0%| F|  |TAMS 0x00000000bfe00000, 0x00000000bfe00000| Untracked 
|1023|0x00000000bff00000, 0x00000000bff00000, 0x00000000c0000000|  0%| F|  |TAMS 0x00000000bff00000, 0x00000000bff00000| Untracked 
|1024|0x00000000c0000000, 0x00000000c0000000, 0x00000000c0100000|  0%| F|  |TAMS 0x00000000c0000000, 0x00000000c0000000| Untracked 
|1025|0x00000000c0100000, 0x00000000c0100000, 0x00000000c0200000|  0%| F|  |TAMS 0x00000000c0100000, 0x00000000c0100000| Untracked 
|1026|0x00000000c0200000, 0x00000000c0200000, 0x00000000c0300000|  0%| F|  |TAMS 0x00000000c0200000, 0x00000000c0200000| Untracked 
|1027|0x00000000c0300000, 0x00000000c0300000, 0x00000000c0400000|  0%| F|  |TAMS 0x00000000c0300000, 0x00000000c0300000| Untracked 
|1028|0x00000000c0400000, 0x00000000c0400000, 0x00000000c0500000|  0%| F|  |TAMS 0x00000000c0400000, 0x00000000c0400000| Untracked 
|1029|0x00000000c0500000, 0x00000000c0500000, 0x00000000c0600000|  0%| F|  |TAMS 0x00000000c0500000, 0x00000000c0500000| Untracked 
|1030|0x00000000c0600000, 0x00000000c0600000, 0x00000000c0700000|  0%| F|  |TAMS 0x00000000c0600000, 0x00000000c0600000| Untracked 
|1031|0x00000000c0700000, 0x00000000c0700000, 0x00000000c0800000|  0%| F|  |TAMS 0x00000000c0700000, 0x00000000c0700000| Untracked 
|1032|0x00000000c0800000, 0x00000000c0800000, 0x00000000c0900000|  0%| F|  |TAMS 0x00000000c0800000, 0x00000000c0800000| Untracked 
|1033|0x00000000c0900000, 0x00000000c0900000, 0x00000000c0a00000|  0%| F|  |TAMS 0x00000000c0900000, 0x00000000c0900000| Untracked 
|1034|0x00000000c0a00000, 0x00000000c0a00000, 0x00000000c0b00000|  0%| F|  |TAMS 0x00000000c0a00000, 0x00000000c0a00000| Untracked 
|1035|0x00000000c0b00000, 0x00000000c0b00000, 0x00000000c0c00000|  0%| F|  |TAMS 0x00000000c0b00000, 0x00000000c0b00000| Untracked 
|1036|0x00000000c0c00000, 0x00000000c0c00000, 0x00000000c0d00000|  0%| F|  |TAMS 0x00000000c0c00000, 0x00000000c0c00000| Untracked 
|1037|0x00000000c0d00000, 0x00000000c0d00000, 0x00000000c0e00000|  0%| F|  |TAMS 0x00000000c0d00000, 0x00000000c0d00000| Untracked 
|1038|0x00000000c0e00000, 0x00000000c0e00000, 0x00000000c0f00000|  0%| F|  |TAMS 0x00000000c0e00000, 0x00000000c0e00000| Untracked 
|1039|0x00000000c0f00000, 0x00000000c0f00000, 0x00000000c1000000|  0%| F|  |TAMS 0x00000000c0f00000, 0x00000000c0f00000| Untracked 
|1040|0x00000000c1000000, 0x00000000c1000000, 0x00000000c1100000|  0%| F|  |TAMS 0x00000000c1000000, 0x00000000c1000000| Untracked 
|1041|0x00000000c1100000, 0x00000000c1100000, 0x00000000c1200000|  0%| F|  |TAMS 0x00000000c1100000, 0x00000000c1100000| Untracked 
|1042|0x00000000c1200000, 0x00000000c1200000, 0x00000000c1300000|  0%| F|  |TAMS 0x00000000c1200000, 0x00000000c1200000| Untracked 
|1043|0x00000000c1300000, 0x00000000c1300000, 0x00000000c1400000|  0%| F|  |TAMS 0x00000000c1300000, 0x00000000c1300000| Untracked 
|1044|0x00000000c1400000, 0x00000000c1400000, 0x00000000c1500000|  0%| F|  |TAMS 0x00000000c1400000, 0x00000000c1400000| Untracked 
|1045|0x00000000c1500000, 0x00000000c1500000, 0x00000000c1600000|  0%| F|  |TAMS 0x00000000c1500000, 0x00000000c1500000| Untracked 
|1046|0x00000000c1600000, 0x00000000c1600000, 0x00000000c1700000|  0%| F|  |TAMS 0x00000000c1600000, 0x00000000c1600000| Untracked 
|1047|0x00000000c1700000, 0x00000000c1700000, 0x00000000c1800000|  0%| F|  |TAMS 0x00000000c1700000, 0x00000000c1700000| Untracked 
|1048|0x00000000c1800000, 0x00000000c1800000, 0x00000000c1900000|  0%| F|  |TAMS 0x00000000c1800000, 0x00000000c1800000| Untracked 
|1049|0x00000000c1900000, 0x00000000c1900000, 0x00000000c1a00000|  0%| F|  |TAMS 0x00000000c1900000, 0x00000000c1900000| Untracked 
|1050|0x00000000c1a00000, 0x00000000c1a00000, 0x00000000c1b00000|  0%| F|  |TAMS 0x00000000c1a00000, 0x00000000c1a00000| Untracked 
|1051|0x00000000c1b00000, 0x00000000c1b00000, 0x00000000c1c00000|  0%| F|  |TAMS 0x00000000c1b00000, 0x00000000c1b00000| Untracked 
|1052|0x00000000c1c00000, 0x00000000c1c00000, 0x00000000c1d00000|  0%| F|  |TAMS 0x00000000c1c00000, 0x00000000c1c00000| Untracked 
|1053|0x00000000c1d00000, 0x00000000c1d00000, 0x00000000c1e00000|  0%| F|  |TAMS 0x00000000c1d00000, 0x00000000c1d00000| Untracked 
|1054|0x00000000c1e00000, 0x00000000c1e00000, 0x00000000c1f00000|  0%| F|  |TAMS 0x00000000c1e00000, 0x00000000c1e00000| Untracked 
|1055|0x00000000c1f00000, 0x00000000c1f00000, 0x00000000c2000000|  0%| F|  |TAMS 0x00000000c1f00000, 0x00000000c1f00000| Untracked 
|1056|0x00000000c2000000, 0x00000000c2000000, 0x00000000c2100000|  0%| F|  |TAMS 0x00000000c2000000, 0x00000000c2000000| Untracked 
|1057|0x00000000c2100000, 0x00000000c2100000, 0x00000000c2200000|  0%| F|  |TAMS 0x00000000c2100000, 0x00000000c2100000| Untracked 
|1058|0x00000000c2200000, 0x00000000c2200000, 0x00000000c2300000|  0%| F|  |TAMS 0x00000000c2200000, 0x00000000c2200000| Untracked 
|1059|0x00000000c2300000, 0x00000000c2300000, 0x00000000c2400000|  0%| F|  |TAMS 0x00000000c2300000, 0x00000000c2300000| Untracked 
|1060|0x00000000c2400000, 0x00000000c2400000, 0x00000000c2500000|  0%| F|  |TAMS 0x00000000c2400000, 0x00000000c2400000| Untracked 
|1061|0x00000000c2500000, 0x00000000c2500000, 0x00000000c2600000|  0%| F|  |TAMS 0x00000000c2500000, 0x00000000c2500000| Untracked 
|1062|0x00000000c2600000, 0x00000000c2600000, 0x00000000c2700000|  0%| F|  |TAMS 0x00000000c2600000, 0x00000000c2600000| Untracked 
|1063|0x00000000c2700000, 0x00000000c2700000, 0x00000000c2800000|  0%| F|  |TAMS 0x00000000c2700000, 0x00000000c2700000| Untracked 
|1064|0x00000000c2800000, 0x00000000c2800000, 0x00000000c2900000|  0%| F|  |TAMS 0x00000000c2800000, 0x00000000c2800000| Untracked 
|1065|0x00000000c2900000, 0x00000000c2900000, 0x00000000c2a00000|  0%| F|  |TAMS 0x00000000c2900000, 0x00000000c2900000| Untracked 
|1066|0x00000000c2a00000, 0x00000000c2a00000, 0x00000000c2b00000|  0%| F|  |TAMS 0x00000000c2a00000, 0x00000000c2a00000| Untracked 
|1067|0x00000000c2b00000, 0x00000000c2b00000, 0x00000000c2c00000|  0%| F|  |TAMS 0x00000000c2b00000, 0x00000000c2b00000| Untracked 
|1068|0x00000000c2c00000, 0x00000000c2c00000, 0x00000000c2d00000|  0%| F|  |TAMS 0x00000000c2c00000, 0x00000000c2c00000| Untracked 
|1069|0x00000000c2d00000, 0x00000000c2d00000, 0x00000000c2e00000|  0%| F|  |TAMS 0x00000000c2d00000, 0x00000000c2d00000| Untracked 
|1070|0x00000000c2e00000, 0x00000000c2e00000, 0x00000000c2f00000|  0%| F|  |TAMS 0x00000000c2e00000, 0x00000000c2e00000| Untracked 
|1071|0x00000000c2f00000, 0x00000000c2f00000, 0x00000000c3000000|  0%| F|  |TAMS 0x00000000c2f00000, 0x00000000c2f00000| Untracked 
|1072|0x00000000c3000000, 0x00000000c3000000, 0x00000000c3100000|  0%| F|  |TAMS 0x00000000c3000000, 0x00000000c3000000| Untracked 
|1073|0x00000000c3100000, 0x00000000c3100000, 0x00000000c3200000|  0%| F|  |TAMS 0x00000000c3100000, 0x00000000c3100000| Untracked 
|1074|0x00000000c3200000, 0x00000000c3200000, 0x00000000c3300000|  0%| F|  |TAMS 0x00000000c3200000, 0x00000000c3200000| Untracked 
|1075|0x00000000c3300000, 0x00000000c3300000, 0x00000000c3400000|  0%| F|  |TAMS 0x00000000c3300000, 0x00000000c3300000| Untracked 
|1076|0x00000000c3400000, 0x00000000c3400000, 0x00000000c3500000|  0%| F|  |TAMS 0x00000000c3400000, 0x00000000c3400000| Untracked 
|1077|0x00000000c3500000, 0x00000000c3500000, 0x00000000c3600000|  0%| F|  |TAMS 0x00000000c3500000, 0x00000000c3500000| Untracked 
|1078|0x00000000c3600000, 0x00000000c3600000, 0x00000000c3700000|  0%| F|  |TAMS 0x00000000c3600000, 0x00000000c3600000| Untracked 
|1079|0x00000000c3700000, 0x00000000c3700000, 0x00000000c3800000|  0%| F|  |TAMS 0x00000000c3700000, 0x00000000c3700000| Untracked 
|1080|0x00000000c3800000, 0x00000000c3800000, 0x00000000c3900000|  0%| F|  |TAMS 0x00000000c3800000, 0x00000000c3800000| Untracked 
|1081|0x00000000c3900000, 0x00000000c3900000, 0x00000000c3a00000|  0%| F|  |TAMS 0x00000000c3900000, 0x00000000c3900000| Untracked 
|1082|0x00000000c3a00000, 0x00000000c3a00000, 0x00000000c3b00000|  0%| F|  |TAMS 0x00000000c3a00000, 0x00000000c3a00000| Untracked 
|1083|0x00000000c3b00000, 0x00000000c3b00000, 0x00000000c3c00000|  0%| F|  |TAMS 0x00000000c3b00000, 0x00000000c3b00000| Untracked 
|1084|0x00000000c3c00000, 0x00000000c3c00000, 0x00000000c3d00000|  0%| F|  |TAMS 0x00000000c3c00000, 0x00000000c3c00000| Untracked 
|1085|0x00000000c3d00000, 0x00000000c3d00000, 0x00000000c3e00000|  0%| F|  |TAMS 0x00000000c3d00000, 0x00000000c3d00000| Untracked 
|1086|0x00000000c3e00000, 0x00000000c3e00000, 0x00000000c3f00000|  0%| F|  |TAMS 0x00000000c3e00000, 0x00000000c3e00000| Untracked 
|1087|0x00000000c3f00000, 0x00000000c3f00000, 0x00000000c4000000|  0%| F|  |TAMS 0x00000000c3f00000, 0x00000000c3f00000| Untracked 
|1088|0x00000000c4000000, 0x00000000c4000000, 0x00000000c4100000|  0%| F|  |TAMS 0x00000000c4000000, 0x00000000c4000000| Untracked 
|1089|0x00000000c4100000, 0x00000000c4100000, 0x00000000c4200000|  0%| F|  |TAMS 0x00000000c4100000, 0x00000000c4100000| Untracked 
|1090|0x00000000c4200000, 0x00000000c4200000, 0x00000000c4300000|  0%| F|  |TAMS 0x00000000c4200000, 0x00000000c4200000| Untracked 
|1091|0x00000000c4300000, 0x00000000c4300000, 0x00000000c4400000|  0%| F|  |TAMS 0x00000000c4300000, 0x00000000c4300000| Untracked 
|1092|0x00000000c4400000, 0x00000000c4400000, 0x00000000c4500000|  0%| F|  |TAMS 0x00000000c4400000, 0x00000000c4400000| Untracked 
|1093|0x00000000c4500000, 0x00000000c4500000, 0x00000000c4600000|  0%| F|  |TAMS 0x00000000c4500000, 0x00000000c4500000| Untracked 
|1094|0x00000000c4600000, 0x00000000c4600000, 0x00000000c4700000|  0%| F|  |TAMS 0x00000000c4600000, 0x00000000c4600000| Untracked 
|1095|0x00000000c4700000, 0x00000000c4700000, 0x00000000c4800000|  0%| F|  |TAMS 0x00000000c4700000, 0x00000000c4700000| Untracked 
|1096|0x00000000c4800000, 0x00000000c4800000, 0x00000000c4900000|  0%| F|  |TAMS 0x00000000c4800000, 0x00000000c4800000| Untracked 
|1097|0x00000000c4900000, 0x00000000c4900000, 0x00000000c4a00000|  0%| F|  |TAMS 0x00000000c4900000, 0x00000000c4900000| Untracked 
|1098|0x00000000c4a00000, 0x00000000c4a00000, 0x00000000c4b00000|  0%| F|  |TAMS 0x00000000c4a00000, 0x00000000c4a00000| Untracked 
|1099|0x00000000c4b00000, 0x00000000c4b00000, 0x00000000c4c00000|  0%| F|  |TAMS 0x00000000c4b00000, 0x00000000c4b00000| Untracked 
|1100|0x00000000c4c00000, 0x00000000c4c00000, 0x00000000c4d00000|  0%| F|  |TAMS 0x00000000c4c00000, 0x00000000c4c00000| Untracked 
|1101|0x00000000c4d00000, 0x00000000c4d00000, 0x00000000c4e00000|  0%| F|  |TAMS 0x00000000c4d00000, 0x00000000c4d00000| Untracked 
|1102|0x00000000c4e00000, 0x00000000c4e00000, 0x00000000c4f00000|  0%| F|  |TAMS 0x00000000c4e00000, 0x00000000c4e00000| Untracked 
|1103|0x00000000c4f00000, 0x00000000c4f00000, 0x00000000c5000000|  0%| F|  |TAMS 0x00000000c4f00000, 0x00000000c4f00000| Untracked 
|1104|0x00000000c5000000, 0x00000000c5000000, 0x00000000c5100000|  0%| F|  |TAMS 0x00000000c5000000, 0x00000000c5000000| Untracked 
|1105|0x00000000c5100000, 0x00000000c5100000, 0x00000000c5200000|  0%| F|  |TAMS 0x00000000c5100000, 0x00000000c5100000| Untracked 
|1106|0x00000000c5200000, 0x00000000c5200000, 0x00000000c5300000|  0%| F|  |TAMS 0x00000000c5200000, 0x00000000c5200000| Untracked 
|1107|0x00000000c5300000, 0x00000000c5300000, 0x00000000c5400000|  0%| F|  |TAMS 0x00000000c5300000, 0x00000000c5300000| Untracked 
|1108|0x00000000c5400000, 0x00000000c5400000, 0x00000000c5500000|  0%| F|  |TAMS 0x00000000c5400000, 0x00000000c5400000| Untracked 
|1109|0x00000000c5500000, 0x00000000c5500000, 0x00000000c5600000|  0%| F|  |TAMS 0x00000000c5500000, 0x00000000c5500000| Untracked 
|1110|0x00000000c5600000, 0x00000000c5600000, 0x00000000c5700000|  0%| F|  |TAMS 0x00000000c5600000, 0x00000000c5600000| Untracked 
|1111|0x00000000c5700000, 0x00000000c5700000, 0x00000000c5800000|  0%| F|  |TAMS 0x00000000c5700000, 0x00000000c5700000| Untracked 
|1112|0x00000000c5800000, 0x00000000c5800000, 0x00000000c5900000|  0%| F|  |TAMS 0x00000000c5800000, 0x00000000c5800000| Untracked 
|1113|0x00000000c5900000, 0x00000000c5900000, 0x00000000c5a00000|  0%| F|  |TAMS 0x00000000c5900000, 0x00000000c5900000| Untracked 
|1114|0x00000000c5a00000, 0x00000000c5a00000, 0x00000000c5b00000|  0%| F|  |TAMS 0x00000000c5a00000, 0x00000000c5a00000| Untracked 
|1115|0x00000000c5b00000, 0x00000000c5b00000, 0x00000000c5c00000|  0%| F|  |TAMS 0x00000000c5b00000, 0x00000000c5b00000| Untracked 
|1116|0x00000000c5c00000, 0x00000000c5c00000, 0x00000000c5d00000|  0%| F|  |TAMS 0x00000000c5c00000, 0x00000000c5c00000| Untracked 
|1117|0x00000000c5d00000, 0x00000000c5d00000, 0x00000000c5e00000|  0%| F|  |TAMS 0x00000000c5d00000, 0x00000000c5d00000| Untracked 
|1118|0x00000000c5e00000, 0x00000000c5e00000, 0x00000000c5f00000|  0%| F|  |TAMS 0x00000000c5e00000, 0x00000000c5e00000| Untracked 
|1119|0x00000000c5f00000, 0x00000000c5f00000, 0x00000000c6000000|  0%| F|  |TAMS 0x00000000c5f00000, 0x00000000c5f00000| Untracked 
|1120|0x00000000c6000000, 0x00000000c6000000, 0x00000000c6100000|  0%| F|  |TAMS 0x00000000c6000000, 0x00000000c6000000| Untracked 
|1121|0x00000000c6100000, 0x00000000c6100000, 0x00000000c6200000|  0%| F|  |TAMS 0x00000000c6100000, 0x00000000c6100000| Untracked 
|1122|0x00000000c6200000, 0x00000000c6200000, 0x00000000c6300000|  0%| F|  |TAMS 0x00000000c6200000, 0x00000000c6200000| Untracked 
|1123|0x00000000c6300000, 0x00000000c6300000, 0x00000000c6400000|  0%| F|  |TAMS 0x00000000c6300000, 0x00000000c6300000| Untracked 
|1124|0x00000000c6400000, 0x00000000c6400000, 0x00000000c6500000|  0%| F|  |TAMS 0x00000000c6400000, 0x00000000c6400000| Untracked 
|1125|0x00000000c6500000, 0x00000000c6500000, 0x00000000c6600000|  0%| F|  |TAMS 0x00000000c6500000, 0x00000000c6500000| Untracked 
|1126|0x00000000c6600000, 0x00000000c6600000, 0x00000000c6700000|  0%| F|  |TAMS 0x00000000c6600000, 0x00000000c6600000| Untracked 
|1127|0x00000000c6700000, 0x00000000c6700000, 0x00000000c6800000|  0%| F|  |TAMS 0x00000000c6700000, 0x00000000c6700000| Untracked 
|1128|0x00000000c6800000, 0x00000000c6800000, 0x00000000c6900000|  0%| F|  |TAMS 0x00000000c6800000, 0x00000000c6800000| Untracked 
|1129|0x00000000c6900000, 0x00000000c6900000, 0x00000000c6a00000|  0%| F|  |TAMS 0x00000000c6900000, 0x00000000c6900000| Untracked 
|1130|0x00000000c6a00000, 0x00000000c6a00000, 0x00000000c6b00000|  0%| F|  |TAMS 0x00000000c6a00000, 0x00000000c6a00000| Untracked 
|1131|0x00000000c6b00000, 0x00000000c6b00000, 0x00000000c6c00000|  0%| F|  |TAMS 0x00000000c6b00000, 0x00000000c6b00000| Untracked 
|1132|0x00000000c6c00000, 0x00000000c6c00000, 0x00000000c6d00000|  0%| F|  |TAMS 0x00000000c6c00000, 0x00000000c6c00000| Untracked 
|1133|0x00000000c6d00000, 0x00000000c6d00000, 0x00000000c6e00000|  0%| F|  |TAMS 0x00000000c6d00000, 0x00000000c6d00000| Untracked 
|1134|0x00000000c6e00000, 0x00000000c6e00000, 0x00000000c6f00000|  0%| F|  |TAMS 0x00000000c6e00000, 0x00000000c6e00000| Untracked 
|1135|0x00000000c6f00000, 0x00000000c6f00000, 0x00000000c7000000|  0%| F|  |TAMS 0x00000000c6f00000, 0x00000000c6f00000| Untracked 
|1136|0x00000000c7000000, 0x00000000c7000000, 0x00000000c7100000|  0%| F|  |TAMS 0x00000000c7000000, 0x00000000c7000000| Untracked 
|1137|0x00000000c7100000, 0x00000000c7100000, 0x00000000c7200000|  0%| F|  |TAMS 0x00000000c7100000, 0x00000000c7100000| Untracked 
|1138|0x00000000c7200000, 0x00000000c7200000, 0x00000000c7300000|  0%| F|  |TAMS 0x00000000c7200000, 0x00000000c7200000| Untracked 
|1139|0x00000000c7300000, 0x00000000c7300000, 0x00000000c7400000|  0%| F|  |TAMS 0x00000000c7300000, 0x00000000c7300000| Untracked 
|1140|0x00000000c7400000, 0x00000000c7400000, 0x00000000c7500000|  0%| F|  |TAMS 0x00000000c7400000, 0x00000000c7400000| Untracked 
|1141|0x00000000c7500000, 0x00000000c7500000, 0x00000000c7600000|  0%| F|  |TAMS 0x00000000c7500000, 0x00000000c7500000| Untracked 
|1142|0x00000000c7600000, 0x00000000c7600000, 0x00000000c7700000|  0%| F|  |TAMS 0x00000000c7600000, 0x00000000c7600000| Untracked 
|1143|0x00000000c7700000, 0x00000000c7700000, 0x00000000c7800000|  0%| F|  |TAMS 0x00000000c7700000, 0x00000000c7700000| Untracked 
|1144|0x00000000c7800000, 0x00000000c7800000, 0x00000000c7900000|  0%| F|  |TAMS 0x00000000c7800000, 0x00000000c7800000| Untracked 
|1145|0x00000000c7900000, 0x00000000c7a00000, 0x00000000c7a00000|100%| E|CS|TAMS 0x00000000c7900000, 0x00000000c7900000| Complete 
|1146|0x00000000c7a00000, 0x00000000c7b00000, 0x00000000c7b00000|100%| E|CS|TAMS 0x00000000c7a00000, 0x00000000c7a00000| Complete 
|1147|0x00000000c7b00000, 0x00000000c7c00000, 0x00000000c7c00000|100%| E|CS|TAMS 0x00000000c7b00000, 0x00000000c7b00000| Complete 
|1148|0x00000000c7c00000, 0x00000000c7d00000, 0x00000000c7d00000|100%| E|CS|TAMS 0x00000000c7c00000, 0x00000000c7c00000| Complete 
|1149|0x00000000c7d00000, 0x00000000c7e00000, 0x00000000c7e00000|100%| E|CS|TAMS 0x00000000c7d00000, 0x00000000c7d00000| Complete 
|1150|0x00000000c7e00000, 0x00000000c7f00000, 0x00000000c7f00000|100%| E|CS|TAMS 0x00000000c7e00000, 0x00000000c7e00000| Complete 
|1151|0x00000000c7f00000, 0x00000000c8000000, 0x00000000c8000000|100%| E|CS|TAMS 0x00000000c7f00000, 0x00000000c7f00000| Complete 
|1152|0x00000000c8000000, 0x00000000c8100000, 0x00000000c8100000|100%| E|CS|TAMS 0x00000000c8000000, 0x00000000c8000000| Complete 
|1153|0x00000000c8100000, 0x00000000c8200000, 0x00000000c8200000|100%| E|CS|TAMS 0x00000000c8100000, 0x00000000c8100000| Complete 
|1154|0x00000000c8200000, 0x00000000c8300000, 0x00000000c8300000|100%| E|CS|TAMS 0x00000000c8200000, 0x00000000c8200000| Complete 
|1155|0x00000000c8300000, 0x00000000c8400000, 0x00000000c8400000|100%| E|CS|TAMS 0x00000000c8300000, 0x00000000c8300000| Complete 
|1156|0x00000000c8400000, 0x00000000c8500000, 0x00000000c8500000|100%| E|CS|TAMS 0x00000000c8400000, 0x00000000c8400000| Complete 
|1157|0x00000000c8500000, 0x00000000c8600000, 0x00000000c8600000|100%| E|CS|TAMS 0x00000000c8500000, 0x00000000c8500000| Complete 
|1158|0x00000000c8600000, 0x00000000c8700000, 0x00000000c8700000|100%| E|CS|TAMS 0x00000000c8600000, 0x00000000c8600000| Complete 
|1159|0x00000000c8700000, 0x00000000c8800000, 0x00000000c8800000|100%| E|CS|TAMS 0x00000000c8700000, 0x00000000c8700000| Complete 
|1160|0x00000000c8800000, 0x00000000c8900000, 0x00000000c8900000|100%| E|CS|TAMS 0x00000000c8800000, 0x00000000c8800000| Complete 
|1161|0x00000000c8900000, 0x00000000c8a00000, 0x00000000c8a00000|100%| E|CS|TAMS 0x00000000c8900000, 0x00000000c8900000| Complete 
|1162|0x00000000c8a00000, 0x00000000c8b00000, 0x00000000c8b00000|100%| E|CS|TAMS 0x00000000c8a00000, 0x00000000c8a00000| Complete 
|1163|0x00000000c8b00000, 0x00000000c8c00000, 0x00000000c8c00000|100%| E|CS|TAMS 0x00000000c8b00000, 0x00000000c8b00000| Complete 
|1164|0x00000000c8c00000, 0x00000000c8d00000, 0x00000000c8d00000|100%| E|CS|TAMS 0x00000000c8c00000, 0x00000000c8c00000| Complete 
|1165|0x00000000c8d00000, 0x00000000c8e00000, 0x00000000c8e00000|100%| E|CS|TAMS 0x00000000c8d00000, 0x00000000c8d00000| Complete 
|1166|0x00000000c8e00000, 0x00000000c8f00000, 0x00000000c8f00000|100%| E|CS|TAMS 0x00000000c8e00000, 0x00000000c8e00000| Complete 
|1167|0x00000000c8f00000, 0x00000000c9000000, 0x00000000c9000000|100%| E|CS|TAMS 0x00000000c8f00000, 0x00000000c8f00000| Complete 
|1168|0x00000000c9000000, 0x00000000c9100000, 0x00000000c9100000|100%| E|CS|TAMS 0x00000000c9000000, 0x00000000c9000000| Complete 
|1169|0x00000000c9100000, 0x00000000c9200000, 0x00000000c9200000|100%| E|CS|TAMS 0x00000000c9100000, 0x00000000c9100000| Complete 
|1170|0x00000000c9200000, 0x00000000c9300000, 0x00000000c9300000|100%| E|CS|TAMS 0x00000000c9200000, 0x00000000c9200000| Complete 
|1171|0x00000000c9300000, 0x00000000c9400000, 0x00000000c9400000|100%| E|CS|TAMS 0x00000000c9300000, 0x00000000c9300000| Complete 
|1172|0x00000000c9400000, 0x00000000c9500000, 0x00000000c9500000|100%| E|CS|TAMS 0x00000000c9400000, 0x00000000c9400000| Complete 
|1173|0x00000000c9500000, 0x00000000c9600000, 0x00000000c9600000|100%| E|CS|TAMS 0x00000000c9500000, 0x00000000c9500000| Complete 
|1174|0x00000000c9600000, 0x00000000c9700000, 0x00000000c9700000|100%| E|CS|TAMS 0x00000000c9600000, 0x00000000c9600000| Complete 
|1175|0x00000000c9700000, 0x00000000c9800000, 0x00000000c9800000|100%| E|CS|TAMS 0x00000000c9700000, 0x00000000c9700000| Complete 
|1176|0x00000000c9800000, 0x00000000c9900000, 0x00000000c9900000|100%| E|CS|TAMS 0x00000000c9800000, 0x00000000c9800000| Complete 
|1177|0x00000000c9900000, 0x00000000c9a00000, 0x00000000c9a00000|100%| E|CS|TAMS 0x00000000c9900000, 0x00000000c9900000| Complete 
|1178|0x00000000c9a00000, 0x00000000c9b00000, 0x00000000c9b00000|100%| E|CS|TAMS 0x00000000c9a00000, 0x00000000c9a00000| Complete 
|1179|0x00000000c9b00000, 0x00000000c9c00000, 0x00000000c9c00000|100%| E|CS|TAMS 0x00000000c9b00000, 0x00000000c9b00000| Complete 
|1180|0x00000000c9c00000, 0x00000000c9d00000, 0x00000000c9d00000|100%| E|CS|TAMS 0x00000000c9c00000, 0x00000000c9c00000| Complete 
|1181|0x00000000c9d00000, 0x00000000c9e00000, 0x00000000c9e00000|100%| E|CS|TAMS 0x00000000c9d00000, 0x00000000c9d00000| Complete 
|1182|0x00000000c9e00000, 0x00000000c9e00000, 0x00000000c9f00000|  0%| F|  |TAMS 0x00000000c9e00000, 0x00000000c9e00000| Untracked 
|1183|0x00000000c9f00000, 0x00000000c9f00000, 0x00000000ca000000|  0%| F|  |TAMS 0x00000000c9f00000, 0x00000000c9f00000| Untracked 
|1184|0x00000000ca000000, 0x00000000ca000000, 0x00000000ca100000|  0%| F|  |TAMS 0x00000000ca000000, 0x00000000ca000000| Untracked 
|1185|0x00000000ca100000, 0x00000000ca100000, 0x00000000ca200000|  0%| F|  |TAMS 0x00000000ca100000, 0x00000000ca100000| Untracked 
|1186|0x00000000ca200000, 0x00000000ca200000, 0x00000000ca300000|  0%| F|  |TAMS 0x00000000ca200000, 0x00000000ca200000| Untracked 
|1187|0x00000000ca300000, 0x00000000ca300000, 0x00000000ca400000|  0%| F|  |TAMS 0x00000000ca300000, 0x00000000ca300000| Untracked 
|1188|0x00000000ca400000, 0x00000000ca400000, 0x00000000ca500000|  0%| F|  |TAMS 0x00000000ca400000, 0x00000000ca400000| Untracked 
|1189|0x00000000ca500000, 0x00000000ca500000, 0x00000000ca600000|  0%| F|  |TAMS 0x00000000ca500000, 0x00000000ca500000| Untracked 
|1190|0x00000000ca600000, 0x00000000ca600000, 0x00000000ca700000|  0%| F|  |TAMS 0x00000000ca600000, 0x00000000ca600000| Untracked 
|1191|0x00000000ca700000, 0x00000000ca700000, 0x00000000ca800000|  0%| F|  |TAMS 0x00000000ca700000, 0x00000000ca700000| Untracked 
|1192|0x00000000ca800000, 0x00000000ca800000, 0x00000000ca900000|  0%| F|  |TAMS 0x00000000ca800000, 0x00000000ca800000| Untracked 
|1193|0x00000000ca900000, 0x00000000ca900000, 0x00000000caa00000|  0%| F|  |TAMS 0x00000000ca900000, 0x00000000ca900000| Untracked 
|1194|0x00000000caa00000, 0x00000000caa00000, 0x00000000cab00000|  0%| F|  |TAMS 0x00000000caa00000, 0x00000000caa00000| Untracked 
|1195|0x00000000cab00000, 0x00000000cab00000, 0x00000000cac00000|  0%| F|  |TAMS 0x00000000cab00000, 0x00000000cab00000| Untracked 
|1196|0x00000000cac00000, 0x00000000cac00000, 0x00000000cad00000|  0%| F|  |TAMS 0x00000000cac00000, 0x00000000cac00000| Untracked 
|1197|0x00000000cad00000, 0x00000000cad00000, 0x00000000cae00000|  0%| F|  |TAMS 0x00000000cad00000, 0x00000000cad00000| Untracked 
|1198|0x00000000cae00000, 0x00000000cae00000, 0x00000000caf00000|  0%| F|  |TAMS 0x00000000cae00000, 0x00000000cae00000| Untracked 
|1199|0x00000000caf00000, 0x00000000caf00000, 0x00000000cb000000|  0%| F|  |TAMS 0x00000000caf00000, 0x00000000caf00000| Untracked 
|1200|0x00000000cb000000, 0x00000000cb000000, 0x00000000cb100000|  0%| F|  |TAMS 0x00000000cb000000, 0x00000000cb000000| Untracked 
|1201|0x00000000cb100000, 0x00000000cb100000, 0x00000000cb200000|  0%| F|  |TAMS 0x00000000cb100000, 0x00000000cb100000| Untracked 
|1202|0x00000000cb200000, 0x00000000cb200000, 0x00000000cb300000|  0%| F|  |TAMS 0x00000000cb200000, 0x00000000cb200000| Untracked 
|1203|0x00000000cb300000, 0x00000000cb300000, 0x00000000cb400000|  0%| F|  |TAMS 0x00000000cb300000, 0x00000000cb300000| Untracked 
|1204|0x00000000cb400000, 0x00000000cb400000, 0x00000000cb500000|  0%| F|  |TAMS 0x00000000cb400000, 0x00000000cb400000| Untracked 
|1205|0x00000000cb500000, 0x00000000cb500000, 0x00000000cb600000|  0%| F|  |TAMS 0x00000000cb500000, 0x00000000cb500000| Untracked 
|1206|0x00000000cb600000, 0x00000000cb600000, 0x00000000cb700000|  0%| F|  |TAMS 0x00000000cb600000, 0x00000000cb600000| Untracked 
|1207|0x00000000cb700000, 0x00000000cb700000, 0x00000000cb800000|  0%| F|  |TAMS 0x00000000cb700000, 0x00000000cb700000| Untracked 
|1208|0x00000000cb800000, 0x00000000cb800000, 0x00000000cb900000|  0%| F|  |TAMS 0x00000000cb800000, 0x00000000cb800000| Untracked 
|1209|0x00000000cb900000, 0x00000000cb900000, 0x00000000cba00000|  0%| F|  |TAMS 0x00000000cb900000, 0x00000000cb900000| Untracked 
|1210|0x00000000cba00000, 0x00000000cba00000, 0x00000000cbb00000|  0%| F|  |TAMS 0x00000000cba00000, 0x00000000cba00000| Untracked 
|1211|0x00000000cbb00000, 0x00000000cbb00000, 0x00000000cbc00000|  0%| F|  |TAMS 0x00000000cbb00000, 0x00000000cbb00000| Untracked 
|1212|0x00000000cbc00000, 0x00000000cbc00000, 0x00000000cbd00000|  0%| F|  |TAMS 0x00000000cbc00000, 0x00000000cbc00000| Untracked 
|1213|0x00000000cbd00000, 0x00000000cbd00000, 0x00000000cbe00000|  0%| F|  |TAMS 0x00000000cbd00000, 0x00000000cbd00000| Untracked 
|1214|0x00000000cbe00000, 0x00000000cbe00000, 0x00000000cbf00000|  0%| F|  |TAMS 0x00000000cbe00000, 0x00000000cbe00000| Untracked 
|1215|0x00000000cbf00000, 0x00000000cbf00000, 0x00000000cc000000|  0%| F|  |TAMS 0x00000000cbf00000, 0x00000000cbf00000| Untracked 
|1216|0x00000000cc000000, 0x00000000cc000000, 0x00000000cc100000|  0%| F|  |TAMS 0x00000000cc000000, 0x00000000cc000000| Untracked 
|1217|0x00000000cc100000, 0x00000000cc100000, 0x00000000cc200000|  0%| F|  |TAMS 0x00000000cc100000, 0x00000000cc100000| Untracked 
|1218|0x00000000cc200000, 0x00000000cc200000, 0x00000000cc300000|  0%| F|  |TAMS 0x00000000cc200000, 0x00000000cc200000| Untracked 
|1219|0x00000000cc300000, 0x00000000cc300000, 0x00000000cc400000|  0%| F|  |TAMS 0x00000000cc300000, 0x00000000cc300000| Untracked 
|1220|0x00000000cc400000, 0x00000000cc400000, 0x00000000cc500000|  0%| F|  |TAMS 0x00000000cc400000, 0x00000000cc400000| Untracked 
|1221|0x00000000cc500000, 0x00000000cc500000, 0x00000000cc600000|  0%| F|  |TAMS 0x00000000cc500000, 0x00000000cc500000| Untracked 
|1222|0x00000000cc600000, 0x00000000cc600000, 0x00000000cc700000|  0%| F|  |TAMS 0x00000000cc600000, 0x00000000cc600000| Untracked 
|1223|0x00000000cc700000, 0x00000000cc700000, 0x00000000cc800000|  0%| F|  |TAMS 0x00000000cc700000, 0x00000000cc700000| Untracked 
|1224|0x00000000cc800000, 0x00000000cc800000, 0x00000000cc900000|  0%| F|  |TAMS 0x00000000cc800000, 0x00000000cc800000| Untracked 
|1225|0x00000000cc900000, 0x00000000cc900000, 0x00000000cca00000|  0%| F|  |TAMS 0x00000000cc900000, 0x00000000cc900000| Untracked 
|1226|0x00000000cca00000, 0x00000000cca00000, 0x00000000ccb00000|  0%| F|  |TAMS 0x00000000cca00000, 0x00000000cca00000| Untracked 
|1227|0x00000000ccb00000, 0x00000000ccb00000, 0x00000000ccc00000|  0%| F|  |TAMS 0x00000000ccb00000, 0x00000000ccb00000| Untracked 
|1228|0x00000000ccc00000, 0x00000000ccc00000, 0x00000000ccd00000|  0%| F|  |TAMS 0x00000000ccc00000, 0x00000000ccc00000| Untracked 
|1229|0x00000000ccd00000, 0x00000000cce00000, 0x00000000cce00000|100%| S|  |TAMS 0x00000000ccd00000, 0x00000000ccd00000| Complete 
|1230|0x00000000cce00000, 0x00000000ccf00000, 0x00000000ccf00000|100%| S|  |TAMS 0x00000000cce00000, 0x00000000cce00000| Complete 
|1231|0x00000000ccf00000, 0x00000000cd000000, 0x00000000cd000000|100%| S|  |TAMS 0x00000000ccf00000, 0x00000000ccf00000| Complete 
|1232|0x00000000cd000000, 0x00000000cd100000, 0x00000000cd100000|100%| S|  |TAMS 0x00000000cd000000, 0x00000000cd000000| Complete 
|1233|0x00000000cd100000, 0x00000000cd200000, 0x00000000cd200000|100%| S|  |TAMS 0x00000000cd100000, 0x00000000cd100000| Complete 
|1234|0x00000000cd200000, 0x00000000cd300000, 0x00000000cd300000|100%| S|  |TAMS 0x00000000cd200000, 0x00000000cd200000| Complete 
|1235|0x00000000cd300000, 0x00000000cd400000, 0x00000000cd400000|100%| S|  |TAMS 0x00000000cd300000, 0x00000000cd300000| Complete 
|1236|0x00000000cd400000, 0x00000000cd500000, 0x00000000cd500000|100%| S|  |TAMS 0x00000000cd400000, 0x00000000cd400000| Complete 
|1237|0x00000000cd500000, 0x00000000cd600000, 0x00000000cd600000|100%| S|  |TAMS 0x00000000cd500000, 0x00000000cd500000| Complete 
|1238|0x00000000cd600000, 0x00000000cd700000, 0x00000000cd700000|100%| S|  |TAMS 0x00000000cd600000, 0x00000000cd600000| Complete 
|1239|0x00000000cd700000, 0x00000000cd800000, 0x00000000cd800000|100%| S|  |TAMS 0x00000000cd700000, 0x00000000cd700000| Complete 
|1240|0x00000000cd800000, 0x00000000cd900000, 0x00000000cd900000|100%| S|  |TAMS 0x00000000cd800000, 0x00000000cd800000| Complete 
|1241|0x00000000cd900000, 0x00000000cda00000, 0x00000000cda00000|100%| S|  |TAMS 0x00000000cd900000, 0x00000000cd900000| Complete 
|1242|0x00000000cda00000, 0x00000000cdb00000, 0x00000000cdb00000|100%| S|  |TAMS 0x00000000cda00000, 0x00000000cda00000| Complete 
|1243|0x00000000cdb00000, 0x00000000cdc00000, 0x00000000cdc00000|100%| S|  |TAMS 0x00000000cdb00000, 0x00000000cdb00000| Complete 
|1244|0x00000000cdc00000, 0x00000000cdd00000, 0x00000000cdd00000|100%| S|  |TAMS 0x00000000cdc00000, 0x00000000cdc00000| Complete 
|1245|0x00000000cdd00000, 0x00000000cde00000, 0x00000000cde00000|100%| S|  |TAMS 0x00000000cdd00000, 0x00000000cdd00000| Complete 
|1246|0x00000000cde00000, 0x00000000cdf00000, 0x00000000cdf00000|100%| S|  |TAMS 0x00000000cde00000, 0x00000000cde00000| Complete 
|1247|0x00000000cdf00000, 0x00000000ce000000, 0x00000000ce000000|100%| S|  |TAMS 0x00000000cdf00000, 0x00000000cdf00000| Complete 
|1248|0x00000000ce000000, 0x00000000ce100000, 0x00000000ce100000|100%| S|  |TAMS 0x00000000ce000000, 0x00000000ce000000| Complete 
|1249|0x00000000ce100000, 0x00000000ce200000, 0x00000000ce200000|100%| S|  |TAMS 0x00000000ce100000, 0x00000000ce100000| Complete 
|1250|0x00000000ce200000, 0x00000000ce300000, 0x00000000ce300000|100%| E|CS|TAMS 0x00000000ce200000, 0x00000000ce200000| Complete 
|1251|0x00000000ce300000, 0x00000000ce400000, 0x00000000ce400000|100%| E|CS|TAMS 0x00000000ce300000, 0x00000000ce300000| Complete 
|1252|0x00000000ce400000, 0x00000000ce500000, 0x00000000ce500000|100%| E|CS|TAMS 0x00000000ce400000, 0x00000000ce400000| Complete 
|1253|0x00000000ce500000, 0x00000000ce600000, 0x00000000ce600000|100%| E|CS|TAMS 0x00000000ce500000, 0x00000000ce500000| Complete 
|1254|0x00000000ce600000, 0x00000000ce700000, 0x00000000ce700000|100%| E|CS|TAMS 0x00000000ce600000, 0x00000000ce600000| Complete 
|1255|0x00000000ce700000, 0x00000000ce800000, 0x00000000ce800000|100%| E|CS|TAMS 0x00000000ce700000, 0x00000000ce700000| Complete 
|1256|0x00000000ce800000, 0x00000000ce900000, 0x00000000ce900000|100%| E|CS|TAMS 0x00000000ce800000, 0x00000000ce800000| Complete 
|1257|0x00000000ce900000, 0x00000000cea00000, 0x00000000cea00000|100%| E|CS|TAMS 0x00000000ce900000, 0x00000000ce900000| Complete 
|1258|0x00000000cea00000, 0x00000000ceb00000, 0x00000000ceb00000|100%| E|CS|TAMS 0x00000000cea00000, 0x00000000cea00000| Complete 
|1259|0x00000000ceb00000, 0x00000000cec00000, 0x00000000cec00000|100%| E|CS|TAMS 0x00000000ceb00000, 0x00000000ceb00000| Complete 
|1260|0x00000000cec00000, 0x00000000ced00000, 0x00000000ced00000|100%| E|CS|TAMS 0x00000000cec00000, 0x00000000cec00000| Complete 
|1261|0x00000000ced00000, 0x00000000cee00000, 0x00000000cee00000|100%| E|CS|TAMS 0x00000000ced00000, 0x00000000ced00000| Complete 
|1262|0x00000000cee00000, 0x00000000cef00000, 0x00000000cef00000|100%| E|CS|TAMS 0x00000000cee00000, 0x00000000cee00000| Complete 
|1263|0x00000000cef00000, 0x00000000cf000000, 0x00000000cf000000|100%| E|CS|TAMS 0x00000000cef00000, 0x00000000cef00000| Complete 
|1264|0x00000000cf000000, 0x00000000cf100000, 0x00000000cf100000|100%| E|CS|TAMS 0x00000000cf000000, 0x00000000cf000000| Complete 
|1265|0x00000000cf100000, 0x00000000cf200000, 0x00000000cf200000|100%| E|CS|TAMS 0x00000000cf100000, 0x00000000cf100000| Complete 
|1266|0x00000000cf200000, 0x00000000cf300000, 0x00000000cf300000|100%| E|CS|TAMS 0x00000000cf200000, 0x00000000cf200000| Complete 
|1267|0x00000000cf300000, 0x00000000cf400000, 0x00000000cf400000|100%| E|CS|TAMS 0x00000000cf300000, 0x00000000cf300000| Complete 
|1268|0x00000000cf400000, 0x00000000cf500000, 0x00000000cf500000|100%| E|CS|TAMS 0x00000000cf400000, 0x00000000cf400000| Complete 
|1269|0x00000000cf500000, 0x00000000cf600000, 0x00000000cf600000|100%| E|CS|TAMS 0x00000000cf500000, 0x00000000cf500000| Complete 
|1270|0x00000000cf600000, 0x00000000cf700000, 0x00000000cf700000|100%| E|CS|TAMS 0x00000000cf600000, 0x00000000cf600000| Complete 
|1271|0x00000000cf700000, 0x00000000cf800000, 0x00000000cf800000|100%| E|CS|TAMS 0x00000000cf700000, 0x00000000cf700000| Complete 
|1272|0x00000000cf800000, 0x00000000cf900000, 0x00000000cf900000|100%| E|CS|TAMS 0x00000000cf800000, 0x00000000cf800000| Complete 
|1273|0x00000000cf900000, 0x00000000cfa00000, 0x00000000cfa00000|100%| E|CS|TAMS 0x00000000cf900000, 0x00000000cf900000| Complete 
|1274|0x00000000cfa00000, 0x00000000cfb00000, 0x00000000cfb00000|100%| E|CS|TAMS 0x00000000cfa00000, 0x00000000cfa00000| Complete 
|1275|0x00000000cfb00000, 0x00000000cfc00000, 0x00000000cfc00000|100%| E|CS|TAMS 0x00000000cfb00000, 0x00000000cfb00000| Complete 
|1276|0x00000000cfc00000, 0x00000000cfd00000, 0x00000000cfd00000|100%| E|CS|TAMS 0x00000000cfc00000, 0x00000000cfc00000| Complete 
|1277|0x00000000cfd00000, 0x00000000cfe00000, 0x00000000cfe00000|100%| E|CS|TAMS 0x00000000cfd00000, 0x00000000cfd00000| Complete 
|1278|0x00000000cfe00000, 0x00000000cff00000, 0x00000000cff00000|100%| E|CS|TAMS 0x00000000cfe00000, 0x00000000cfe00000| Complete 
|1279|0x00000000cff00000, 0x00000000d0000000, 0x00000000d0000000|100%| E|CS|TAMS 0x00000000cff00000, 0x00000000cff00000| Complete 
|1280|0x00000000d0000000, 0x00000000d0100000, 0x00000000d0100000|100%| E|CS|TAMS 0x00000000d0000000, 0x00000000d0000000| Complete 
|1281|0x00000000d0100000, 0x00000000d0200000, 0x00000000d0200000|100%| E|CS|TAMS 0x00000000d0100000, 0x00000000d0100000| Complete 
|1282|0x00000000d0200000, 0x00000000d0300000, 0x00000000d0300000|100%| E|CS|TAMS 0x00000000d0200000, 0x00000000d0200000| Complete 
|1283|0x00000000d0300000, 0x00000000d0400000, 0x00000000d0400000|100%| E|CS|TAMS 0x00000000d0300000, 0x00000000d0300000| Complete 
|1284|0x00000000d0400000, 0x00000000d0500000, 0x00000000d0500000|100%| E|CS|TAMS 0x00000000d0400000, 0x00000000d0400000| Complete 
|1285|0x00000000d0500000, 0x00000000d0600000, 0x00000000d0600000|100%| E|CS|TAMS 0x00000000d0500000, 0x00000000d0500000| Complete 
|1286|0x00000000d0600000, 0x00000000d0700000, 0x00000000d0700000|100%| E|CS|TAMS 0x00000000d0600000, 0x00000000d0600000| Complete 
|1287|0x00000000d0700000, 0x00000000d0800000, 0x00000000d0800000|100%| E|CS|TAMS 0x00000000d0700000, 0x00000000d0700000| Complete 
|1288|0x00000000d0800000, 0x00000000d0900000, 0x00000000d0900000|100%| E|CS|TAMS 0x00000000d0800000, 0x00000000d0800000| Complete 
|1289|0x00000000d0900000, 0x00000000d0a00000, 0x00000000d0a00000|100%| E|CS|TAMS 0x00000000d0900000, 0x00000000d0900000| Complete 
|1290|0x00000000d0a00000, 0x00000000d0b00000, 0x00000000d0b00000|100%| E|CS|TAMS 0x00000000d0a00000, 0x00000000d0a00000| Complete 
|1291|0x00000000d0b00000, 0x00000000d0c00000, 0x00000000d0c00000|100%| E|CS|TAMS 0x00000000d0b00000, 0x00000000d0b00000| Complete 
|1292|0x00000000d0c00000, 0x00000000d0d00000, 0x00000000d0d00000|100%| E|CS|TAMS 0x00000000d0c00000, 0x00000000d0c00000| Complete 
|1293|0x00000000d0d00000, 0x00000000d0e00000, 0x00000000d0e00000|100%| E|CS|TAMS 0x00000000d0d00000, 0x00000000d0d00000| Complete 
|1294|0x00000000d0e00000, 0x00000000d0f00000, 0x00000000d0f00000|100%| E|CS|TAMS 0x00000000d0e00000, 0x00000000d0e00000| Complete 
|1295|0x00000000d0f00000, 0x00000000d1000000, 0x00000000d1000000|100%| E|CS|TAMS 0x00000000d0f00000, 0x00000000d0f00000| Complete 
|1296|0x00000000d1000000, 0x00000000d1100000, 0x00000000d1100000|100%| E|CS|TAMS 0x00000000d1000000, 0x00000000d1000000| Complete 
|1297|0x00000000d1100000, 0x00000000d1200000, 0x00000000d1200000|100%| E|CS|TAMS 0x00000000d1100000, 0x00000000d1100000| Complete 
|1298|0x00000000d1200000, 0x00000000d1300000, 0x00000000d1300000|100%| E|CS|TAMS 0x00000000d1200000, 0x00000000d1200000| Complete 
|1299|0x00000000d1300000, 0x00000000d1400000, 0x00000000d1400000|100%| E|CS|TAMS 0x00000000d1300000, 0x00000000d1300000| Complete 
|1300|0x00000000d1400000, 0x00000000d1500000, 0x00000000d1500000|100%| E|CS|TAMS 0x00000000d1400000, 0x00000000d1400000| Complete 
|1301|0x00000000d1500000, 0x00000000d1600000, 0x00000000d1600000|100%| E|CS|TAMS 0x00000000d1500000, 0x00000000d1500000| Complete 
|1302|0x00000000d1600000, 0x00000000d1700000, 0x00000000d1700000|100%| E|CS|TAMS 0x00000000d1600000, 0x00000000d1600000| Complete 
|1303|0x00000000d1700000, 0x00000000d1800000, 0x00000000d1800000|100%| E|CS|TAMS 0x00000000d1700000, 0x00000000d1700000| Complete 
|1304|0x00000000d1800000, 0x00000000d1900000, 0x00000000d1900000|100%| E|CS|TAMS 0x00000000d1800000, 0x00000000d1800000| Complete 
|1305|0x00000000d1900000, 0x00000000d1a00000, 0x00000000d1a00000|100%| E|CS|TAMS 0x00000000d1900000, 0x00000000d1900000| Complete 
|1306|0x00000000d1a00000, 0x00000000d1b00000, 0x00000000d1b00000|100%| E|CS|TAMS 0x00000000d1a00000, 0x00000000d1a00000| Complete 
|1307|0x00000000d1b00000, 0x00000000d1c00000, 0x00000000d1c00000|100%| E|CS|TAMS 0x00000000d1b00000, 0x00000000d1b00000| Complete 
|1308|0x00000000d1c00000, 0x00000000d1d00000, 0x00000000d1d00000|100%| E|CS|TAMS 0x00000000d1c00000, 0x00000000d1c00000| Complete 
|1309|0x00000000d1d00000, 0x00000000d1e00000, 0x00000000d1e00000|100%| E|CS|TAMS 0x00000000d1d00000, 0x00000000d1d00000| Complete 
|1310|0x00000000d1e00000, 0x00000000d1f00000, 0x00000000d1f00000|100%| E|CS|TAMS 0x00000000d1e00000, 0x00000000d1e00000| Complete 
|1311|0x00000000d1f00000, 0x00000000d2000000, 0x00000000d2000000|100%| E|CS|TAMS 0x00000000d1f00000, 0x00000000d1f00000| Complete 
|1312|0x00000000d2000000, 0x00000000d2100000, 0x00000000d2100000|100%| E|CS|TAMS 0x00000000d2000000, 0x00000000d2000000| Complete 
|1313|0x00000000d2100000, 0x00000000d2200000, 0x00000000d2200000|100%| E|CS|TAMS 0x00000000d2100000, 0x00000000d2100000| Complete 
|1314|0x00000000d2200000, 0x00000000d2300000, 0x00000000d2300000|100%| E|CS|TAMS 0x00000000d2200000, 0x00000000d2200000| Complete 
|1315|0x00000000d2300000, 0x00000000d2400000, 0x00000000d2400000|100%| E|CS|TAMS 0x00000000d2300000, 0x00000000d2300000| Complete 
|1316|0x00000000d2400000, 0x00000000d2500000, 0x00000000d2500000|100%| E|CS|TAMS 0x00000000d2400000, 0x00000000d2400000| Complete 
|1317|0x00000000d2500000, 0x00000000d2600000, 0x00000000d2600000|100%| E|CS|TAMS 0x00000000d2500000, 0x00000000d2500000| Complete 
|1318|0x00000000d2600000, 0x00000000d2700000, 0x00000000d2700000|100%| E|CS|TAMS 0x00000000d2600000, 0x00000000d2600000| Complete 
|1319|0x00000000d2700000, 0x00000000d2800000, 0x00000000d2800000|100%| E|CS|TAMS 0x00000000d2700000, 0x00000000d2700000| Complete 
|1320|0x00000000d2800000, 0x00000000d2900000, 0x00000000d2900000|100%| E|CS|TAMS 0x00000000d2800000, 0x00000000d2800000| Complete 
|1321|0x00000000d2900000, 0x00000000d2a00000, 0x00000000d2a00000|100%| E|CS|TAMS 0x00000000d2900000, 0x00000000d2900000| Complete 
|1322|0x00000000d2a00000, 0x00000000d2b00000, 0x00000000d2b00000|100%| E|CS|TAMS 0x00000000d2a00000, 0x00000000d2a00000| Complete 
|1323|0x00000000d2b00000, 0x00000000d2c00000, 0x00000000d2c00000|100%| E|CS|TAMS 0x00000000d2b00000, 0x00000000d2b00000| Complete 
|1324|0x00000000d2c00000, 0x00000000d2d00000, 0x00000000d2d00000|100%| E|CS|TAMS 0x00000000d2c00000, 0x00000000d2c00000| Complete 
|1325|0x00000000d2d00000, 0x00000000d2e00000, 0x00000000d2e00000|100%| E|CS|TAMS 0x00000000d2d00000, 0x00000000d2d00000| Complete 
|1326|0x00000000d2e00000, 0x00000000d2f00000, 0x00000000d2f00000|100%| E|CS|TAMS 0x00000000d2e00000, 0x00000000d2e00000| Complete 
|1327|0x00000000d2f00000, 0x00000000d3000000, 0x00000000d3000000|100%| E|CS|TAMS 0x00000000d2f00000, 0x00000000d2f00000| Complete 
|1328|0x00000000d3000000, 0x00000000d3100000, 0x00000000d3100000|100%| E|CS|TAMS 0x00000000d3000000, 0x00000000d3000000| Complete 
|1329|0x00000000d3100000, 0x00000000d3200000, 0x00000000d3200000|100%| E|CS|TAMS 0x00000000d3100000, 0x00000000d3100000| Complete 
|1330|0x00000000d3200000, 0x00000000d3300000, 0x00000000d3300000|100%| E|CS|TAMS 0x00000000d3200000, 0x00000000d3200000| Complete 
|1331|0x00000000d3300000, 0x00000000d3400000, 0x00000000d3400000|100%| E|CS|TAMS 0x00000000d3300000, 0x00000000d3300000| Complete 
|1332|0x00000000d3400000, 0x00000000d3500000, 0x00000000d3500000|100%| E|CS|TAMS 0x00000000d3400000, 0x00000000d3400000| Complete 
|1333|0x00000000d3500000, 0x00000000d3600000, 0x00000000d3600000|100%| E|CS|TAMS 0x00000000d3500000, 0x00000000d3500000| Complete 
|1334|0x00000000d3600000, 0x00000000d3700000, 0x00000000d3700000|100%| E|CS|TAMS 0x00000000d3600000, 0x00000000d3600000| Complete 
|1335|0x00000000d3700000, 0x00000000d3800000, 0x00000000d3800000|100%| E|CS|TAMS 0x00000000d3700000, 0x00000000d3700000| Complete 
|1336|0x00000000d3800000, 0x00000000d3900000, 0x00000000d3900000|100%| E|CS|TAMS 0x00000000d3800000, 0x00000000d3800000| Complete 
|1337|0x00000000d3900000, 0x00000000d3a00000, 0x00000000d3a00000|100%| E|CS|TAMS 0x00000000d3900000, 0x00000000d3900000| Complete 
|1338|0x00000000d3a00000, 0x00000000d3b00000, 0x00000000d3b00000|100%| E|CS|TAMS 0x00000000d3a00000, 0x00000000d3a00000| Complete 
|1339|0x00000000d3b00000, 0x00000000d3c00000, 0x00000000d3c00000|100%| E|CS|TAMS 0x00000000d3b00000, 0x00000000d3b00000| Complete 
|1340|0x00000000d3c00000, 0x00000000d3d00000, 0x00000000d3d00000|100%| E|CS|TAMS 0x00000000d3c00000, 0x00000000d3c00000| Complete 
|1341|0x00000000d3d00000, 0x00000000d3e00000, 0x00000000d3e00000|100%| E|CS|TAMS 0x00000000d3d00000, 0x00000000d3d00000| Complete 
|1342|0x00000000d3e00000, 0x00000000d3f00000, 0x00000000d3f00000|100%| E|CS|TAMS 0x00000000d3e00000, 0x00000000d3e00000| Complete 
|1343|0x00000000d3f00000, 0x00000000d4000000, 0x00000000d4000000|100%| E|CS|TAMS 0x00000000d3f00000, 0x00000000d3f00000| Complete 
|1344|0x00000000d4000000, 0x00000000d4100000, 0x00000000d4100000|100%| E|CS|TAMS 0x00000000d4000000, 0x00000000d4000000| Complete 
|1345|0x00000000d4100000, 0x00000000d4200000, 0x00000000d4200000|100%| E|CS|TAMS 0x00000000d4100000, 0x00000000d4100000| Complete 
|1346|0x00000000d4200000, 0x00000000d4300000, 0x00000000d4300000|100%| E|CS|TAMS 0x00000000d4200000, 0x00000000d4200000| Complete 
|1347|0x00000000d4300000, 0x00000000d4400000, 0x00000000d4400000|100%| E|CS|TAMS 0x00000000d4300000, 0x00000000d4300000| Complete 
|1348|0x00000000d4400000, 0x00000000d4500000, 0x00000000d4500000|100%| E|CS|TAMS 0x00000000d4400000, 0x00000000d4400000| Complete 
|1349|0x00000000d4500000, 0x00000000d4600000, 0x00000000d4600000|100%| E|CS|TAMS 0x00000000d4500000, 0x00000000d4500000| Complete 
|1350|0x00000000d4600000, 0x00000000d4700000, 0x00000000d4700000|100%| E|CS|TAMS 0x00000000d4600000, 0x00000000d4600000| Complete 
|1351|0x00000000d4700000, 0x00000000d4800000, 0x00000000d4800000|100%| E|CS|TAMS 0x00000000d4700000, 0x00000000d4700000| Complete 
|1352|0x00000000d4800000, 0x00000000d4900000, 0x00000000d4900000|100%| E|CS|TAMS 0x00000000d4800000, 0x00000000d4800000| Complete 
|1353|0x00000000d4900000, 0x00000000d4a00000, 0x00000000d4a00000|100%| E|CS|TAMS 0x00000000d4900000, 0x00000000d4900000| Complete 
|1354|0x00000000d4a00000, 0x00000000d4b00000, 0x00000000d4b00000|100%| E|CS|TAMS 0x00000000d4a00000, 0x00000000d4a00000| Complete 
|1355|0x00000000d4b00000, 0x00000000d4c00000, 0x00000000d4c00000|100%| E|CS|TAMS 0x00000000d4b00000, 0x00000000d4b00000| Complete 
|1356|0x00000000d4c00000, 0x00000000d4d00000, 0x00000000d4d00000|100%| E|CS|TAMS 0x00000000d4c00000, 0x00000000d4c00000| Complete 
|1357|0x00000000d4d00000, 0x00000000d4e00000, 0x00000000d4e00000|100%| E|CS|TAMS 0x00000000d4d00000, 0x00000000d4d00000| Complete 
|1358|0x00000000d4e00000, 0x00000000d4f00000, 0x00000000d4f00000|100%| E|CS|TAMS 0x00000000d4e00000, 0x00000000d4e00000| Complete 
|1359|0x00000000d4f00000, 0x00000000d5000000, 0x00000000d5000000|100%| E|CS|TAMS 0x00000000d4f00000, 0x00000000d4f00000| Complete 
|1360|0x00000000d5000000, 0x00000000d5100000, 0x00000000d5100000|100%| E|CS|TAMS 0x00000000d5000000, 0x00000000d5000000| Complete 
|1361|0x00000000d5100000, 0x00000000d5200000, 0x00000000d5200000|100%| E|CS|TAMS 0x00000000d5100000, 0x00000000d5100000| Complete 
|1362|0x00000000d5200000, 0x00000000d5300000, 0x00000000d5300000|100%| E|CS|TAMS 0x00000000d5200000, 0x00000000d5200000| Complete 
|1363|0x00000000d5300000, 0x00000000d5400000, 0x00000000d5400000|100%| E|CS|TAMS 0x00000000d5300000, 0x00000000d5300000| Complete 
|1364|0x00000000d5400000, 0x00000000d5500000, 0x00000000d5500000|100%| E|CS|TAMS 0x00000000d5400000, 0x00000000d5400000| Complete 
|1365|0x00000000d5500000, 0x00000000d5600000, 0x00000000d5600000|100%| E|CS|TAMS 0x00000000d5500000, 0x00000000d5500000| Complete 
|1366|0x00000000d5600000, 0x00000000d5700000, 0x00000000d5700000|100%| E|CS|TAMS 0x00000000d5600000, 0x00000000d5600000| Complete 
|1367|0x00000000d5700000, 0x00000000d5800000, 0x00000000d5800000|100%| E|CS|TAMS 0x00000000d5700000, 0x00000000d5700000| Complete 
|1368|0x00000000d5800000, 0x00000000d5900000, 0x00000000d5900000|100%| E|CS|TAMS 0x00000000d5800000, 0x00000000d5800000| Complete 
|1369|0x00000000d5900000, 0x00000000d5a00000, 0x00000000d5a00000|100%| E|CS|TAMS 0x00000000d5900000, 0x00000000d5900000| Complete 
|1370|0x00000000d5a00000, 0x00000000d5b00000, 0x00000000d5b00000|100%| E|CS|TAMS 0x00000000d5a00000, 0x00000000d5a00000| Complete 
|1371|0x00000000d5b00000, 0x00000000d5c00000, 0x00000000d5c00000|100%| E|CS|TAMS 0x00000000d5b00000, 0x00000000d5b00000| Complete 
|1372|0x00000000d5c00000, 0x00000000d5d00000, 0x00000000d5d00000|100%| E|CS|TAMS 0x00000000d5c00000, 0x00000000d5c00000| Complete 
|1373|0x00000000d5d00000, 0x00000000d5e00000, 0x00000000d5e00000|100%| E|CS|TAMS 0x00000000d5d00000, 0x00000000d5d00000| Complete 
|1374|0x00000000d5e00000, 0x00000000d5f00000, 0x00000000d5f00000|100%| E|CS|TAMS 0x00000000d5e00000, 0x00000000d5e00000| Complete 
|1375|0x00000000d5f00000, 0x00000000d6000000, 0x00000000d6000000|100%| E|CS|TAMS 0x00000000d5f00000, 0x00000000d5f00000| Complete 
|1376|0x00000000d6000000, 0x00000000d6100000, 0x00000000d6100000|100%| E|CS|TAMS 0x00000000d6000000, 0x00000000d6000000| Complete 
|1377|0x00000000d6100000, 0x00000000d6200000, 0x00000000d6200000|100%| E|CS|TAMS 0x00000000d6100000, 0x00000000d6100000| Complete 
|1378|0x00000000d6200000, 0x00000000d6300000, 0x00000000d6300000|100%| E|CS|TAMS 0x00000000d6200000, 0x00000000d6200000| Complete 
|1379|0x00000000d6300000, 0x00000000d6400000, 0x00000000d6400000|100%| E|CS|TAMS 0x00000000d6300000, 0x00000000d6300000| Complete 
|1380|0x00000000d6400000, 0x00000000d6500000, 0x00000000d6500000|100%| E|CS|TAMS 0x00000000d6400000, 0x00000000d6400000| Complete 
|1381|0x00000000d6500000, 0x00000000d6600000, 0x00000000d6600000|100%| E|CS|TAMS 0x00000000d6500000, 0x00000000d6500000| Complete 
|1382|0x00000000d6600000, 0x00000000d6700000, 0x00000000d6700000|100%| E|CS|TAMS 0x00000000d6600000, 0x00000000d6600000| Complete 
|1383|0x00000000d6700000, 0x00000000d6800000, 0x00000000d6800000|100%| E|CS|TAMS 0x00000000d6700000, 0x00000000d6700000| Complete 
|1384|0x00000000d6800000, 0x00000000d6900000, 0x00000000d6900000|100%| E|CS|TAMS 0x00000000d6800000, 0x00000000d6800000| Complete 
|1385|0x00000000d6900000, 0x00000000d6a00000, 0x00000000d6a00000|100%| E|CS|TAMS 0x00000000d6900000, 0x00000000d6900000| Complete 
|1386|0x00000000d6a00000, 0x00000000d6b00000, 0x00000000d6b00000|100%| E|CS|TAMS 0x00000000d6a00000, 0x00000000d6a00000| Complete 
|1387|0x00000000d6b00000, 0x00000000d6c00000, 0x00000000d6c00000|100%| E|CS|TAMS 0x00000000d6b00000, 0x00000000d6b00000| Complete 
|1388|0x00000000d6c00000, 0x00000000d6d00000, 0x00000000d6d00000|100%| E|CS|TAMS 0x00000000d6c00000, 0x00000000d6c00000| Complete 
|1389|0x00000000d6d00000, 0x00000000d6e00000, 0x00000000d6e00000|100%| E|CS|TAMS 0x00000000d6d00000, 0x00000000d6d00000| Complete 
|1390|0x00000000d6e00000, 0x00000000d6f00000, 0x00000000d6f00000|100%| E|CS|TAMS 0x00000000d6e00000, 0x00000000d6e00000| Complete 
|1391|0x00000000d6f00000, 0x00000000d7000000, 0x00000000d7000000|100%| E|CS|TAMS 0x00000000d6f00000, 0x00000000d6f00000| Complete 
|1392|0x00000000d7000000, 0x00000000d7100000, 0x00000000d7100000|100%| E|CS|TAMS 0x00000000d7000000, 0x00000000d7000000| Complete 
|1393|0x00000000d7100000, 0x00000000d7200000, 0x00000000d7200000|100%| E|CS|TAMS 0x00000000d7100000, 0x00000000d7100000| Complete 
|1394|0x00000000d7200000, 0x00000000d7300000, 0x00000000d7300000|100%| E|CS|TAMS 0x00000000d7200000, 0x00000000d7200000| Complete 
|1395|0x00000000d7300000, 0x00000000d7400000, 0x00000000d7400000|100%| E|CS|TAMS 0x00000000d7300000, 0x00000000d7300000| Complete 
|1396|0x00000000d7400000, 0x00000000d7500000, 0x00000000d7500000|100%| E|CS|TAMS 0x00000000d7400000, 0x00000000d7400000| Complete 
|1397|0x00000000d7500000, 0x00000000d7600000, 0x00000000d7600000|100%| E|CS|TAMS 0x00000000d7500000, 0x00000000d7500000| Complete 
|1398|0x00000000d7600000, 0x00000000d7700000, 0x00000000d7700000|100%| E|CS|TAMS 0x00000000d7600000, 0x00000000d7600000| Complete 
|1399|0x00000000d7700000, 0x00000000d7800000, 0x00000000d7800000|100%| E|CS|TAMS 0x00000000d7700000, 0x00000000d7700000| Complete 
|1400|0x00000000d7800000, 0x00000000d7900000, 0x00000000d7900000|100%| E|CS|TAMS 0x00000000d7800000, 0x00000000d7800000| Complete 
|1401|0x00000000d7900000, 0x00000000d7a00000, 0x00000000d7a00000|100%| E|CS|TAMS 0x00000000d7900000, 0x00000000d7900000| Complete 
|1402|0x00000000d7a00000, 0x00000000d7b00000, 0x00000000d7b00000|100%| E|CS|TAMS 0x00000000d7a00000, 0x00000000d7a00000| Complete 
|1403|0x00000000d7b00000, 0x00000000d7c00000, 0x00000000d7c00000|100%| E|CS|TAMS 0x00000000d7b00000, 0x00000000d7b00000| Complete 
|1404|0x00000000d7c00000, 0x00000000d7d00000, 0x00000000d7d00000|100%| E|CS|TAMS 0x00000000d7c00000, 0x00000000d7c00000| Complete 
|1405|0x00000000d7d00000, 0x00000000d7e00000, 0x00000000d7e00000|100%| E|CS|TAMS 0x00000000d7d00000, 0x00000000d7d00000| Complete 
|1406|0x00000000d7e00000, 0x00000000d7f00000, 0x00000000d7f00000|100%| E|CS|TAMS 0x00000000d7e00000, 0x00000000d7e00000| Complete 
|1407|0x00000000d7f00000, 0x00000000d8000000, 0x00000000d8000000|100%| E|CS|TAMS 0x00000000d7f00000, 0x00000000d7f00000| Complete 
|1408|0x00000000d8000000, 0x00000000d8100000, 0x00000000d8100000|100%| E|CS|TAMS 0x00000000d8000000, 0x00000000d8000000| Complete 
|1409|0x00000000d8100000, 0x00000000d8200000, 0x00000000d8200000|100%| E|CS|TAMS 0x00000000d8100000, 0x00000000d8100000| Complete 
|1410|0x00000000d8200000, 0x00000000d8300000, 0x00000000d8300000|100%| E|CS|TAMS 0x00000000d8200000, 0x00000000d8200000| Complete 
|1411|0x00000000d8300000, 0x00000000d8400000, 0x00000000d8400000|100%| E|CS|TAMS 0x00000000d8300000, 0x00000000d8300000| Complete 
|1412|0x00000000d8400000, 0x00000000d8500000, 0x00000000d8500000|100%| E|CS|TAMS 0x00000000d8400000, 0x00000000d8400000| Complete 
|1413|0x00000000d8500000, 0x00000000d8600000, 0x00000000d8600000|100%| E|CS|TAMS 0x00000000d8500000, 0x00000000d8500000| Complete 
|1414|0x00000000d8600000, 0x00000000d8700000, 0x00000000d8700000|100%| E|CS|TAMS 0x00000000d8600000, 0x00000000d8600000| Complete 
|2046|0x00000000ffe00000, 0x00000000ffe75000, 0x00000000fff00000| 45%|OA|  |TAMS 0x00000000ffe75000, 0x00000000ffe00000| Untracked 
|2047|0x00000000fff00000, 0x00000000fff78000, 0x0000000100000000| 46%|CA|  |TAMS 0x00000000fff78000, 0x00000000fff00000| Untracked 

Card table byte_map: [0x000077cdde000000,0x000077cdde400000] _byte_map_base: 0x000077cdddc00000

Marking Bits (Prev, Next): (CMBitMap*) 0x000077cdd8078670, (CMBitMap*) 0x000077cdd80786b0
 Prev Bits: [0x000077cdbf400000, 0x000077cdc1400000)
 Next Bits: [0x000077cdbd400000, 0x000077cdbf400000)

Polling page: 0x000077cde1048000

Metaspace:

Usage:
  Non-class:    177.45 MB used.
      Class:     26.75 MB used.
       Both:    204.20 MB used.

Virtual space:
  Non-class space:      192.00 MB reserved,     178.12 MB ( 93%) committed,  3 nodes.
      Class space:        1.00 GB reserved,      27.38 MB (  3%) committed,  1 nodes.
             Both:        1.19 GB reserved,     205.50 MB ( 17%) committed. 

Chunk freelists:
   Non-Class:  13.75 MB
       Class:  4.45 MB
        Both:  18.20 MB

MaxMetaspaceSize: unlimited
CompressedClassSpaceSize: 1.00 GB
Initial GC threshold: 21.00 MB
Current GC threshold: 342.50 MB
CDS: on
MetaspaceReclaimPolicy: balanced
 - commit_granule_bytes: 65536.
 - commit_granule_words: 8192.
 - virtual_space_node_default_size: 8388608.
 - enlarge_chunks_in_place: 1.
 - new_chunks_are_fully_committed: 0.
 - uncommit_free_chunks: 1.
 - use_allocation_guard: 0.
 - handle_deallocations: 1.


Internal statistics:

num_allocs_failed_limit: 28.
num_arena_births: 2168.
num_arena_deaths: 108.
num_vsnodes_births: 4.
num_vsnodes_deaths: 0.
num_space_committed: 3285.
num_space_uncommitted: 0.
num_chunks_returned_to_freelist: 184.
num_chunks_taken_from_freelist: 11573.
num_chunk_merges: 84.
num_chunk_splits: 7633.
num_chunks_enlarged: 4856.
num_inconsistent_stats: 0.

CodeHeap 'non-profiled nmethods': size=120028Kb used=20617Kb max_used=20910Kb free=99410Kb
 bounds [0x000077cdc8ec9000, 0x000077cdca339000, 0x000077cdd0400000]
CodeHeap 'profiled nmethods': size=120028Kb used=70048Kb max_used=70048Kb free=49979Kb
 bounds [0x000077cdc1400000, 0x000077cdc5870000, 0x000077cdc8937000]
CodeHeap 'non-nmethods': size=5704Kb used=1929Kb max_used=2017Kb free=3774Kb
 bounds [0x000077cdc8937000, 0x000077cdc8ba7000, 0x000077cdc8ec9000]
 total_blobs=31154 nmethods=30104 adapters=958
 compilation: enabled
              stopped_count=0, restarted_count=0
 full_count=0

Compilation events (20 events):
Event: 412.025 Thread 0x000077cdd8240950 nmethod 40901 0x000077cdca08b590 code [0x000077cdca08b720, 0x000077cdca08b7f0]
Event: 412.026 Thread 0x000077cd4144d030 nmethod 39170 0x000077cdc96c0310 code [0x000077cdc96c05a0, 0x000077cdc96c1638]
Event: 412.026 Thread 0x000077cd4144d030 39131       4       com.android.tools.r8.internal.Kt::b (194 bytes)
Event: 412.026 Thread 0x000077cdd8240950 40902       1       org.jetbrains.kotlin.load.java.lazy.descriptors.LazyJavaClassDescriptor::getOuterContext (5 bytes)
Event: 412.026 Thread 0x000077cdd8240950 nmethod 40902 0x000077cdc9ea2690 code [0x000077cdc9ea2820, 0x000077cdc9ea28f0]
Event: 412.026 Thread 0x000077cdd8240950 40903       1       org.jetbrains.kotlin.load.java.lazy.JavaResolverComponents::getJavaModuleResolver (5 bytes)
Event: 412.026 Thread 0x000077cdd8240950 nmethod 40903 0x000077cdc9b8cf10 code [0x000077cdc9b8d0a0, 0x000077cdc9b8d170]
Event: 412.027 Thread 0x000077cdd8240950 40904       2       org.jetbrains.kotlin.resolve.jvm.jvmSignature.JvmMethodGenericSignature::<init> (28 bytes)
Event: 412.027 Thread 0x000077cdd8240950 nmethod 40904 0x000077cdc5867690 code [0x000077cdc5867860, 0x000077cdc5867b50]
Event: 412.027 Thread 0x000077cdd8240950 40905       2       org.jetbrains.kotlin.resolve.jvm.jvmSignature.JvmMethodSignature::<init> (31 bytes)
Event: 412.027 Thread 0x000077cdd8240950 nmethod 40905 0x000077cdc5867c90 code [0x000077cdc5867e40, 0x000077cdc5868070]
Event: 412.027 Thread 0x000077cdd8240950 40906       2       org.jetbrains.kotlin.builtins.KotlinBuiltIns::isDeprecated (105 bytes)
Event: 412.027 Thread 0x000077cdd8240950 nmethod 40906 0x000077cdc5868190 code [0x000077cdc58683c0, 0x000077cdc5868840]
Event: 412.029 Thread 0x000077cdd8240950 40907       2       org.jetbrains.kotlin.utils.SmartSet$Companion::create (28 bytes)
Event: 412.029 Thread 0x000077cdd8240950 nmethod 40907 0x000077cdc5868a10 code [0x000077cdc5868c00, 0x000077cdc5868f40]
Event: 412.032 Thread 0x000077cd3cfa6930 nmethod 40838 0x000077cdc9d88b90 code [0x000077cdc9d89060, 0x000077cdc9d8cac8]
Event: 412.032 Thread 0x000077cd3cfa6930 39141       4       com.android.tools.r8.internal.H5::w (36 bytes)
Event: 412.032 Thread 0x000077cdd8240950 40908       3       org.jetbrains.kotlin.types.expressions.ExpressionTypingVisitorDispatcher$ForBlock::<init> (61 bytes)
Event: 412.032 Thread 0x000077cdd8240950 nmethod 40908 0x000077cdc5869190 code [0x000077cdc5869380, 0x000077cdc58697a0]
Event: 412.032 Thread 0x000077cdd8240950 40909       2       org.jetbrains.kotlin.types.expressions.ExpressionTypingVisitorDispatcher$ForBlock::visitSimpleNameExpression (10 bytes)

GC Heap History (20 events):
Event: 10.734 GC heap after
{Heap after GC invocations=52 (full 0):
 garbage-first heap   total 1249280K, used 683308K [0x0000000080000000, 0x0000000100000000)
  region size 1024K, 5 young (5120K), 5 survivors (5120K)
 Metaspace       used 181681K, committed 182848K, reserved 1245184K
  class space    used 24276K, committed 24832K, reserved 1048576K
}
Event: 10.962 GC heap before
{Heap before GC invocations=52 (full 0):
 garbage-first heap   total 1249280K, used 803116K [0x0000000080000000, 0x0000000100000000)
  region size 1024K, 61 young (62464K), 5 survivors (5120K)
 Metaspace       used 182837K, committed 184000K, reserved 1245184K
  class space    used 24379K, committed 24896K, reserved 1048576K
}
Event: 10.968 GC heap after
{Heap after GC invocations=53 (full 0):
 garbage-first heap   total 1249280K, used 650362K [0x0000000080000000, 0x0000000100000000)
  region size 1024K, 8 young (8192K), 8 survivors (8192K)
 Metaspace       used 182837K, committed 184000K, reserved 1245184K
  class space    used 24379K, committed 24896K, reserved 1048576K
}
Event: 12.334 GC heap before
{Heap before GC invocations=53 (full 0):
 garbage-first heap   total 1249280K, used 1194106K [0x0000000080000000, 0x0000000100000000)
  region size 1024K, 361 young (369664K), 8 survivors (8192K)
 Metaspace       used 189326K, committed 190464K, reserved 1245184K
  class space    used 24991K, committed 25536K, reserved 1048576K
}
Event: 12.342 GC heap after
{Heap after GC invocations=54 (full 0):
 garbage-first heap   total 1249280K, used 792953K [0x0000000080000000, 0x0000000100000000)
  region size 1024K, 31 young (31744K), 31 survivors (31744K)
 Metaspace       used 189326K, committed 190464K, reserved 1245184K
  class space    used 24991K, committed 25536K, reserved 1048576K
}
Event: 12.582 GC heap before
{Heap before GC invocations=54 (full 0):
 garbage-first heap   total 1249280K, used 887161K [0x0000000080000000, 0x0000000100000000)
  region size 1024K, 65 young (66560K), 31 survivors (31744K)
 Metaspace       used 189711K, committed 190912K, reserved 1245184K
  class space    used 25022K, committed 25600K, reserved 1048576K
}
Event: 12.589 GC heap after
{Heap after GC invocations=55 (full 0):
 garbage-first heap   total 1249280K, used 838893K [0x0000000080000000, 0x0000000100000000)
  region size 1024K, 6 young (6144K), 6 survivors (6144K)
 Metaspace       used 189711K, committed 190912K, reserved 1245184K
  class space    used 25022K, committed 25600K, reserved 1048576K
}
Event: 14.515 GC heap before
{Heap before GC invocations=56 (full 0):
 garbage-first heap   total 1451008K, used 1083629K [0x0000000080000000, 0x0000000100000000)
  region size 1024K, 234 young (239616K), 6 survivors (6144K)
 Metaspace       used 194243K, committed 195392K, reserved 1245184K
  class space    used 25587K, committed 26112K, reserved 1048576K
}
Event: 14.521 GC heap after
{Heap after GC invocations=57 (full 0):
 garbage-first heap   total 1451008K, used 721675K [0x0000000080000000, 0x0000000100000000)
  region size 1024K, 21 young (21504K), 21 survivors (21504K)
 Metaspace       used 194243K, committed 195392K, reserved 1245184K
  class space    used 25587K, committed 26112K, reserved 1048576K
}
Event: 15.054 GC heap before
{Heap before GC invocations=57 (full 0):
 garbage-first heap   total 1451008K, used 771851K [0x0000000080000000, 0x0000000100000000)
  region size 1024K, 70 young (71680K), 21 survivors (21504K)
 Metaspace       used 200889K, committed 202048K, reserved 1245184K
  class space    used 26518K, committed 27072K, reserved 1048576K
}
Event: 15.066 GC heap after
{Heap after GC invocations=58 (full 0):
 garbage-first heap   total 1451008K, used 596909K [0x0000000080000000, 0x0000000100000000)
  region size 1024K, 5 young (5120K), 5 survivors (5120K)
 Metaspace       used 200889K, committed 202048K, reserved 1245184K
  class space    used 26518K, committed 27072K, reserved 1048576K
}
Event: 408.850 GC heap before
{Heap before GC invocations=58 (full 0):
 garbage-first heap   total 1451008K, used 662445K [0x0000000080000000, 0x0000000100000000)
  region size 1024K, 70 young (71680K), 5 survivors (5120K)
 Metaspace       used 202623K, committed 203776K, reserved 1245184K
  class space    used 26725K, committed 27264K, reserved 1048576K
}
Event: 408.854 GC heap after
{Heap after GC invocations=59 (full 0):
 garbage-first heap   total 1451008K, used 596650K [0x0000000080000000, 0x0000000100000000)
  region size 1024K, 9 young (9216K), 9 survivors (9216K)
 Metaspace       used 202623K, committed 203776K, reserved 1245184K
  class space    used 26725K, committed 27264K, reserved 1048576K
}
Event: 410.840 GC heap before
{Heap before GC invocations=59 (full 0):
 garbage-first heap   total 1451008K, used 1328810K [0x0000000080000000, 0x0000000100000000)
  region size 1024K, 581 young (594944K), 9 survivors (9216K)
 Metaspace       used 208376K, committed 209728K, reserved 1245184K
  class space    used 27377K, committed 28032K, reserved 1048576K
}
Event: 410.860 GC heap after
{Heap after GC invocations=60 (full 0):
 garbage-first heap   total 1451008K, used 754244K [0x0000000080000000, 0x0000000100000000)
  region size 1024K, 73 young (74752K), 73 survivors (74752K)
 Metaspace       used 208376K, committed 209728K, reserved 1245184K
  class space    used 27377K, committed 28032K, reserved 1048576K
}
Event: 411.244 GC heap before
{Heap before GC invocations=60 (full 0):
 garbage-first heap   total 1451008K, used 1196612K [0x0000000080000000, 0x0000000100000000)
  region size 1024K, 489 young (500736K), 73 survivors (74752K)
 Metaspace       used 208685K, committed 210048K, reserved 1245184K
  class space    used 27384K, committed 28032K, reserved 1048576K
}
Event: 411.295 GC heap after
{Heap after GC invocations=61 (full 0):
 garbage-first heap   total 1451008K, used 921701K [0x0000000080000000, 0x0000000100000000)
  region size 1024K, 62 young (63488K), 62 survivors (63488K)
 Metaspace       used 208685K, committed 210048K, reserved 1245184K
  class space    used 27384K, committed 28032K, reserved 1048576K
}
Event: 411.688 GC heap before
{Heap before GC invocations=61 (full 0):
 garbage-first heap   total 1451008K, used 1165413K [0x0000000080000000, 0x0000000100000000)
  region size 1024K, 295 young (302080K), 62 survivors (63488K)
 Metaspace       used 208993K, committed 210368K, reserved 1245184K
  class space    used 27385K, committed 28032K, reserved 1048576K
}
Event: 411.728 GC heap after
{Heap after GC invocations=62 (full 0):
 garbage-first heap   total 1451008K, used 1011882K [0x0000000080000000, 0x0000000100000000)
  region size 1024K, 37 young (37888K), 37 survivors (37888K)
 Metaspace       used 208993K, committed 210368K, reserved 1245184K
  class space    used 27385K, committed 28032K, reserved 1048576K
}
Event: 412.033 GC heap before
{Heap before GC invocations=63 (full 0):
 garbage-first heap   total 1451008K, used 923818K [0x0000000080000000, 0x0000000100000000)
  region size 1024K, 202 young (206848K), 37 survivors (37888K)
 Metaspace       used 209098K, committed 210432K, reserved 1245184K
  class space    used 27389K, committed 28032K, reserved 1048576K
}

Dll operation events (15 events):
Event: 0.001 Loaded shared library /usr/lib/jvm/java-17-openjdk-amd64/lib/libjava.so
Event: 0.014 Loaded shared library /usr/lib/jvm/java-17-openjdk-amd64/lib/libjsvml.so
Event: 0.036 Loaded shared library /usr/lib/jvm/java-17-openjdk-amd64/lib/libzip.so
Event: 0.036 Loaded shared library /usr/lib/jvm/java-17-openjdk-amd64/lib/libinstrument.so
Event: 0.037 Loaded shared library /usr/lib/jvm/java-17-openjdk-amd64/lib/libnio.so
Event: 0.038 Loaded shared library /usr/lib/jvm/java-17-openjdk-amd64/lib/libzip.so
Event: 0.096 Loaded shared library /usr/lib/jvm/java-17-openjdk-amd64/lib/libjimage.so
Event: 0.141 Loaded shared library /usr/lib/jvm/java-17-openjdk-amd64/lib/libverify.so
Event: 0.191 Loaded shared library /usr/lib/jvm/java-17-openjdk-amd64/lib/libnet.so
Event: 0.192 Loaded shared library /home/stariver/.gradle/native/c067742578af261105cb4f569cf0c3c89f3d7b1fecec35dd04571415982c5e48/linux-amd64/libnative-platform.so
Event: 0.193 Loaded shared library /home/stariver/.gradle/native/100fb08df4bc3b14c8652ba06237920a3bd2aa13389f12d3474272988ae205f9/linux-amd64/libnative-platform-file-events.so
Event: 0.426 Loaded shared library /usr/lib/jvm/java-17-openjdk-amd64/lib/libmanagement.so
Event: 0.426 Loaded shared library /usr/lib/jvm/java-17-openjdk-amd64/lib/libmanagement_ext.so
Event: 0.473 Loaded shared library /usr/lib/jvm/java-17-openjdk-amd64/lib/libextnet.so
Event: 409.473 Loaded shared library /usr/lib/jvm/java-17-openjdk-amd64/lib/librmi.so

Deoptimization events (20 events):
Event: 412.009 Thread 0x000077cca400a440 DEOPT PACKING pc=0x000077cdc33cd8c3 sp=0x000077cbeeffce60
Event: 412.009 Thread 0x000077cca400a440 DEOPT UNPACKING pc=0x000077cdc898de2f sp=0x000077cbeeffc368 mode 0
Event: 412.011 Thread 0x000077cca400a440 DEOPT PACKING pc=0x000077cdc33cd8c3 sp=0x000077cbeeffce60
Event: 412.011 Thread 0x000077cca400a440 DEOPT UNPACKING pc=0x000077cdc898de2f sp=0x000077cbeeffc368 mode 0
Event: 412.015 Thread 0x000077cca400a440 DEOPT PACKING pc=0x000077cdc33cd8c3 sp=0x000077cbeeffce60
Event: 412.015 Thread 0x000077cca400a440 DEOPT UNPACKING pc=0x000077cdc898de2f sp=0x000077cbeeffc368 mode 0
Event: 412.017 Thread 0x000077cca400a440 DEOPT PACKING pc=0x000077cdc33cd8c3 sp=0x000077cbeeffce60
Event: 412.017 Thread 0x000077cca400a440 DEOPT UNPACKING pc=0x000077cdc898de2f sp=0x000077cbeeffc368 mode 0
Event: 412.020 Thread 0x000077cca400a440 DEOPT PACKING pc=0x000077cdc33cd8c3 sp=0x000077cbeeffce60
Event: 412.020 Thread 0x000077cca400a440 DEOPT UNPACKING pc=0x000077cdc898de2f sp=0x000077cbeeffc368 mode 0
Event: 412.023 Thread 0x000077cc0417dfb0 Uncommon trap: trap_request=0xffffffde fr.pc=0x000077cdc9f3aa58 relative=0x0000000000002b78
Event: 412.023 Thread 0x000077cc0417dfb0 Uncommon trap: reason=class_check action=maybe_recompile pc=0x000077cdc9f3aa58 method=org.jetbrains.kotlin.resolve.calls.util.IsFromStdlibJre7Or8Kt.isLowPriorityFromStdlibJre7Or8(Lorg/jetbrains/kotlin/descriptors/CallableDescriptor;)Z @ 116 c2
Event: 412.023 Thread 0x000077cc0417dfb0 DEOPT PACKING pc=0x000077cdc9f3aa58 sp=0x000077cbf61f91f0
Event: 412.023 Thread 0x000077cc0417dfb0 DEOPT UNPACKING pc=0x000077cdc898d699 sp=0x000077cbf61f8fe0 mode 2
Event: 412.026 Thread 0x000077cca400a440 DEOPT PACKING pc=0x000077cdc33cd8c3 sp=0x000077cbeeffce60
Event: 412.026 Thread 0x000077cca400a440 DEOPT UNPACKING pc=0x000077cdc898de2f sp=0x000077cbeeffc368 mode 0
Event: 412.029 Thread 0x000077cca400a440 DEOPT PACKING pc=0x000077cdc33cd8c3 sp=0x000077cbeeffce60
Event: 412.029 Thread 0x000077cca400a440 DEOPT UNPACKING pc=0x000077cdc898de2f sp=0x000077cbeeffc368 mode 0
Event: 412.031 Thread 0x000077cca400a440 DEOPT PACKING pc=0x000077cdc33cd8c3 sp=0x000077cbeeffce60
Event: 412.031 Thread 0x000077cca400a440 DEOPT UNPACKING pc=0x000077cdc898de2f sp=0x000077cbeeffc368 mode 0

Classes loaded (20 events):
Event: 409.494 Loading class java/rmi/server/ServerNotActiveException
Event: 409.494 Loading class java/rmi/server/ServerNotActiveException done
Event: 409.495 Loading class sun/rmi/transport/DGCAckHandler
Event: 409.495 Loading class sun/rmi/transport/DGCAckHandler done
Event: 409.496 Loading class sun/rmi/transport/DGCAckHandler$1
Event: 409.496 Loading class sun/rmi/transport/DGCAckHandler$1 done
Event: 409.497 Loading class sun/rmi/transport/tcp/TCPTransport$ConnectionHandler
Event: 409.497 Loading class sun/rmi/transport/tcp/TCPTransport$ConnectionHandler done
Event: 409.499 Loading class sun/rmi/transport/Transport$1
Event: 409.499 Loading class sun/rmi/transport/Transport$1 done
Event: 409.499 Loading class sun/rmi/transport/DGCImpl$LeaseInfo
Event: 409.499 Loading class sun/rmi/transport/DGCImpl$LeaseInfo done
Event: 409.499 Loading class sun/rmi/transport/DGCImpl$1
Event: 409.499 Loading class sun/rmi/transport/DGCImpl$1 done
Event: 409.499 Loading class sun/rmi/transport/SequenceEntry
Event: 409.499 Loading class sun/rmi/transport/SequenceEntry done
Event: 410.403 Loading class java/io/FileReader
Event: 410.404 Loading class java/io/FileReader done
Event: 410.860 Loading class sun/rmi/transport/DGCClient$EndpointEntry$CleanRequest
Event: 410.861 Loading class sun/rmi/transport/DGCClient$EndpointEntry$CleanRequest done

Classes unloaded (20 events):
Event: 6.279 Thread 0x000077cdd8230990 Unloading class 0x000077cd6101d000 'java/lang/invoke/LambdaForm$DMH+0x000077cd6101d000'
Event: 6.279 Thread 0x000077cdd8230990 Unloading class 0x000077cd6101cc00 'java/lang/invoke/LambdaForm$DMH+0x000077cd6101cc00'
Event: 6.279 Thread 0x000077cdd8230990 Unloading class 0x000077cd6101c800 'java/lang/invoke/LambdaForm$DMH+0x000077cd6101c800'
Event: 6.279 Thread 0x000077cdd8230990 Unloading class 0x000077cd6101c000 'java/lang/invoke/LambdaForm$DMH+0x000077cd6101c000'
Event: 6.279 Thread 0x000077cdd8230990 Unloading class 0x000077cd61011800 'java/lang/invoke/LambdaForm$DMH+0x000077cd61011800'
Event: 6.279 Thread 0x000077cdd8230990 Unloading class 0x000077cd61010800 'java/lang/invoke/LambdaForm$DMH+0x000077cd61010800'
Event: 6.279 Thread 0x000077cdd8230990 Unloading class 0x000077cd61011000 'java/lang/invoke/LambdaForm$DMH+0x000077cd61011000'
Event: 6.279 Thread 0x000077cdd8230990 Unloading class 0x000077cd61011400 'java/lang/invoke/LambdaForm$DMH+0x000077cd61011400'
Event: 6.279 Thread 0x000077cdd8230990 Unloading class 0x000077cd60f92400 'java/lang/invoke/LambdaForm$DMH+0x000077cd60f92400'
Event: 6.279 Thread 0x000077cdd8230990 Unloading class 0x000077cd60f92000 'java/lang/invoke/LambdaForm$DMH+0x000077cd60f92000'
Event: 6.279 Thread 0x000077cdd8230990 Unloading class 0x000077cd60f90400 'java/lang/invoke/LambdaForm$DMH+0x000077cd60f90400'
Event: 6.279 Thread 0x000077cdd8230990 Unloading class 0x000077cd60f91800 'java/lang/invoke/LambdaForm$DMH+0x000077cd60f91800'
Event: 6.279 Thread 0x000077cdd8230990 Unloading class 0x000077cd60f91400 'java/lang/invoke/LambdaForm$DMH+0x000077cd60f91400'
Event: 6.279 Thread 0x000077cdd8230990 Unloading class 0x000077cd60f92800 'java/lang/invoke/LambdaForm$DMH+0x000077cd60f92800'
Event: 6.279 Thread 0x000077cdd8230990 Unloading class 0x000077cd60f91c00 'java/lang/invoke/LambdaForm$DMH+0x000077cd60f91c00'
Event: 6.279 Thread 0x000077cdd8230990 Unloading class 0x000077cd60f90c00 'java/lang/invoke/LambdaForm$DMH+0x000077cd60f90c00'
Event: 6.279 Thread 0x000077cdd8230990 Unloading class 0x000077cd60f91000 'java/lang/invoke/LambdaForm$DMH+0x000077cd60f91000'
Event: 6.279 Thread 0x000077cdd8230990 Unloading class 0x000077cd60f90800 'java/lang/invoke/LambdaForm$DMH+0x000077cd60f90800'
Event: 7.634 Thread 0x000077cdd8230990 Unloading class 0x000077cd61244800 'jdk/internal/reflect/GeneratedSerializationConstructorAccessor85'
Event: 7.634 Thread 0x000077cdd8230990 Unloading class 0x000077cd61244400 'jdk/internal/reflect/GeneratedSerializationConstructorAccessor84'

Classes redefined (0 events):
No events

Internal exceptions (20 events):
Event: 410.633 Thread 0x000077cc5000e480 Exception <a 'sun/nio/fs/UnixException'{0x00000000c4edffd8}> (0x00000000c4edffd8) 
thrown [./src/hotspot/share/prims/jni.cpp, line 516]
Event: 410.633 Thread 0x000077cc5000e480 Exception <a 'sun/nio/fs/UnixException'{0x00000000c4ee0910}> (0x00000000c4ee0910) 
thrown [./src/hotspot/share/prims/jni.cpp, line 516]
Event: 410.633 Thread 0x000077cc5000e480 Exception <a 'sun/nio/fs/UnixException'{0x00000000c4ee1300}> (0x00000000c4ee1300) 
thrown [./src/hotspot/share/prims/jni.cpp, line 516]
Event: 410.633 Thread 0x000077cc5000e480 Exception <a 'sun/nio/fs/UnixException'{0x00000000c4ee1c80}> (0x00000000c4ee1c80) 
thrown [./src/hotspot/share/prims/jni.cpp, line 516]
Event: 410.635 Thread 0x000077cc0417dfb0 Implicit null exception at 0x000077cdc9fa39f3 to 0x000077cdc9fa3f0c
Event: 410.635 Thread 0x000077cc0417dfb0 Implicit null exception at 0x000077cdc9fb504f to 0x000077cdc9fb5119
Event: 410.650 Thread 0x000077cca4002b40 Exception <a 'sun/nio/fs/UnixException'{0x00000000c39696d0}> (0x00000000c39696d0) 
thrown [./src/hotspot/share/prims/jni.cpp, line 516]
Event: 410.651 Thread 0x000077cc041318a0 Exception <a 'sun/nio/fs/UnixException'{0x00000000c39f2e08}> (0x00000000c39f2e08) 
thrown [./src/hotspot/share/prims/jni.cpp, line 516]
Event: 410.658 Thread 0x000077cca4005e70 Exception <a 'sun/nio/fs/UnixException'{0x00000000c2fddc28}> (0x00000000c2fddc28) 
thrown [./src/hotspot/share/prims/jni.cpp, line 516]
Event: 410.700 Thread 0x000077cc0417dfb0 Implicit null exception at 0x000077cdc9994fba to 0x000077cdc9994fe8
Event: 410.700 Thread 0x000077cc0417dfb0 Implicit null exception at 0x000077cdca0140be to 0x000077cdca014e38
Event: 410.701 Thread 0x000077cc0417dfb0 Implicit null exception at 0x000077cdc8ff42ba to 0x000077cdc8ff42e8
Event: 410.703 Thread 0x000077cc0417dfb0 Implicit null exception at 0x000077cdc999e320 to 0x000077cdc99a0448
Event: 410.703 Thread 0x000077cc0417dfb0 Implicit null exception at 0x000077cdc9b55bb2 to 0x000077cdc9b560f0
Event: 410.704 Thread 0x000077cc0417dfb0 Implicit null exception at 0x000077cdc99aff9e to 0x000077cdc99b0464
Event: 410.704 Thread 0x000077cc0417dfb0 Implicit null exception at 0x000077cdc97c0bfc to 0x000077cdc97c62ac
Event: 410.731 Thread 0x000077cca40030b0 Exception <a 'sun/nio/fs/UnixException'{0x00000000c09819e8}> (0x00000000c09819e8) 
thrown [./src/hotspot/share/prims/jni.cpp, line 516]
Event: 410.731 Thread 0x000077cca40030b0 Exception <a 'sun/nio/fs/UnixException'{0x00000000c09c83f0}> (0x00000000c09c83f0) 
thrown [./src/hotspot/share/prims/jni.cpp, line 516]
Event: 410.732 Thread 0x000077cca40030b0 Exception <a 'sun/nio/fs/UnixException'{0x00000000c09dea08}> (0x00000000c09dea08) 
thrown [./src/hotspot/share/prims/jni.cpp, line 516]
Event: 410.948 Thread 0x000077cc0417dfb0 Implicit null exception at 0x000077cdc993f255 to 0x000077cdc993f3cc

VM Operations (20 events):
Event: 411.326 Executing VM operation: HandshakeAllThreads done
Event: 411.381 Executing VM operation: HandshakeAllThreads
Event: 411.381 Executing VM operation: HandshakeAllThreads done
Event: 411.396 Executing VM operation: ICBufferFull
Event: 411.396 Executing VM operation: ICBufferFull done
Event: 411.430 Executing VM operation: HandshakeAllThreads
Event: 411.431 Executing VM operation: HandshakeAllThreads done
Event: 411.480 Executing VM operation: ICBufferFull
Event: 411.480 Executing VM operation: ICBufferFull done
Event: 411.542 Executing VM operation: ICBufferFull
Event: 411.542 Executing VM operation: ICBufferFull done
Event: 411.674 Executing VM operation: ICBufferFull
Event: 411.674 Executing VM operation: ICBufferFull done
Event: 411.688 Executing VM operation: G1CollectForAllocation
Event: 411.728 Executing VM operation: G1CollectForAllocation done
Event: 411.861 Executing VM operation: G1PauseRemark
Event: 411.867 Executing VM operation: G1PauseRemark done
Event: 411.949 Executing VM operation: G1PauseCleanup
Event: 411.949 Executing VM operation: G1PauseCleanup done
Event: 412.032 Executing VM operation: G1CollectForAllocation

Memory protections (20 events):
Event: 410.634 Protecting memory [0x000077cbef700000,0x000077cbef704000] with protection modes 0
Event: 410.635 Protecting memory [0x000077cbef600000,0x000077cbef604000] with protection modes 0
Event: 410.635 Protecting memory [0x000077cbef500000,0x000077cbef504000] with protection modes 0
Event: 410.635 Protecting memory [0x000077cbef100000,0x000077cbef104000] with protection modes 0
Event: 410.637 Protecting memory [0x000077cbef000000,0x000077cbef004000] with protection modes 0
Event: 410.638 Protecting memory [0x000077cbeef00000,0x000077cbeef04000] with protection modes 0
Event: 410.639 Protecting memory [0x000077cbeee00000,0x000077cbeee04000] with protection modes 0
Event: 410.640 Protecting memory [0x000077cbeed00000,0x000077cbeed04000] with protection modes 0
Event: 410.961 Protecting memory [0x000077cbf6700000,0x000077cbf6704000] with protection modes 0
Event: 410.961 Protecting memory [0x000077cbf6000000,0x000077cbf6004000] with protection modes 0
Event: 410.961 Protecting memory [0x000077cbeeb00000,0x000077cbeeb04000] with protection modes 0
Event: 410.962 Protecting memory [0x000077cbeea00000,0x000077cbeea04000] with protection modes 0
Event: 410.962 Protecting memory [0x000077cbee900000,0x000077cbee904000] with protection modes 0
Event: 410.962 Protecting memory [0x000077cbee800000,0x000077cbee804000] with protection modes 0
Event: 410.962 Protecting memory [0x000077cbee700000,0x000077cbee704000] with protection modes 0
Event: 410.966 Protecting memory [0x000077cbee600000,0x000077cbee604000] with protection modes 0
Event: 410.969 Protecting memory [0x000077cbee500000,0x000077cbee504000] with protection modes 0
Event: 411.589 Protecting memory [0x000077cbee400000,0x000077cbee404000] with protection modes 0
Event: 411.590 Protecting memory [0x000077cbee300000,0x000077cbee304000] with protection modes 0
Event: 411.590 Protecting memory [0x000077cbee200000,0x000077cbee204000] with protection modes 0

Nmethod flushes (20 events):
Event: 411.460 Thread 0x000077cdd8249dc0 flushing  nmethod 0x000077cdc48a6790
Event: 411.461 Thread 0x000077cdd8249dc0 flushing  nmethod 0x000077cdc4934e90
Event: 411.467 Thread 0x000077cdd8249dc0 flushing  nmethod 0x000077cdc5390a90
Event: 411.467 Thread 0x000077cdd8249dc0 flushing  nmethod 0x000077cdc53cc490
Event: 411.467 Thread 0x000077cdd8249dc0 flushing  nmethod 0x000077cdc53e4790
Event: 411.467 Thread 0x000077cdd8249dc0 flushing  nmethod 0x000077cdc53e8290
Event: 411.467 Thread 0x000077cdd8249dc0 flushing  nmethod 0x000077cdc548e010
Event: 411.468 Thread 0x000077cdd8249dc0 flushing  nmethod 0x000077cdc54c9210
Event: 411.468 Thread 0x000077cdd8249dc0 flushing  nmethod 0x000077cdc5530110
Event: 411.468 Thread 0x000077cdd8249dc0 flushing  nmethod 0x000077cdc5543190
Event: 411.468 Thread 0x000077cdd8249dc0 flushing  nmethod 0x000077cdc556a410
Event: 411.468 Thread 0x000077cdd8249dc0 flushing  nmethod 0x000077cdc556cb90
Event: 411.468 Thread 0x000077cdd8249dc0 flushing  nmethod 0x000077cdc556d610
Event: 411.468 Thread 0x000077cdd8249dc0 flushing  nmethod 0x000077cdc5570990
Event: 411.468 Thread 0x000077cdd8249dc0 flushing  nmethod 0x000077cdc5584c10
Event: 411.468 Thread 0x000077cdd8249dc0 flushing  nmethod 0x000077cdc55bec10
Event: 411.468 Thread 0x000077cdd8249dc0 flushing  nmethod 0x000077cdc56c1690
Event: 411.469 Thread 0x000077cdd8249dc0 flushing  nmethod 0x000077cdc56c1d90
Event: 411.469 Thread 0x000077cdd8249dc0 flushing  nmethod 0x000077cdc56c2490
Event: 411.469 Thread 0x000077cdd8249dc0 flushing  nmethod 0x000077cdc56c3e90

Events (20 events):
Event: 410.635 Thread 0x000077cc5000e480 Thread added: 0x000077cca4007130
Event: 410.635 Thread 0x000077cc5000e480 Thread added: 0x000077cca4008310
Event: 410.637 Thread 0x000077cc5000e480 Thread added: 0x000077cca40093d0
Event: 410.638 Thread 0x000077cc5000e480 Thread added: 0x000077cca400a440
Event: 410.639 Thread 0x000077cc5000e480 Thread added: 0x000077cca400b4b0
Event: 410.639 Thread 0x000077cc5000e480 Thread added: 0x000077cca400c140
Event: 410.862 Thread 0x000077cc0c086830 Thread exited: 0x000077cc0c086830
Event: 410.862 Thread 0x000077cc0c097660 Thread exited: 0x000077cc0c097660
Event: 410.961 Thread 0x000077cca400a440 Thread added: 0x000077ccd4005cb0
Event: 410.961 Thread 0x000077ccd4005cb0 Thread added: 0x000077cce985d510
Event: 410.961 Thread 0x000077cce985d510 Thread added: 0x000077cce4001f20
Event: 410.962 Thread 0x000077cce4001f20 Thread added: 0x000077ccf0016db0
Event: 410.962 Thread 0x000077ccf0016db0 Thread added: 0x000077ccec003d30
Event: 410.962 Thread 0x000077ccec003d30 Thread added: 0x000077ccf8002dc0
Event: 410.962 Thread 0x000077ccf8002dc0 Thread added: 0x000077ccf4023bd0
Event: 410.962 Thread 0x000077ccf4023bd0 Thread added: 0x000077cd00007e40
Event: 410.967 Thread 0x000077cd00007e40 Thread added: 0x000077ccfc028950
Event: 411.589 Thread 0x000077cca400a440 Thread added: 0x000077ccd4006a50
Event: 411.590 Thread 0x000077ccf8002dc0 Thread added: 0x000077ccf4028cd0
Event: 411.590 Thread 0x000077ccf8002dc0 Thread added: 0x000077ccf4029990


Dynamic libraries:
80000000-d8700000 rw-p 00000000 00:00 0 
d8700000-ffe00000 ---p 00000000 00:00 0 
ffe00000-ffe75000 rw-p 00c7a000 103:02 118370383                         /usr/lib/jvm/java-17-openjdk-amd64/lib/server/classes.jsa
ffe75000-fff00000 rw-p 00000000 00:00 0 
fff00000-fff78000 rw-p 00c02000 103:02 118370383                         /usr/lib/jvm/java-17-openjdk-amd64/lib/server/classes.jsa
fff78000-100000000 rw-p 00000000 00:00 0 
575c9c805000-575c9c806000 r--p 00000000 103:02 118370229                 /usr/lib/jvm/java-17-openjdk-amd64/bin/java
575c9c806000-575c9c807000 r-xp 00001000 103:02 118370229                 /usr/lib/jvm/java-17-openjdk-amd64/bin/java
575c9c807000-575c9c808000 r--p 00002000 103:02 118370229                 /usr/lib/jvm/java-17-openjdk-amd64/bin/java
575c9c808000-575c9c809000 r--p 00002000 103:02 118370229                 /usr/lib/jvm/java-17-openjdk-amd64/bin/java
575c9c809000-575c9c80a000 rw-p 00003000 103:02 118370229                 /usr/lib/jvm/java-17-openjdk-amd64/bin/java
575cc006f000-575cc0123000 rw-p 00000000 00:00 0                          [heap]
77cbe0000000-77cbe1300000 rw-p 00000000 00:00 0 
77cbe1300000-77cbe1400000 rw-p 00000000 00:00 0 
77cbe1400000-77cbe2d00000 rw-p 00000000 00:00 0 
77cbe2d00000-77cbe2de0000 rw-p 00000000 00:00 0 
77cbe2de0000-77cbe2e00000 ---p 00000000 00:00 0 
77cbe2e00000-77cbe3240000 rw-p 00000000 00:00 0 
77cbe3240000-77cbe4000000 ---p 00000000 00:00 0 
77cbe4ef7000-77cbe4ef8000 ---p 00000000 00:00 0 
77cbe4ef8000-77cbe4ff8000 rw-p 00000000 00:00 0 
77cbe4ff8000-77cbe4ff9000 ---p 00000000 00:00 0 
77cbe4ff9000-77cbe50f9000 rw-p 00000000 00:00 0 
77cbe50f9000-77cbe50fd000 ---p 00000000 00:00 0 
77cbe50fd000-77cbe51f9000 rw-p 00000000 00:00 0 
77cbe51f9000-77cbe51fd000 ---p 00000000 00:00 0 
77cbe51fd000-77cbe52f9000 rw-p 00000000 00:00 0 
77cbe53f9000-77cbe53fd000 ---p 00000000 00:00 0 
77cbe53fd000-77cbe54f9000 rw-p 00000000 00:00 0 
77cbe54f9000-77cbe54fd000 ---p 00000000 00:00 0 
77cbe54fd000-77cbe55f9000 rw-p 00000000 00:00 0 
77cbe55f9000-77cbe55fd000 ---p 00000000 00:00 0 
77cbe55fd000-77cbe56f9000 rw-p 00000000 00:00 0 
77cbe56f9000-77cbe56fd000 ---p 00000000 00:00 0 
77cbe56fd000-77cbe57f9000 rw-p 00000000 00:00 0 
77cbe57f9000-77cbe57fd000 ---p 00000000 00:00 0 
77cbe57fd000-77cbe58f9000 rw-p 00000000 00:00 0 
77cbe58f9000-77cbe58fd000 ---p 00000000 00:00 0 
77cbe58fd000-77cbe59f9000 rw-p 00000000 00:00 0 
77cbe59f9000-77cbe59fd000 ---p 00000000 00:00 0 
77cbe59fd000-77cbe5af9000 rw-p 00000000 00:00 0 
77cbe5af9000-77cbe5afd000 ---p 00000000 00:00 0 
77cbe5afd000-77cbe5bf9000 rw-p 00000000 00:00 0 
77cbe5bf9000-77cbe5bfd000 ---p 00000000 00:00 0 
77cbe5bfd000-77cbe5cf9000 rw-p 00000000 00:00 0 
77cbe5cf9000-77cbe5cfa000 ---p 00000000 00:00 0 
77cbe5cfa000-77cbe5dfa000 rw-p 00000000 00:00 0 
77cbe5dfa000-77cbe5dfb000 ---p 00000000 00:00 0 
77cbe5dfb000-77cbe5efb000 rw-p 00000000 00:00 0 
77cbe5efb000-77cbe5efc000 ---p 00000000 00:00 0 
77cbe5efc000-77cbe5ffc000 rw-p 00000000 00:00 0 
77cbe5ffc000-77cbe5ffd000 ---p 00000000 00:00 0 
77cbe5ffd000-77cbe60fd000 rw-p 00000000 00:00 0 
77cbe60fd000-77cbe60fe000 ---p 00000000 00:00 0 
77cbe60fe000-77cbe61fe000 rw-p 00000000 00:00 0 
77cbe61fe000-77cbe61ff000 ---p 00000000 00:00 0 
77cbe61ff000-77cbe62ff000 rw-p 00000000 00:00 0 
77cbe62ff000-77cbe6300000 ---p 00000000 00:00 0 
77cbe6300000-77cbe6400000 rw-p 00000000 00:00 0 
77cbe6400000-77cbeded2000 r--s 00000000 103:02 118370380                 /usr/lib/jvm/java-17-openjdk-amd64/lib/modules
77cbee200000-77cbee204000 ---p 00000000 00:00 0 
77cbee204000-77cbee300000 rw-p 00000000 00:00 0 
77cbee300000-77cbee304000 ---p 00000000 00:00 0 
77cbee304000-77cbee400000 rw-p 00000000 00:00 0 
77cbee400000-77cbee404000 ---p 00000000 00:00 0 
77cbee404000-77cbee500000 rw-p 00000000 00:00 0 
77cbee500000-77cbee504000 ---p 00000000 00:00 0 
77cbee504000-77cbee600000 rw-p 00000000 00:00 0 
77cbee600000-77cbee604000 ---p 00000000 00:00 0 
77cbee604000-77cbee700000 rw-p 00000000 00:00 0 
77cbee700000-77cbee704000 ---p 00000000 00:00 0 
77cbee704000-77cbee800000 rw-p 00000000 00:00 0 
77cbee800000-77cbee804000 ---p 00000000 00:00 0 
77cbee804000-77cbee900000 rw-p 00000000 00:00 0 
77cbee900000-77cbee904000 ---p 00000000 00:00 0 
77cbee904000-77cbeea00000 rw-p 00000000 00:00 0 
77cbeea00000-77cbeea04000 ---p 00000000 00:00 0 
77cbeea04000-77cbeeb00000 rw-p 00000000 00:00 0 
77cbeeb00000-77cbeeb04000 ---p 00000000 00:00 0 
77cbeeb04000-77cbeec00000 rw-p 00000000 00:00 0 
77cbeec00000-77cbeec04000 ---p 00000000 00:00 0 
77cbeec04000-77cbeed00000 rw-p 00000000 00:00 0 
77cbeed00000-77cbeed04000 ---p 00000000 00:00 0 
77cbeed04000-77cbeee00000 rw-p 00000000 00:00 0 
77cbeee00000-77cbeee04000 ---p 00000000 00:00 0 
77cbeee04000-77cbeef00000 rw-p 00000000 00:00 0 
77cbeef00000-77cbeef04000 ---p 00000000 00:00 0 
77cbeef04000-77cbef000000 rw-p 00000000 00:00 0 
77cbef000000-77cbef004000 ---p 00000000 00:00 0 
77cbef004000-77cbef100000 rw-p 00000000 00:00 0 
77cbef100000-77cbef104000 ---p 00000000 00:00 0 
77cbef104000-77cbef200000 rw-p 00000000 00:00 0 
77cbef200000-77cbef204000 ---p 00000000 00:00 0 
77cbef204000-77cbef300000 rw-p 00000000 00:00 0 
77cbef300000-77cbef304000 ---p 00000000 00:00 0 
77cbef304000-77cbef400000 rw-p 00000000 00:00 0 
77cbef400000-77cbef404000 ---p 00000000 00:00 0 
77cbef404000-77cbef500000 rw-p 00000000 00:00 0 
77cbef500000-77cbef504000 ---p 00000000 00:00 0 
77cbef504000-77cbef600000 rw-p 00000000 00:00 0 
77cbef600000-77cbef604000 ---p 00000000 00:00 0 
77cbef604000-77cbef700000 rw-p 00000000 00:00 0 
77cbef700000-77cbef704000 ---p 00000000 00:00 0 
77cbef704000-77cbef800000 rw-p 00000000 00:00 0 
77cbef800000-77cbef804000 ---p 00000000 00:00 0 
77cbef804000-77cbef900000 rw-p 00000000 00:00 0 
77cbef900000-77cbef904000 ---p 00000000 00:00 0 
77cbef904000-77cbefa00000 rw-p 00000000 00:00 0 
77cbefa00000-77cbefa04000 ---p 00000000 00:00 0 
77cbefa04000-77cbefb00000 rw-p 00000000 00:00 0 
77cbefb00000-77cbefb04000 ---p 00000000 00:00 0 
77cbefb04000-77cbefc00000 rw-p 00000000 00:00 0 
77cbefc00000-77cbefc04000 ---p 00000000 00:00 0 
77cbefc04000-77cbefd00000 rw-p 00000000 00:00 0 
77cbefd00000-77cbefd04000 ---p 00000000 00:00 0 
77cbefd04000-77cbefe00000 rw-p 00000000 00:00 0 
77cbefe00000-77cbefe04000 ---p 00000000 00:00 0 
77cbefe04000-77cbeff00000 rw-p 00000000 00:00 0 
77cbeff00000-77cbeff04000 ---p 00000000 00:00 0 
77cbeff04000-77cbf0000000 rw-p 00000000 00:00 0 
77cbf0000000-77cbf009f000 rw-p 00000000 00:00 0 
77cbf009f000-77cbf4004000 ---p 00000000 00:00 0 
77cbf4004000-77cbf4100000 rw-p 00000000 00:00 0 
77cbf4100000-77cbf4104000 ---p 00000000 00:00 0 
77cbf4104000-77cbf4200000 rw-p 00000000 00:00 0 
77cbf4200000-77cbf4204000 ---p 00000000 00:00 0 
77cbf4204000-77cbf4300000 rw-p 00000000 00:00 0 
77cbf4300000-77cbf4304000 ---p 00000000 00:00 0 
77cbf4304000-77cbf4400000 rw-p 00000000 00:00 0 
77cbf4400000-77cbf4404000 ---p 00000000 00:00 0 
77cbf4404000-77cbf4500000 rw-p 00000000 00:00 0 
77cbf4500000-77cbf4504000 ---p 00000000 00:00 0 
77cbf4504000-77cbf4600000 rw-p 00000000 00:00 0 
77cbf4600000-77cbf4604000 ---p 00000000 00:00 0 
77cbf4604000-77cbf4700000 rw-p 00000000 00:00 0 
77cbf4700000-77cbf4704000 ---p 00000000 00:00 0 
77cbf4704000-77cbf4800000 rw-p 00000000 00:00 0 
77cbf4800000-77cbf4804000 ---p 00000000 00:00 0 
77cbf4804000-77cbf4900000 rw-p 00000000 00:00 0 
77cbf4900000-77cbf4904000 ---p 00000000 00:00 0 
77cbf4904000-77cbf4a00000 rw-p 00000000 00:00 0 
77cbf4a00000-77cbf4a04000 ---p 00000000 00:00 0 
77cbf4a04000-77cbf4b00000 rw-p 00000000 00:00 0 
77cbf4b00000-77cbf4b04000 ---p 00000000 00:00 0 
77cbf4b04000-77cbf4c00000 rw-p 00000000 00:00 0 
77cbf4c00000-77cbf4c04000 ---p 00000000 00:00 0 
77cbf4c04000-77cbf4d00000 rw-p 00000000 00:00 0 
77cbf4d00000-77cbf4d04000 ---p 00000000 00:00 0 
77cbf4d04000-77cbf4e00000 rw-p 00000000 00:00 0 
77cbf4e00000-77cbf4e04000 ---p 00000000 00:00 0 
77cbf4e04000-77cbf4f00000 rw-p 00000000 00:00 0 
77cbf4f00000-77cbf4f04000 ---p 00000000 00:00 0 
77cbf4f04000-77cbf5000000 rw-p 00000000 00:00 0 
77cbf5000000-77cbf5004000 ---p 00000000 00:00 0 
77cbf5004000-77cbf5100000 rw-p 00000000 00:00 0 
77cbf5100000-77cbf5104000 ---p 00000000 00:00 0 
77cbf5104000-77cbf5200000 rw-p 00000000 00:00 0 
77cbf5200000-77cbf5204000 ---p 00000000 00:00 0 
77cbf5204000-77cbf5300000 rw-p 00000000 00:00 0 
77cbf5300000-77cbf5304000 ---p 00000000 00:00 0 
77cbf5304000-77cbf5400000 rw-p 00000000 00:00 0 
77cbf5400000-77cbf5404000 ---p 00000000 00:00 0 
77cbf5404000-77cbf5500000 rw-p 00000000 00:00 0 
77cbf5500000-77cbf5504000 ---p 00000000 00:00 0 
77cbf5504000-77cbf5600000 rw-p 00000000 00:00 0 
77cbf5600000-77cbf5604000 ---p 00000000 00:00 0 
77cbf5604000-77cbf5700000 rw-p 00000000 00:00 0 
77cbf5700000-77cbf5704000 ---p 00000000 00:00 0 
77cbf5704000-77cbf5800000 rw-p 00000000 00:00 0 
77cbf5800000-77cbf5804000 ---p 00000000 00:00 0 
77cbf5804000-77cbf5900000 rw-p 00000000 00:00 0 
77cbf5900000-77cbf5904000 ---p 00000000 00:00 0 
77cbf5904000-77cbf5a00000 rw-p 00000000 00:00 0 
77cbf5a00000-77cbf5a04000 ---p 00000000 00:00 0 
77cbf5a04000-77cbf5b00000 rw-p 00000000 00:00 0 
77cbf5b00000-77cbf5b04000 ---p 00000000 00:00 0 
77cbf5b04000-77cbf5c00000 rw-p 00000000 00:00 0 
77cbf5c00000-77cbf5c04000 ---p 00000000 00:00 0 
77cbf5c04000-77cbf5d00000 rw-p 00000000 00:00 0 
77cbf5d00000-77cbf5d04000 ---p 00000000 00:00 0 
77cbf5d04000-77cbf5e00000 rw-p 00000000 00:00 0 
77cbf5e00000-77cbf5e04000 ---p 00000000 00:00 0 
77cbf5e04000-77cbf5f00000 rw-p 00000000 00:00 0 
77cbf5f00000-77cbf5f04000 ---p 00000000 00:00 0 
77cbf5f04000-77cbf6000000 rw-p 00000000 00:00 0 
77cbf6000000-77cbf6004000 ---p 00000000 00:00 0 
77cbf6004000-77cbf6100000 rw-p 00000000 00:00 0 
77cbf6100000-77cbf6104000 ---p 00000000 00:00 0 
77cbf6104000-77cbf6200000 rw-p 00000000 00:00 0 
77cbf6200000-77cbf6204000 ---p 00000000 00:00 0 
77cbf6204000-77cbf6300000 rw-p 00000000 00:00 0 
77cbf6300000-77cbf6304000 ---p 00000000 00:00 0 
77cbf6304000-77cbf6400000 rw-p 00000000 00:00 0 
77cbf6400000-77cbf6404000 ---p 00000000 00:00 0 
77cbf6404000-77cbf6500000 rw-p 00000000 00:00 0 
77cbf6500000-77cbf6504000 ---p 00000000 00:00 0 
77cbf6504000-77cbf6600000 rw-p 00000000 00:00 0 
77cbf6600000-77cbf6604000 ---p 00000000 00:00 0 
77cbf6604000-77cbf6700000 rw-p 00000000 00:00 0 
77cbf6700000-77cbf6704000 ---p 00000000 00:00 0 
77cbf6704000-77cbf6800000 rw-p 00000000 00:00 0 
77cbf6800000-77cbf6804000 ---p 00000000 00:00 0 
77cbf6804000-77cbf6900000 rw-p 00000000 00:00 0 
77cbf6900000-77cbf6904000 ---p 00000000 00:00 0 
77cbf6904000-77cbf6a00000 rw-p 00000000 00:00 0 
77cbf6a00000-77cbf6a04000 ---p 00000000 00:00 0 
77cbf6a04000-77cbf6b00000 rw-p 00000000 00:00 0 
77cbf6b00000-77cbf6b04000 ---p 00000000 00:00 0 
77cbf6b04000-77cbf6c00000 rw-p 00000000 00:00 0 
77cbf6c00000-77cbf6c04000 ---p 00000000 00:00 0 
77cbf6c04000-77cbf6d00000 rw-p 00000000 00:00 0 
77cbf6d00000-77cbf6d04000 ---p 00000000 00:00 0 
77cbf6d04000-77cbf6e00000 rw-p 00000000 00:00 0 
77cbf6e00000-77cbf6e04000 ---p 00000000 00:00 0 
77cbf6e04000-77cbf6f00000 rw-p 00000000 00:00 0 
77cbf6f00000-77cbf6f04000 ---p 00000000 00:00 0 
77cbf6f04000-77cbf7000000 rw-p 00000000 00:00 0 
77cbf7000000-77cbf7004000 ---p 00000000 00:00 0 
77cbf7004000-77cbf7100000 rw-p 00000000 00:00 0 
77cbf7100000-77cbf7104000 ---p 00000000 00:00 0 
77cbf7104000-77cbf7200000 rw-p 00000000 00:00 0 
77cbf7200000-77cbf7204000 ---p 00000000 00:00 0 
77cbf7204000-77cbf7300000 rw-p 00000000 00:00 0 
77cbf7300000-77cbf7304000 ---p 00000000 00:00 0 
77cbf7304000-77cbf7400000 rw-p 00000000 00:00 0 
77cbf7400000-77cbf7404000 ---p 00000000 00:00 0 
77cbf7404000-77cbf7500000 rw-p 00000000 00:00 0 
77cbf7500000-77cbf7504000 ---p 00000000 00:00 0 
77cbf7504000-77cbf7600000 rw-p 00000000 00:00 0 
77cbf7600000-77cbf7604000 ---p 00000000 00:00 0 
77cbf7604000-77cbf7700000 rw-p 00000000 00:00 0 
77cbf7700000-77cbf7704000 ---p 00000000 00:00 0 
77cbf7704000-77cbf7800000 rw-p 00000000 00:00 0 
77cbf7800000-77cbf7804000 ---p 00000000 00:00 0 
77cbf7804000-77cbf7900000 rw-p 00000000 00:00 0 
77cbf7900000-77cbf7904000 ---p 00000000 00:00 0 
77cbf7904000-77cbf7a00000 rw-p 00000000 00:00 0 
77cbf7a00000-77cbf7a04000 ---p 00000000 00:00 0 
77cbf7a04000-77cbf7b00000 rw-p 00000000 00:00 0 
77cbf7b00000-77cbf7b04000 ---p 00000000 00:00 0 
77cbf7b04000-77cbf7c00000 rw-p 00000000 00:00 0 
77cbf7c00000-77cbf7c04000 ---p 00000000 00:00 0 
77cbf7c04000-77cbf7d00000 rw-p 00000000 00:00 0 
77cbf7d00000-77cbf7d04000 ---p 00000000 00:00 0 
77cbf7d04000-77cbf7e00000 rw-p 00000000 00:00 0 
77cbf7e00000-77cbf7e04000 ---p 00000000 00:00 0 
77cbf7e04000-77cbf7f00000 rw-p 00000000 00:00 0 
77cbf7f00000-77cbf7f04000 ---p 00000000 00:00 0 
77cbf7f04000-77cbf8000000 rw-p 00000000 00:00 0 
77cbf8000000-77cbf80b3000 rw-p 00000000 00:00 0 
77cbf80b3000-77cbfc000000 ---p 00000000 00:00 0 
77cbfc000000-77cbfc14c000 rw-p 00000000 00:00 0 
77cbfc14c000-77cc00000000 ---p 00000000 00:00 0 
77cc00000000-77cc000d5000 rw-p 00000000 00:00 0 
77cc000d5000-77cc04000000 ---p 00000000 00:00 0 
77cc04000000-77cc04238000 rw-p 00000000 00:00 0 
77cc04238000-77cc08000000 ---p 00000000 00:00 0 
77cc08000000-77cc095d9000 rw-p 00000000 00:00 0 
77cc095d9000-77cc0c000000 ---p 00000000 00:00 0 
77cc0c000000-77cc0c332000 rw-p 00000000 00:00 0 
77cc0c332000-77cc10000000 ---p 00000000 00:00 0 
77cc10000000-77cc10700000 rw-p 00000000 00:00 0 
77cc10700000-77cc10fe0000 rw-p 00000000 00:00 0 
77cc10fe0000-77cc12900000 rw-p 00000000 00:00 0 
77cc12900000-77cc12a00000 rw-p 00000000 00:00 0 
77cc12a00000-77cc132a0000 rw-p 00000000 00:00 0 
77cc132a0000-77cc14000000 rw-p 00000000 00:00 0 
77cc14000000-77cc14080000 rw-p 00000000 00:00 0 
77cc14080000-77cc18000000 ---p 00000000 00:00 0 
77cc18000000-77cc19038000 rw-p 00000000 00:00 0 
77cc19038000-77cc1c000000 ---p 00000000 00:00 0 
77cc1c000000-77cc1c04d000 rw-p 00000000 00:00 0 
77cc1c04d000-77cc20000000 ---p 00000000 00:00 0 
77cc20000000-77cc20045000 rw-p 00000000 00:00 0 
77cc20045000-77cc24000000 ---p 00000000 00:00 0 
77cc24000000-77cc2404e000 rw-p 00000000 00:00 0 
77cc2404e000-77cc28000000 ---p 00000000 00:00 0 
77cc28000000-77cc2804d000 rw-p 00000000 00:00 0 
77cc2804d000-77cc2c000000 ---p 00000000 00:00 0 
77cc2c000000-77cc2c04c000 rw-p 00000000 00:00 0 
77cc2c04c000-77cc30000000 ---p 00000000 00:00 0 
77cc30000000-77cc30054000 rw-p 00000000 00:00 0 
77cc30054000-77cc34000000 ---p 00000000 00:00 0 
77cc34000000-77cc34a0e000 rw-p 00000000 00:00 0 
77cc34a0e000-77cc38000000 ---p 00000000 00:00 0 
77cc38000000-77cc38025000 rw-p 00000000 00:00 0 
77cc38025000-77cc3c000000 ---p 00000000 00:00 0 
77cc3c000000-77cc3c2c3000 rw-p 00000000 00:00 0 
77cc3c2c3000-77cc40000000 ---p 00000000 00:00 0 
77cc40000000-77cc4036e000 rw-p 00000000 00:00 0 
77cc4036e000-77cc44000000 ---p 00000000 00:00 0 
77cc44000000-77cc4416b000 rw-p 00000000 00:00 0 
77cc4416b000-77cc48000000 ---p 00000000 00:00 0 
77cc48000000-77cc48028000 rw-p 00000000 00:00 0 
77cc48028000-77cc4c000000 ---p 00000000 00:00 0 
77cc4c000000-77cc4c024000 rw-p 00000000 00:00 0 
77cc4c024000-77cc50000000 ---p 00000000 00:00 0 
77cc50000000-77cc50024000 rw-p 00000000 00:00 0 
77cc50024000-77cc54000000 ---p 00000000 00:00 0 
77cc54000000-77cc553f1000 rw-p 00000000 00:00 0 
77cc553f1000-77cc58000000 ---p 00000000 00:00 0 
77cc58000000-77cc59505000 rw-p 00000000 00:00 0 
77cc59505000-77cc5c000000 ---p 00000000 00:00 0 
77cc5c000000-77cc5c028000 rw-p 00000000 00:00 0 
77cc5c028000-77cc60000000 ---p 00000000 00:00 0 
77cc60000000-77cc60087000 rw-p 00000000 00:00 0 
77cc60087000-77cc64000000 ---p 00000000 00:00 0 
77cc64000000-77cc64030000 rw-p 00000000 00:00 0 
77cc64030000-77cc68000000 ---p 00000000 00:00 0 
77cc68000000-77cc68023000 rw-p 00000000 00:00 0 
77cc68023000-77cc6c000000 ---p 00000000 00:00 0 
77cc6c000000-77cc6ca51000 rw-p 00000000 00:00 0 
77cc6ca51000-77cc70000000 ---p 00000000 00:00 0 
77cc70000000-77cc72070000 rw-p 00000000 00:00 0 
77cc72070000-77cc74000000 ---p 00000000 00:00 0 
77cc74000000-77cc75358000 rw-p 00000000 00:00 0 
77cc75358000-77cc78000000 ---p 00000000 00:00 0 
77cc78000000-77cc78115000 rw-p 00000000 00:00 0 
77cc78115000-77cc7c000000 ---p 00000000 00:00 0 
77cc7c000000-77cc7cbc6000 rw-p 00000000 00:00 0 
77cc7cbc6000-77cc80000000 ---p 00000000 00:00 0 
77cc80000000-77cc8137c000 rw-p 00000000 00:00 0 
77cc8137c000-77cc84000000 ---p 00000000 00:00 0 
77cc84000000-77cc8410f000 rw-p 00000000 00:00 0 
77cc8410f000-77cc88000000 ---p 00000000 00:00 0 
77cc88000000-77cc881c1000 rw-p 00000000 00:00 0 
77cc881c1000-77cc8c000000 ---p 00000000 00:00 0 
77cc8c000000-77cc8d0d1000 rw-p 00000000 00:00 0 
77cc8d0d1000-77cc90000000 ---p 00000000 00:00 0 
77cc90000000-77cc9010f000 rw-p 00000000 00:00 0 
77cc9010f000-77cc94000000 ---p 00000000 00:00 0 
77cc94000000-77cc94021000 rw-p 00000000 00:00 0 
77cc94021000-77cc98000000 ---p 00000000 00:00 0 
77cc98000000-77cc981dd000 rw-p 00000000 00:00 0 
77cc981dd000-77cc9c000000 ---p 00000000 00:00 0 
77cc9c000000-77cc9c042000 rw-p 00000000 00:00 0 
77cc9c042000-77cca0000000 ---p 00000000 00:00 0 
77cca0000000-77cca0021000 rw-p 00000000 00:00 0 
77cca0021000-77cca4000000 ---p 00000000 00:00 0 
77cca4000000-77cca4049000 rw-p 00000000 00:00 0 
77cca4049000-77cca8000000 ---p 00000000 00:00 0 
77cca8000000-77cca8021000 rw-p 00000000 00:00 0 
77cca8021000-77ccac000000 ---p 00000000 00:00 0 
77ccac000000-77ccac021000 rw-p 00000000 00:00 0 
77ccac021000-77ccb0000000 ---p 00000000 00:00 0 
77ccb0000000-77ccb0021000 rw-p 00000000 00:00 0 
77ccb0021000-77ccb4000000 ---p 00000000 00:00 0 
77ccb4000000-77ccb4221000 rw-p 00000000 00:00 0 
77ccb4221000-77ccb8000000 ---p 00000000 00:00 0 
77ccb8000000-77ccb81c7000 rw-p 00000000 00:00 0 
77ccb81c7000-77ccbc000000 ---p 00000000 00:00 0 
77ccbc000000-77ccbc04d000 rw-p 00000000 00:00 0 
77ccbc04d000-77ccc0000000 ---p 00000000 00:00 0 
77ccc0000000-77ccc004c000 rw-p 00000000 00:00 0 
77ccc004c000-77ccc4000000 ---p 00000000 00:00 0 
77ccc4000000-77ccc4021000 rw-p 00000000 00:00 0 
77ccc4021000-77ccc8000000 ---p 00000000 00:00 0 
77ccc8000000-77ccc8049000 rw-p 00000000 00:00 0 
77ccc8049000-77cccc000000 ---p 00000000 00:00 0 
77cccc000000-77cccc046000 rw-p 00000000 00:00 0 
77cccc046000-77ccd0000000 ---p 00000000 00:00 0 
77ccd0000000-77ccd0046000 rw-p 00000000 00:00 0 
77ccd0046000-77ccd4000000 ---p 00000000 00:00 0 
77ccd4000000-77ccd5ee2000 rw-p 00000000 00:00 0 
77ccd5ee2000-77ccd8000000 ---p 00000000 00:00 0 
77ccd8000000-77ccd8021000 rw-p 00000000 00:00 0 
77ccd8021000-77ccdc000000 ---p 00000000 00:00 0 
77ccdc000000-77ccdc248000 rw-p 00000000 00:00 0 
77ccdc248000-77cce0000000 ---p 00000000 00:00 0 
77cce0000000-77cce0025000 rw-p 00000000 00:00 0 
77cce0025000-77cce4000000 ---p 00000000 00:00 0 
77cce4000000-77cce4021000 rw-p 00000000 00:00 0 
77cce4021000-77cce8000000 ---p 00000000 00:00 0 
77cce8000000-77cceabfb000 rw-p 00000000 00:00 0 
77cceabfb000-77ccec000000 ---p 00000000 00:00 0 
77ccec000000-77ccec021000 rw-p 00000000 00:00 0 
77ccec021000-77ccf0000000 ---p 00000000 00:00 0 
77ccf0000000-77ccf0044000 rw-p 00000000 00:00 0 
77ccf0044000-77ccf4000000 ---p 00000000 00:00 0 
77ccf4000000-77ccf4055000 rw-p 00000000 00:00 0 
77ccf4055000-77ccf8000000 ---p 00000000 00:00 0 
77ccf8000000-77ccf8030000 rw-p 00000000 00:00 0 
77ccf8030000-77ccfc000000 ---p 00000000 00:00 0 
77ccfc000000-77ccfc045000 rw-p 00000000 00:00 0 
77ccfc045000-77cd00000000 ---p 00000000 00:00 0 
77cd00000000-77cd00022000 rw-p 00000000 00:00 0 
77cd00022000-77cd04000000 ---p 00000000 00:00 0 
77cd04000000-77cd04042000 rw-p 00000000 00:00 0 
77cd04042000-77cd08000000 ---p 00000000 00:00 0 
77cd08000000-77cd08092000 rw-p 00000000 00:00 0 
77cd08092000-77cd0c000000 ---p 00000000 00:00 0 
77cd0c000000-77cd0c03c000 rw-p 00000000 00:00 0 
77cd0c03c000-77cd10000000 ---p 00000000 00:00 0 
77cd10000000-77cd10047000 rw-p 00000000 00:00 0 
77cd10047000-77cd14000000 ---p 00000000 00:00 0 
77cd14000000-77cd1404f000 rw-p 00000000 00:00 0 
77cd1404f000-77cd18000000 ---p 00000000 00:00 0 
77cd18000000-77cd18045000 rw-p 00000000 00:00 0 
77cd18045000-77cd1c000000 ---p 00000000 00:00 0 
77cd1c000000-77cd1c052000 rw-p 00000000 00:00 0 
77cd1c052000-77cd20000000 ---p 00000000 00:00 0 
77cd20000000-77cd2004c000 rw-p 00000000 00:00 0 
77cd2004c000-77cd24000000 ---p 00000000 00:00 0 
77cd24000000-77cd25c57000 rw-p 00000000 00:00 0 
77cd25c57000-77cd28000000 ---p 00000000 00:00 0 
77cd28000000-77cd29a4a000 rw-p 00000000 00:00 0 
77cd29a4a000-77cd2c000000 ---p 00000000 00:00 0 
77cd2c000000-77cd2c021000 rw-p 00000000 00:00 0 
77cd2c021000-77cd30000000 ---p 00000000 00:00 0 
77cd30000000-77cd30021000 rw-p 00000000 00:00 0 
77cd30021000-77cd34000000 ---p 00000000 00:00 0 
77cd34000000-77cd340ad000 rw-p 00000000 00:00 0 
77cd340ad000-77cd38000000 ---p 00000000 00:00 0 
77cd38000000-77cd38021000 rw-p 00000000 00:00 0 
77cd38021000-77cd3c000000 ---p 00000000 00:00 0 
77cd3c000000-77cd3e9ae000 rw-p 00000000 00:00 0 
77cd3e9ae000-77cd40000000 ---p 00000000 00:00 0 
77cd40000000-77cd419e0000 rw-p 00000000 00:00 0 
77cd419e0000-77cd44000000 ---p 00000000 00:00 0 
77cd44000000-77cd4409e000 rw-p 00000000 00:00 0 
77cd4409e000-77cd48000000 ---p 00000000 00:00 0 
77cd48000000-77cd48021000 rw-p 00000000 00:00 0 
77cd48021000-77cd4c000000 ---p 00000000 00:00 0 
77cd4c000000-77cd4c021000 rw-p 00000000 00:00 0 
77cd4c021000-77cd50000000 ---p 00000000 00:00 0 
77cd50000000-77cd50021000 rw-p 00000000 00:00 0 
77cd50021000-77cd54000000 ---p 00000000 00:00 0 
77cd54000000-77cd54021000 rw-p 00000000 00:00 0 
77cd54021000-77cd58004000 ---p 00000000 00:00 0 
77cd58004000-77cd58100000 rw-p 00000000 00:00 0 
77cd58100000-77cd58104000 ---p 00000000 00:00 0 
77cd58104000-77cd58200000 rw-p 00000000 00:00 0 
77cd58200000-77cd58204000 ---p 00000000 00:00 0 
77cd58204000-77cd58300000 rw-p 00000000 00:00 0 
77cd58300000-77cd58304000 ---p 00000000 00:00 0 
77cd58304000-77cd58400000 rw-p 00000000 00:00 0 
77cd58400000-77cd58404000 ---p 00000000 00:00 0 
77cd58404000-77cd58500000 rw-p 00000000 00:00 0 
77cd58500000-77cd58504000 ---p 00000000 00:00 0 
77cd58504000-77cd58600000 rw-p 00000000 00:00 0 
77cd58600000-77cd58604000 ---p 00000000 00:00 0 
77cd58604000-77cd58700000 rw-p 00000000 00:00 0 
77cd58700000-77cd58704000 ---p 00000000 00:00 0 
77cd58704000-77cd58800000 rw-p 00000000 00:00 0 
77cd58800000-77cd58804000 ---p 00000000 00:00 0 
77cd58804000-77cd58900000 rw-p 00000000 00:00 0 
77cd58900000-77cd58904000 ---p 00000000 00:00 0 
77cd58904000-77cd58a00000 rw-p 00000000 00:00 0 
77cd58a00000-77cd58a04000 ---p 00000000 00:00 0 
77cd58a04000-77cd58b00000 rw-p 00000000 00:00 0 
77cd58b00000-77cd58b04000 ---p 00000000 00:00 0 
77cd58b04000-77cd58c00000 rw-p 00000000 00:00 0 
77cd58c00000-77cd58c04000 ---p 00000000 00:00 0 
77cd58c04000-77cd58d00000 rw-p 00000000 00:00 0 
77cd58d00000-77cd58d04000 ---p 00000000 00:00 0 
77cd58d04000-77cd58e00000 rw-p 00000000 00:00 0 
77cd58e00000-77cd58e04000 ---p 00000000 00:00 0 
77cd58e04000-77cd58f00000 rw-p 00000000 00:00 0 
77cd58f00000-77cd58f04000 ---p 00000000 00:00 0 
77cd58f04000-77cd59000000 rw-p 00000000 00:00 0 
77cd59000000-77cd59004000 ---p 00000000 00:00 0 
77cd59004000-77cd59100000 rw-p 00000000 00:00 0 
77cd59100000-77cd59104000 ---p 00000000 00:00 0 
77cd59104000-77cd59200000 rw-p 00000000 00:00 0 
77cd59200000-77cd59204000 ---p 00000000 00:00 0 
77cd59204000-77cd59300000 rw-p 00000000 00:00 0 
77cd59300000-77cd59304000 ---p 00000000 00:00 0 
77cd59304000-77cd59400000 rw-p 00000000 00:00 0 
77cd59400000-77cd59404000 ---p 00000000 00:00 0 
77cd59404000-77cd59500000 rw-p 00000000 00:00 0 
77cd59500000-77cd59504000 ---p 00000000 00:00 0 
77cd59504000-77cd59600000 rw-p 00000000 00:00 0 
77cd59600000-77cd59604000 ---p 00000000 00:00 0 
77cd59604000-77cd59700000 rw-p 00000000 00:00 0 
77cd59700000-77cd59704000 ---p 00000000 00:00 0 
77cd59704000-77cd59800000 rw-p 00000000 00:00 0 
77cd59800000-77cd59804000 ---p 00000000 00:00 0 
77cd59804000-77cd59900000 rw-p 00000000 00:00 0 
77cd59900000-77cd59904000 ---p 00000000 00:00 0 
77cd59904000-77cd59a00000 rw-p 00000000 00:00 0 
77cd59a00000-77cd59a04000 ---p 00000000 00:00 0 
77cd59a04000-77cd59b00000 rw-p 00000000 00:00 0 
77cd59b00000-77cd59b04000 ---p 00000000 00:00 0 
77cd59b04000-77cd59c00000 rw-p 00000000 00:00 0 
77cd59c00000-77cd59c04000 ---p 00000000 00:00 0 
77cd59c04000-77cd59d00000 rw-p 00000000 00:00 0 
77cd59d00000-77cd59d04000 ---p 00000000 00:00 0 
77cd59d04000-77cd59e00000 rw-p 00000000 00:00 0 
77cd59e00000-77cd59e04000 ---p 00000000 00:00 0 
77cd59e04000-77cd59f00000 rw-p 00000000 00:00 0 
77cd59f00000-77cd59f04000 ---p 00000000 00:00 0 
77cd59f04000-77cd5a000000 rw-p 00000000 00:00 0 
77cd5a000000-77cd5a004000 ---p 00000000 00:00 0 
77cd5a004000-77cd5a100000 rw-p 00000000 00:00 0 
77cd5a100000-77cd5a104000 ---p 00000000 00:00 0 
77cd5a104000-77cd5a200000 rw-p 00000000 00:00 0 
77cd5a200000-77cd5a204000 ---p 00000000 00:00 0 
77cd5a204000-77cd5a300000 rw-p 00000000 00:00 0 
77cd5a300000-77cd5a304000 ---p 00000000 00:00 0 
77cd5a304000-77cd5a400000 rw-p 00000000 00:00 0 
77cd5a400000-77cd5a404000 ---p 00000000 00:00 0 
77cd5a404000-77cd5a500000 rw-p 00000000 00:00 0 
77cd5a500000-77cd5a504000 ---p 00000000 00:00 0 
77cd5a504000-77cd5a600000 rw-p 00000000 00:00 0 
77cd5a600000-77cd5a604000 ---p 00000000 00:00 0 
77cd5a604000-77cd5a700000 rw-p 00000000 00:00 0 
77cd5a700000-77cd5a704000 ---p 00000000 00:00 0 
77cd5a704000-77cd5a800000 rw-p 00000000 00:00 0 
77cd5a800000-77cd5a804000 ---p 00000000 00:00 0 
77cd5a804000-77cd5a900000 rw-p 00000000 00:00 0 
77cd5a900000-77cd5a904000 ---p 00000000 00:00 0 
77cd5a904000-77cd5aa00000 rw-p 00000000 00:00 0 
77cd5aa00000-77cd5aa04000 ---p 00000000 00:00 0 
77cd5aa04000-77cd5ab00000 rw-p 00000000 00:00 0 
77cd5ab00000-77cd5ab04000 ---p 00000000 00:00 0 
77cd5ab04000-77cd5ac00000 rw-p 00000000 00:00 0 
77cd5ac00000-77cd5ac04000 ---p 00000000 00:00 0 
77cd5ac04000-77cd5ad00000 rw-p 00000000 00:00 0 
77cd5ad00000-77cd5ad04000 ---p 00000000 00:00 0 
77cd5ad04000-77cd5ae00000 rw-p 00000000 00:00 0 
77cd5ae00000-77cd5ae04000 ---p 00000000 00:00 0 
77cd5ae04000-77cd5af00000 rw-p 00000000 00:00 0 
77cd5af00000-77cd5af04000 ---p 00000000 00:00 0 
77cd5af04000-77cd5b000000 rw-p 00000000 00:00 0 
77cd5b000000-77cd5b400000 rw-p 00000000 00:00 0 
77cd5b400000-77cd5b800000 rw-p 00000000 00:00 0 
77cd5b800000-77cd5ba00000 rw-p 00000000 00:00 0 
77cd5ba00000-77cd5bf00000 rw-p 00000000 00:00 0 
77cd5bf00000-77cd5c000000 rw-p 00000000 00:00 0 
77cd5c000000-77cd5c7c0000 rw-p 00000000 00:00 0 
77cd5c7c0000-77cd5c900000 rw-p 00000000 00:00 0 
77cd5c900000-77cd5cb00000 rw-p 00000000 00:00 0 
77cd5cb00000-77cd5cc00000 rw-p 00000000 00:00 0 
77cd5cc00000-77cd5df00000 rw-p 00000000 00:00 0 
77cd5df00000-77cd5e100000 rw-p 00000000 00:00 0 
77cd5e100000-77cd5e580000 rw-p 00000000 00:00 0 
77cd5e580000-77cd5e600000 rw-p 00000000 00:00 0 
77cd5e600000-77cd5e980000 rw-p 00000000 00:00 0 
77cd5e980000-77cd5ea00000 rw-p 00000000 00:00 0 
77cd5ea00000-77cd5f000000 rw-p 00000000 00:00 0 
77cd5f000000-77cd5fbca000 rw-p 00001000 103:02 118370383                 /usr/lib/jvm/java-17-openjdk-amd64/lib/server/classes.jsa
77cd5fbca000-77cd60000000 ---p 00000000 00:00 0 
77cd60000000-77cd60040000 rw-p 00000000 00:00 0 
77cd60040000-77cd60080000 rw-p 00000000 00:00 0 
77cd60080000-77cd60140000 rw-p 00000000 00:00 0 
77cd60140000-77cd60180000 rw-p 00000000 00:00 0 
77cd60180000-77cd60440000 rw-p 00000000 00:00 0 
77cd60440000-77cd60560000 rw-p 00000000 00:00 0 
77cd60560000-77cd60580000 rw-p 00000000 00:00 0 
77cd60580000-77cd608c0000 rw-p 00000000 00:00 0 
77cd608c0000-77cd60900000 rw-p 00000000 00:00 0 
77cd60900000-77cd60be0000 rw-p 00000000 00:00 0 
77cd60be0000-77cd60c00000 rw-p 00000000 00:00 0 
77cd60c00000-77cd61560000 rw-p 00000000 00:00 0 
77cd61560000-77cd61580000 rw-p 00000000 00:00 0 
77cd61580000-77cd61b40000 rw-p 00000000 00:00 0 
77cd61b40000-77cd61b50000 rw-p 00000000 00:00 0 
77cd61b50000-77cd61b80000 ---p 00000000 00:00 0 
77cd61b80000-77cd61b90000 rw-p 00000000 00:00 0 
77cd61b90000-77cda0000000 ---p 00000000 00:00 0 
77cda0000000-77cda0021000 rw-p 00000000 00:00 0 
77cda0021000-77cda4000000 ---p 00000000 00:00 0 
77cda4000000-77cda4299000 rw-p 00000000 00:00 0 
77cda4299000-77cda8000000 ---p 00000000 00:00 0 
77cda8000000-77cda8069000 rw-p 00000000 00:00 0 
77cda8069000-77cdac000000 ---p 00000000 00:00 0 
77cdac0f9000-77cdac0fd000 ---p 00000000 00:00 0 
77cdac0fd000-77cdac1f9000 rw-p 00000000 00:00 0 
77cdac1f9000-77cdac1fd000 ---p 00000000 00:00 0 
77cdac1fd000-77cdac2f9000 rw-p 00000000 00:00 0 
77cdac2f9000-77cdac2fd000 ---p 00000000 00:00 0 
77cdac2fd000-77cdac3f9000 rw-p 00000000 00:00 0 
77cdac3f9000-77cdac3fd000 ---p 00000000 00:00 0 
77cdac3fd000-77cdac4f9000 rw-p 00000000 00:00 0 
77cdac4f9000-77cdac4fd000 ---p 00000000 00:00 0 
77cdac4fd000-77cdac5f9000 rw-p 00000000 00:00 0 
77cdac5f9000-77cdac5fd000 ---p 00000000 00:00 0 
77cdac5fd000-77cdac6f9000 rw-p 00000000 00:00 0 
77cdac6f9000-77cdac6fd000 ---p 00000000 00:00 0 
77cdac6fd000-77cdac7f9000 rw-p 00000000 00:00 0 
77cdac7f9000-77cdac7fa000 ---p 00000000 00:00 0 
77cdac7fa000-77cdac8fa000 rw-p 00000000 00:00 0 
77cdac8fa000-77cdac8fb000 ---p 00000000 00:00 0 
77cdac8fb000-77cdac9fb000 rw-p 00000000 00:00 0 
77cdac9fb000-77cdac9ff000 ---p 00000000 00:00 0 
77cdac9ff000-77cdacafb000 rw-p 00000000 00:00 0 
77cdacafb000-77cdacaff000 ---p 00000000 00:00 0 
77cdacaff000-77cdacbfb000 rw-p 00000000 00:00 0 
77cdacbfb000-77cdacbff000 ---p 00000000 00:00 0 
77cdacbff000-77cdaccfb000 rw-p 00000000 00:00 0 
77cdaccfb000-77cdaccff000 ---p 00000000 00:00 0 
77cdaccff000-77cdacdfb000 rw-p 00000000 00:00 0 
77cdacdfb000-77cdacdff000 ---p 00000000 00:00 0 
77cdacdff000-77cdacefb000 rw-p 00000000 00:00 0 
77cdacefb000-77cdaceff000 ---p 00000000 00:00 0 
77cdaceff000-77cdacffb000 rw-p 00000000 00:00 0 
77cdacffb000-77cdacfff000 ---p 00000000 00:00 0 
77cdacfff000-77cdad0fb000 rw-p 00000000 00:00 0 
77cdad0fb000-77cdad0ff000 ---p 00000000 00:00 0 
77cdad0ff000-77cdad1fb000 rw-p 00000000 00:00 0 
77cdad1fb000-77cdad1ff000 ---p 00000000 00:00 0 
77cdad1ff000-77cdad2fb000 rw-p 00000000 00:00 0 
77cdad2fb000-77cdad2ff000 ---p 00000000 00:00 0 
77cdad2ff000-77cdad3fb000 rw-p 00000000 00:00 0 
77cdad3fb000-77cdad3ff000 ---p 00000000 00:00 0 
77cdad3ff000-77cdad4fb000 rw-p 00000000 00:00 0 
77cdad4fb000-77cdad4ff000 ---p 00000000 00:00 0 
77cdad4ff000-77cdad5fb000 rw-p 00000000 00:00 0 
77cdad5fb000-77cdad5ff000 ---p 00000000 00:00 0 
77cdad5ff000-77cdad6fb000 rw-p 00000000 00:00 0 
77cdad6fb000-77cdad6ff000 ---p 00000000 00:00 0 
77cdad6ff000-77cdad7fb000 rw-p 00000000 00:00 0 
77cdad7fb000-77cdad7ff000 ---p 00000000 00:00 0 
77cdad7ff000-77cdad8fb000 rw-p 00000000 00:00 0 
77cdad8fb000-77cdad8ff000 ---p 00000000 00:00 0 
77cdad8ff000-77cdad9fb000 rw-p 00000000 00:00 0 
77cdad9fb000-77cdad9ff000 ---p 00000000 00:00 0 
77cdad9ff000-77cdadafb000 rw-p 00000000 00:00 0 
77cdadafb000-77cdadafc000 ---p 00000000 00:00 0 
77cdadafc000-77cdadbfc000 rw-p 00000000 00:00 0 
77cdadbfc000-77cdadbfd000 ---p 00000000 00:00 0 
77cdadbfd000-77cdadcfd000 rw-p 00000000 00:00 0 
77cdadcfd000-77cdadcfe000 ---p 00000000 00:00 0 
77cdadcfe000-77cdaddfe000 rw-p 00000000 00:00 0 
77cdaddfe000-77cdaddff000 ---p 00000000 00:00 0 
77cdaddff000-77cdadeff000 rw-p 00000000 00:00 0 
77cdadeff000-77cdadf00000 ---p 00000000 00:00 0 
77cdadf00000-77cdae000000 rw-p 00000000 00:00 0 
77cdae000000-77cdb00c7000 rw-p 00000000 00:00 0 
77cdb00c7000-77cdb4000000 ---p 00000000 00:00 0 
77cdb4000000-77cdb5d52000 rw-p 00000000 00:00 0 
77cdb5d52000-77cdb8000000 ---p 00000000 00:00 0 
77cdb8000000-77cdb848c000 rw-p 00000000 00:00 0 
77cdb848c000-77cdbc000000 ---p 00000000 00:00 0 
77cdbc0fd000-77cdbc0fe000 ---p 00000000 00:00 0 
77cdbc0fe000-77cdbc1fe000 rw-p 00000000 00:00 0 
77cdbc1fe000-77cdbc1ff000 ---p 00000000 00:00 0 
77cdbc1ff000-77cdbc2ff000 rw-p 00000000 00:00 0 
77cdbc2ff000-77cdbc300000 ---p 00000000 00:00 0 
77cdbc300000-77cdbc400000 rw-p 00000000 00:00 0 
77cdbc400000-77cdbc453000 r-xp 00000000 103:02 65149675                  /home/stariver/.gradle/native/100fb08df4bc3b14c8652ba06237920a3bd2aa13389f12d3474272988ae205f9/linux-amd64/libnative-platform-file-events.so
77cdbc453000-77cdbc652000 ---p 00053000 103:02 65149675                  /home/stariver/.gradle/native/100fb08df4bc3b14c8652ba06237920a3bd2aa13389f12d3474272988ae205f9/linux-amd64/libnative-platform-file-events.so
77cdbc652000-77cdbc653000 r--p 00052000 103:02 65149675                  /home/stariver/.gradle/native/100fb08df4bc3b14c8652ba06237920a3bd2aa13389f12d3474272988ae205f9/linux-amd64/libnative-platform-file-events.so
77cdbc653000-77cdbc655000 rw-p 00053000 103:02 65149675                  /home/stariver/.gradle/native/100fb08df4bc3b14c8652ba06237920a3bd2aa13389f12d3474272988ae205f9/linux-amd64/libnative-platform-file-events.so
77cdbc6ff000-77cdbc700000 ---p 00000000 00:00 0 
77cdbc700000-77cdbc800000 rw-p 00000000 00:00 0 
77cdbc800000-77cdbc805000 r-xp 00000000 103:02 65149662                  /home/stariver/.gradle/native/c067742578af261105cb4f569cf0c3c89f3d7b1fecec35dd04571415982c5e48/linux-amd64/libnative-platform.so
77cdbc805000-77cdbca05000 ---p 00005000 103:02 65149662                  /home/stariver/.gradle/native/c067742578af261105cb4f569cf0c3c89f3d7b1fecec35dd04571415982c5e48/linux-amd64/libnative-platform.so
77cdbca05000-77cdbca06000 r--p 00005000 103:02 65149662                  /home/stariver/.gradle/native/c067742578af261105cb4f569cf0c3c89f3d7b1fecec35dd04571415982c5e48/linux-amd64/libnative-platform.so
77cdbca06000-77cdbca07000 rw-p 00006000 103:02 65149662                  /home/stariver/.gradle/native/c067742578af261105cb4f569cf0c3c89f3d7b1fecec35dd04571415982c5e48/linux-amd64/libnative-platform.so
77cdbcb00000-77cdbcb04000 ---p 00000000 00:00 0 
77cdbcb04000-77cdbcc00000 rw-p 00000000 00:00 0 
77cdbcc00000-77cdbd2bf000 r--p 00000000 103:02 117337426                 /usr/lib/locale/locale-archive
77cdbd300000-77cdbd304000 ---p 00000000 00:00 0 
77cdbd304000-77cdbd400000 rw-p 00000000 00:00 0 
77cdbd400000-77cdbea1c000 rw-p 00000000 00:00 0 
77cdbea1c000-77cdbf3f8000 ---p 00000000 00:00 0 
77cdbf3f8000-77cdc0a1c000 rw-p 00000000 00:00 0 
77cdc0a1c000-77cdc13f8000 ---p 00000000 00:00 0 
77cdc13f8000-77cdc1400000 rw-p 00000000 00:00 0 
77cdc1400000-77cdc5870000 rwxp 00000000 00:00 0 
77cdc5870000-77cdc8937000 ---p 00000000 00:00 0 
77cdc8937000-77cdc8ba7000 rwxp 00000000 00:00 0 
77cdc8ba7000-77cdc8ec9000 ---p 00000000 00:00 0 
77cdc8ec9000-77cdca339000 rwxp 00000000 00:00 0 
77cdca339000-77cdd0400000 ---p 00000000 00:00 0 
77cdd0400000-77cdd7ed2000 r--s 00000000 103:02 118370380                 /usr/lib/jvm/java-17-openjdk-amd64/lib/modules
77cdd7eff000-77cdd7f00000 ---p 00000000 00:00 0 
77cdd7f00000-77cdd8000000 rw-p 00000000 00:00 0 
77cdd8000000-77cdd94fe000 rw-p 00000000 00:00 0 
77cdd94fe000-77cddc000000 ---p 00000000 00:00 0 
77cddc043000-77cddc047000 ---p 00000000 00:00 0 
77cddc047000-77cddc143000 rw-p 00000000 00:00 0 
77cddc143000-77cddc147000 ---p 00000000 00:00 0 
77cddc147000-77cddc243000 rw-p 00000000 00:00 0 
77cddc243000-77cddc247000 ---p 00000000 00:00 0 
77cddc247000-77cddc343000 rw-p 00000000 00:00 0 
77cddc343000-77cddc347000 ---p 00000000 00:00 0 
77cddc347000-77cddc443000 rw-p 00000000 00:00 0 
77cddc443000-77cddc447000 ---p 00000000 00:00 0 
77cddc447000-77cddc543000 rw-p 00000000 00:00 0 
77cddc543000-77cddc547000 ---p 00000000 00:00 0 
77cddc547000-77cddc643000 rw-p 00000000 00:00 0 
77cddc643000-77cddc647000 ---p 00000000 00:00 0 
77cddc647000-77cddc743000 rw-p 00000000 00:00 0 
77cddc743000-77cddc747000 ---p 00000000 00:00 0 
77cddc747000-77cddc843000 rw-p 00000000 00:00 0 
77cddc843000-77cddc847000 ---p 00000000 00:00 0 
77cddc847000-77cddc943000 rw-p 00000000 00:00 0 
77cddc943000-77cddc947000 ---p 00000000 00:00 0 
77cddc947000-77cddca43000 rw-p 00000000 00:00 0 
77cddca43000-77cddca44000 ---p 00000000 00:00 0 
77cddca44000-77cddcb44000 rw-p 00000000 00:00 0 
77cddcb44000-77cddcb49000 r--p 00000000 103:02 118370365                 /usr/lib/jvm/java-17-openjdk-amd64/lib/libjsvml.so
77cddcb49000-77cddcb8a000 r-xp 00005000 103:02 118370365                 /usr/lib/jvm/java-17-openjdk-amd64/lib/libjsvml.so
77cddcb8a000-77cddcc13000 r--p 00046000 103:02 118370365                 /usr/lib/jvm/java-17-openjdk-amd64/lib/libjsvml.so
77cddcc13000-77cddcc14000 r--p 000ce000 103:02 118370365                 /usr/lib/jvm/java-17-openjdk-amd64/lib/libjsvml.so
77cddcc14000-77cddcc15000 rw-p 000cf000 103:02 118370365                 /usr/lib/jvm/java-17-openjdk-amd64/lib/libjsvml.so
77cddcc15000-77cddccf1000 rw-p 00000000 00:00 0 
77cddccf1000-77cddccf2000 ---p 00000000 00:00 0 
77cddccf2000-77cddcdf2000 rw-p 00000000 00:00 0 
77cddcdf2000-77cddcdf3000 ---p 00000000 00:00 0 
77cddcdf3000-77cddcef3000 rw-p 00000000 00:00 0 
77cddcef3000-77cddd8fd000 rw-p 00000000 00:00 0 
77cddd8fd000-77cddd8fe000 ---p 00000000 00:00 0 
77cddd8fe000-77cddd9fe000 rw-p 00000000 00:00 0 
77cddd9fe000-77cddd9ff000 ---p 00000000 00:00 0 
77cddd9ff000-77cdddaff000 rw-p 00000000 00:00 0 
77cdddaff000-77cdddb00000 ---p 00000000 00:00 0 
77cdddb00000-77cdddc00000 rw-p 00000000 00:00 0 
77cdddc00000-77cdddec4000 rw-p 00000000 00:00 0 
77cdddec4000-77cdddfff000 ---p 00000000 00:00 0 
77cdddfff000-77cdde2c4000 rw-p 00000000 00:00 0 
77cdde2c4000-77cdde3ff000 ---p 00000000 00:00 0 
77cdde3ff000-77cdde6c4000 rw-p 00000000 00:00 0 
77cdde6c4000-77cdde7ff000 ---p 00000000 00:00 0 
77cdde7ff000-77cdde800000 rw-p 00000000 00:00 0 
77cdde820000-77cddf253000 rw-p 00000000 00:00 0 
77cddf253000-77cddf315000 ---p 00000000 00:00 0 
77cddf315000-77cddf39e000 rw-p 00000000 00:00 0 
77cddf39e000-77cddf400000 ---p 00000000 00:00 0 
77cddf400000-77cddf49d000 r--p 00000000 103:02 117312887                 /usr/lib/x86_64-linux-gnu/libstdc++.so.6.0.33
77cddf49d000-77cddf5e5000 r-xp 0009d000 103:02 117312887                 /usr/lib/x86_64-linux-gnu/libstdc++.so.6.0.33
77cddf5e5000-77cddf66c000 r--p 001e5000 103:02 117312887                 /usr/lib/x86_64-linux-gnu/libstdc++.so.6.0.33
77cddf66c000-77cddf677000 r--p 0026b000 103:02 117312887                 /usr/lib/x86_64-linux-gnu/libstdc++.so.6.0.33
77cddf677000-77cddf67a000 rw-p 00276000 103:02 117312887                 /usr/lib/x86_64-linux-gnu/libstdc++.so.6.0.33
77cddf67a000-77cddf67e000 rw-p 00000000 00:00 0 
77cddf700000-77cddf704000 ---p 00000000 00:00 0 
77cddf704000-77cddf800000 rw-p 00000000 00:00 0 
77cddf800000-77cddfa51000 r--p 00000000 103:02 118370386                 /usr/lib/jvm/java-17-openjdk-amd64/lib/server/libjvm.so
77cddfa51000-77cde07c3000 r-xp 00251000 103:02 118370386                 /usr/lib/jvm/java-17-openjdk-amd64/lib/server/libjvm.so
77cde07c3000-77cde0a44000 r--p 00fc3000 103:02 118370386                 /usr/lib/jvm/java-17-openjdk-amd64/lib/server/libjvm.so
77cde0a44000-77cde0afc000 r--p 01244000 103:02 118370386                 /usr/lib/jvm/java-17-openjdk-amd64/lib/server/libjvm.so
77cde0afc000-77cde0b31000 rw-p 012fc000 103:02 118370386                 /usr/lib/jvm/java-17-openjdk-amd64/lib/server/libjvm.so
77cde0b31000-77cde0b8b000 rw-p 00000000 00:00 0 
77cde0baf000-77cde0bb0000 r--p 00000000 103:02 118370374                 /usr/lib/jvm/java-17-openjdk-amd64/lib/librmi.so
77cde0bb0000-77cde0bb1000 r-xp 00001000 103:02 118370374                 /usr/lib/jvm/java-17-openjdk-amd64/lib/librmi.so
77cde0bb1000-77cde0bb2000 r--p 00002000 103:02 118370374                 /usr/lib/jvm/java-17-openjdk-amd64/lib/librmi.so
77cde0bb2000-77cde0bb3000 r--p 00002000 103:02 118370374                 /usr/lib/jvm/java-17-openjdk-amd64/lib/librmi.so
77cde0bb3000-77cde0bb4000 rw-p 00003000 103:02 118370374                 /usr/lib/jvm/java-17-openjdk-amd64/lib/librmi.so
77cde0bb4000-77cde0bbb000 r--s 00000000 103:02 117311900                 /usr/lib/x86_64-linux-gnu/gconv/gconv-modules.cache
77cde0bbb000-77cde0bbc000 r--p 00000000 103:02 117311923                 /usr/lib/x86_64-linux-gnu/libpthread.so.0
77cde0bbc000-77cde0bbd000 r-xp 00001000 103:02 117311923                 /usr/lib/x86_64-linux-gnu/libpthread.so.0
77cde0bbd000-77cde0bbe000 r--p 00002000 103:02 117311923                 /usr/lib/x86_64-linux-gnu/libpthread.so.0
77cde0bbe000-77cde0bbf000 r--p 00002000 103:02 117311923                 /usr/lib/x86_64-linux-gnu/libpthread.so.0
77cde0bbf000-77cde0bc0000 rw-p 00003000 103:02 117311923                 /usr/lib/x86_64-linux-gnu/libpthread.so.0
77cde0bc4000-77cde0bc5000 r--p 00000000 103:02 118370351                 /usr/lib/jvm/java-17-openjdk-amd64/lib/libextnet.so
77cde0bc5000-77cde0bc6000 r-xp 00001000 103:02 118370351                 /usr/lib/jvm/java-17-openjdk-amd64/lib/libextnet.so
77cde0bc6000-77cde0bc7000 r--p 00002000 103:02 118370351                 /usr/lib/jvm/java-17-openjdk-amd64/lib/libextnet.so
77cde0bc7000-77cde0bc8000 r--p 00002000 103:02 118370351                 /usr/lib/jvm/java-17-openjdk-amd64/lib/libextnet.so
77cde0bc8000-77cde0bc9000 rw-p 00003000 103:02 118370351                 /usr/lib/jvm/java-17-openjdk-amd64/lib/libextnet.so
77cde0bc9000-77cde0bcb000 r--p 00000000 103:02 118370369                 /usr/lib/jvm/java-17-openjdk-amd64/lib/libmanagement_ext.so
77cde0bcb000-77cde0bce000 r-xp 00002000 103:02 118370369                 /usr/lib/jvm/java-17-openjdk-amd64/lib/libmanagement_ext.so
77cde0bce000-77cde0bd0000 r--p 00005000 103:02 118370369                 /usr/lib/jvm/java-17-openjdk-amd64/lib/libmanagement_ext.so
77cde0bd0000-77cde0bd1000 r--p 00006000 103:02 118370369                 /usr/lib/jvm/java-17-openjdk-amd64/lib/libmanagement_ext.so
77cde0bd1000-77cde0bd2000 rw-p 00007000 103:02 118370369                 /usr/lib/jvm/java-17-openjdk-amd64/lib/libmanagement_ext.so
77cde0bd2000-77cde0bd4000 r--p 00000000 103:02 118370367                 /usr/lib/jvm/java-17-openjdk-amd64/lib/libmanagement.so
77cde0bd4000-77cde0bd5000 r-xp 00002000 103:02 118370367                 /usr/lib/jvm/java-17-openjdk-amd64/lib/libmanagement.so
77cde0bd5000-77cde0bd6000 r--p 00003000 103:02 118370367                 /usr/lib/jvm/java-17-openjdk-amd64/lib/libmanagement.so
77cde0bd6000-77cde0bd7000 r--p 00003000 103:02 118370367                 /usr/lib/jvm/java-17-openjdk-amd64/lib/libmanagement.so
77cde0bd7000-77cde0bd8000 rw-p 00004000 103:02 118370367                 /usr/lib/jvm/java-17-openjdk-amd64/lib/libmanagement.so
77cde0bd8000-77cde0bdc000 r--p 00000000 103:02 118370378                 /usr/lib/jvm/java-17-openjdk-amd64/lib/libverify.so
77cde0bdc000-77cde0be3000 r-xp 00004000 103:02 118370378                 /usr/lib/jvm/java-17-openjdk-amd64/lib/libverify.so
77cde0be3000-77cde0be5000 r--p 0000b000 103:02 118370378                 /usr/lib/jvm/java-17-openjdk-amd64/lib/libverify.so
77cde0be5000-77cde0be7000 r--p 0000c000 103:02 118370378                 /usr/lib/jvm/java-17-openjdk-amd64/lib/libverify.so
77cde0be7000-77cde0be8000 rw-p 0000e000 103:02 118370378                 /usr/lib/jvm/java-17-openjdk-amd64/lib/libverify.so
77cde0be8000-77cde0bec000 r--p 00000000 103:02 118370371                 /usr/lib/jvm/java-17-openjdk-amd64/lib/libnet.so
77cde0bec000-77cde0bfa000 r-xp 00004000 103:02 118370371                 /usr/lib/jvm/java-17-openjdk-amd64/lib/libnet.so
77cde0bfa000-77cde0bfe000 r--p 00012000 103:02 118370371                 /usr/lib/jvm/java-17-openjdk-amd64/lib/libnet.so
77cde0bfe000-77cde0bff000 r--p 00015000 103:02 118370371                 /usr/lib/jvm/java-17-openjdk-amd64/lib/libnet.so
77cde0bff000-77cde0c00000 rw-p 00016000 103:02 118370371                 /usr/lib/jvm/java-17-openjdk-amd64/lib/libnet.so
77cde0c00000-77cde0c28000 r--p 00000000 103:02 117311911                 /usr/lib/x86_64-linux-gnu/libc.so.6
77cde0c28000-77cde0db0000 r-xp 00028000 103:02 117311911                 /usr/lib/x86_64-linux-gnu/libc.so.6
77cde0db0000-77cde0dff000 r--p 001b0000 103:02 117311911                 /usr/lib/x86_64-linux-gnu/libc.so.6
77cde0dff000-77cde0e03000 r--p 001fe000 103:02 117311911                 /usr/lib/x86_64-linux-gnu/libc.so.6
77cde0e03000-77cde0e05000 rw-p 00202000 103:02 117311911                 /usr/lib/x86_64-linux-gnu/libc.so.6
77cde0e05000-77cde0e12000 rw-p 00000000 00:00 0 
77cde0e14000-77cde0e1b000 r--p 00000000 103:02 118370372                 /usr/lib/jvm/java-17-openjdk-amd64/lib/libnio.so
77cde0e1b000-77cde0e24000 r-xp 00007000 103:02 118370372                 /usr/lib/jvm/java-17-openjdk-amd64/lib/libnio.so
77cde0e24000-77cde0e28000 r--p 00010000 103:02 118370372                 /usr/lib/jvm/java-17-openjdk-amd64/lib/libnio.so
77cde0e28000-77cde0e29000 r--p 00014000 103:02 118370372                 /usr/lib/jvm/java-17-openjdk-amd64/lib/libnio.so
77cde0e29000-77cde0e2a000 rw-p 00015000 103:02 118370372                 /usr/lib/jvm/java-17-openjdk-amd64/lib/libnio.so
77cde0e2a000-77cde0e2c000 r--p 00000000 103:02 118370379                 /usr/lib/jvm/java-17-openjdk-amd64/lib/libzip.so
77cde0e2c000-77cde0e31000 r-xp 00002000 103:02 118370379                 /usr/lib/jvm/java-17-openjdk-amd64/lib/libzip.so
77cde0e31000-77cde0e33000 r--p 00007000 103:02 118370379                 /usr/lib/jvm/java-17-openjdk-amd64/lib/libzip.so
77cde0e33000-77cde0e34000 r--p 00008000 103:02 118370379                 /usr/lib/jvm/java-17-openjdk-amd64/lib/libzip.so
77cde0e34000-77cde0e35000 rw-p 00009000 103:02 118370379                 /usr/lib/jvm/java-17-openjdk-amd64/lib/libzip.so
77cde0e35000-77cde0ebf000 rw-p 00000000 00:00 0 
77cde0ebf000-77cde0ec6000 ---p 00000000 00:00 0 
77cde0ec6000-77cde0ece000 rw-s 00000000 103:02 3015483                   /tmp/hsperfdata_stariver/17567
77cde0ece000-77cde0eda000 r--p 00000000 103:02 118370358                 /usr/lib/jvm/java-17-openjdk-amd64/lib/libjava.so
77cde0eda000-77cde0eec000 r-xp 0000c000 103:02 118370358                 /usr/lib/jvm/java-17-openjdk-amd64/lib/libjava.so
77cde0eec000-77cde0ef2000 r--p 0001e000 103:02 118370358                 /usr/lib/jvm/java-17-openjdk-amd64/lib/libjava.so
77cde0ef2000-77cde0ef3000 r--p 00023000 103:02 118370358                 /usr/lib/jvm/java-17-openjdk-amd64/lib/libjava.so
77cde0ef3000-77cde0ef4000 rw-p 00024000 103:02 118370358                 /usr/lib/jvm/java-17-openjdk-amd64/lib/libjava.so
77cde0ef4000-77cde0ef5000 rw-p 00000000 00:00 0 
77cde0ef5000-77cde0ef9000 r--p 00000000 103:02 117312903                 /usr/lib/x86_64-linux-gnu/libgcc_s.so.1
77cde0ef9000-77cde0f1d000 r-xp 00004000 103:02 117312903                 /usr/lib/x86_64-linux-gnu/libgcc_s.so.1
77cde0f1d000-77cde0f21000 r--p 00028000 103:02 117312903                 /usr/lib/x86_64-linux-gnu/libgcc_s.so.1
77cde0f21000-77cde0f22000 r--p 0002b000 103:02 117312903                 /usr/lib/x86_64-linux-gnu/libgcc_s.so.1
77cde0f22000-77cde0f23000 rw-p 0002c000 103:02 117312903                 /usr/lib/x86_64-linux-gnu/libgcc_s.so.1
77cde0f23000-77cde0f33000 r--p 00000000 103:02 117311914                 /usr/lib/x86_64-linux-gnu/libm.so.6
77cde0f33000-77cde0fb2000 r-xp 00010000 103:02 117311914                 /usr/lib/x86_64-linux-gnu/libm.so.6
77cde0fb2000-77cde100a000 r--p 0008f000 103:02 117311914                 /usr/lib/x86_64-linux-gnu/libm.so.6
77cde100a000-77cde100b000 r--p 000e7000 103:02 117311914                 /usr/lib/x86_64-linux-gnu/libm.so.6
77cde100b000-77cde100c000 rw-p 000e8000 103:02 117311914                 /usr/lib/x86_64-linux-gnu/libm.so.6
77cde100c000-77cde100e000 rw-p 00000000 00:00 0 
77cde100e000-77cde1010000 r--p 00000000 103:02 118370362                 /usr/lib/jvm/java-17-openjdk-amd64/lib/libjli.so
77cde1010000-77cde101a000 r-xp 00002000 103:02 118370362                 /usr/lib/jvm/java-17-openjdk-amd64/lib/libjli.so
77cde101a000-77cde101d000 r--p 0000c000 103:02 118370362                 /usr/lib/jvm/java-17-openjdk-amd64/lib/libjli.so
77cde101d000-77cde101e000 r--p 0000f000 103:02 118370362                 /usr/lib/jvm/java-17-openjdk-amd64/lib/libjli.so
77cde101e000-77cde101f000 rw-p 00010000 103:02 118370362                 /usr/lib/jvm/java-17-openjdk-amd64/lib/libjli.so
77cde101f000-77cde1021000 r--p 00000000 103:02 117314671                 /usr/lib/x86_64-linux-gnu/libz.so.1.3
77cde1021000-77cde1033000 r-xp 00002000 103:02 117314671                 /usr/lib/x86_64-linux-gnu/libz.so.1.3
77cde1033000-77cde1039000 r--p 00014000 103:02 117314671                 /usr/lib/x86_64-linux-gnu/libz.so.1.3
77cde1039000-77cde103a000 r--p 0001a000 103:02 117314671                 /usr/lib/x86_64-linux-gnu/libz.so.1.3
77cde103a000-77cde103b000 rw-p 0001b000 103:02 117314671                 /usr/lib/x86_64-linux-gnu/libz.so.1.3
77cde103c000-77cde103d000 r--p 00000000 103:02 118370353                 /usr/lib/jvm/java-17-openjdk-amd64/lib/libinstrument.so
77cde103d000-77cde1043000 r-xp 00001000 103:02 118370353                 /usr/lib/jvm/java-17-openjdk-amd64/lib/libinstrument.so
77cde1043000-77cde1046000 r--p 00007000 103:02 118370353                 /usr/lib/jvm/java-17-openjdk-amd64/lib/libinstrument.so
77cde1046000-77cde1047000 r--p 00009000 103:02 118370353                 /usr/lib/jvm/java-17-openjdk-amd64/lib/libinstrument.so
77cde1047000-77cde1048000 rw-p 0000a000 103:02 118370353                 /usr/lib/jvm/java-17-openjdk-amd64/lib/libinstrument.so
77cde1048000-77cde1049000 ---p 00000000 00:00 0 
77cde1049000-77cde104a000 r--p 00000000 00:00 0 
77cde104a000-77cde104b000 ---p 00000000 00:00 0 
77cde104b000-77cde104d000 r--p 00000000 103:02 118370361                 /usr/lib/jvm/java-17-openjdk-amd64/lib/libjimage.so
77cde104d000-77cde1050000 r-xp 00002000 103:02 118370361                 /usr/lib/jvm/java-17-openjdk-amd64/lib/libjimage.so
77cde1050000-77cde1051000 r--p 00005000 103:02 118370361                 /usr/lib/jvm/java-17-openjdk-amd64/lib/libjimage.so
77cde1051000-77cde1052000 r--p 00006000 103:02 118370361                 /usr/lib/jvm/java-17-openjdk-amd64/lib/libjimage.so
77cde1052000-77cde1053000 rw-p 00007000 103:02 118370361                 /usr/lib/jvm/java-17-openjdk-amd64/lib/libjimage.so
77cde1053000-77cde1055000 rw-p 00000000 00:00 0 
77cde1055000-77cde1059000 r--p 00000000 00:00 0                          [vvar]
77cde1059000-77cde105b000 r--p 00000000 00:00 0                          [vvar_vclock]
77cde105b000-77cde105d000 r-xp 00000000 00:00 0                          [vdso]
77cde105d000-77cde105e000 r--p 00000000 103:02 117311908                 /usr/lib/x86_64-linux-gnu/ld-linux-x86-64.so.2
77cde105e000-77cde1089000 r-xp 00001000 103:02 117311908                 /usr/lib/x86_64-linux-gnu/ld-linux-x86-64.so.2
77cde1089000-77cde1093000 r--p 0002c000 103:02 117311908                 /usr/lib/x86_64-linux-gnu/ld-linux-x86-64.so.2
77cde1093000-77cde1095000 r--p 00036000 103:02 117311908                 /usr/lib/x86_64-linux-gnu/ld-linux-x86-64.so.2
77cde1095000-77cde1097000 rw-p 00038000 103:02 117311908                 /usr/lib/x86_64-linux-gnu/ld-linux-x86-64.so.2
7ffc75708000-7ffc7572a000 rw-p 00000000 00:00 0                          [stack]
ffffffffff600000-ffffffffff601000 --xp 00000000 00:00 0                  [vsyscall]


VM Arguments:
jvm_args: --add-opens=java.base/java.util=ALL-UNNAMED --add-opens=java.base/java.lang=ALL-UNNAMED --add-opens=java.base/java.lang.invoke=ALL-UNNAMED --add-opens=java.prefs/java.util.prefs=ALL-UNNAMED --add-exports=jdk.compiler/com.sun.tools.javac.api=ALL-UNNAMED --add-exports=jdk.compiler/com.sun.tools.javac.util=ALL-UNNAMED --add-opens=java.base/java.nio.charset=ALL-UNNAMED --add-opens=java.base/java.net=ALL-UNNAMED --add-opens=java.base/java.util.concurrent.atomic=ALL-UNNAMED -Xmx2048m -Dfile.encoding=UTF-8 -Duser.country=US -Duser.language=en -Duser.variant -javaagent:/home/stariver/.gradle/wrapper/dists/gradle-8.9-bin/90cnw93cvbtalezasaz0blq0a/gradle-8.9/lib/agents/gradle-instrumentation-agent-8.9.jar 
java_command: org.gradle.launcher.daemon.bootstrap.GradleDaemon 8.9
java_class_path (initial): /home/stariver/.gradle/wrapper/dists/gradle-8.9-bin/90cnw93cvbtalezasaz0blq0a/gradle-8.9/lib/gradle-daemon-main-8.9.jar
Launcher Type: SUN_STANDARD

[Global flags]
     intx CICompilerCount                          = 4                                         {product} {ergonomic}
     uint ConcGCThreads                            = 3                                         {product} {ergonomic}
     uint G1ConcRefinementThreads                  = 10                                        {product} {ergonomic}
   size_t G1HeapRegionSize                         = 1048576                                   {product} {ergonomic}
    uintx GCDrainStackTargetSize                   = 64                                        {product} {ergonomic}
   size_t InitialHeapSize                          = 526385152                                 {product} {ergonomic}
   size_t MarkStackSize                            = 4194304                                   {product} {ergonomic}
   size_t MaxHeapSize                              = 2147483648                                {product} {command line}
   size_t MaxNewSize                               = 1287651328                                {product} {ergonomic}
   size_t MinHeapDeltaBytes                        = 1048576                                   {product} {ergonomic}
   size_t MinHeapSize                              = 8388608                                   {product} {ergonomic}
    uintx NonNMethodCodeHeapSize                   = 5839372                                {pd product} {ergonomic}
    uintx NonProfiledCodeHeapSize                  = 122909434                              {pd product} {ergonomic}
    uintx ProfiledCodeHeapSize                     = 122909434                              {pd product} {ergonomic}
    uintx ReservedCodeCacheSize                    = 251658240                              {pd product} {ergonomic}
     bool SegmentedCodeCache                       = true                                      {product} {ergonomic}
   size_t SoftMaxHeapSize                          = 2147483648                             {manageable} {ergonomic}
     bool UseCompressedClassPointers               = true                           {product lp64_product} {ergonomic}
     bool UseCompressedOops                        = true                           {product lp64_product} {ergonomic}
     bool UseG1GC                                  = true                                      {product} {ergonomic}

Logging:
Log output configuration:
 #0: stdout all=warning uptime,level,tags
 #1: stderr all=off uptime,level,tags

Environment Variables:
PATH=/home/stariver/miniconda3/bin:/home/stariver/miniconda3/condabin:/home/stariver/.local/bin:/usr/local/sbin:/usr/local/bin:/usr/sbin:/usr/bin:/sbin:/bin:/usr/games:/usr/local/games:/snap/bin:/snap/bin:/usr/local/go/bin
USERNAME=stariver
SHELL=/bin/bash
DISPLAY=:1
LANG=en_US.UTF-8
TERM=xterm-256color

Active Locale:
LC_ALL=en_US.UTF-8
LC_COLLATE=en_US.UTF-8
LC_CTYPE=en_US.UTF-8
LC_MESSAGES=en_US.UTF-8
LC_MONETARY=en_US.UTF-8
LC_NUMERIC=en_US.UTF-8
LC_TIME=en_US.UTF-8

Signal Handlers:
   SIGSEGV: crash_handler in libjvm.so, mask=11100100010111111101111111111110, flags=SA_RESTART|SA_SIGINFO, unblocked
    SIGBUS: crash_handler in libjvm.so, mask=11100100010111111101111111111110, flags=SA_RESTART|SA_SIGINFO, unblocked
    SIGFPE: crash_handler in libjvm.so, mask=11100100010111111101111111111110, flags=SA_RESTART|SA_SIGINFO, unblocked
   SIGPIPE: javaSignalHandler in libjvm.so, mask=11100100010111111101111111111110, flags=SA_RESTART|SA_SIGINFO, blocked
   SIGXFSZ: javaSignalHandler in libjvm.so, mask=11100100010111111101111111111110, flags=SA_RESTART|SA_SIGINFO, blocked
    SIGILL: crash_handler in libjvm.so, mask=11100100010111111101111111111110, flags=SA_RESTART|SA_SIGINFO, unblocked
   SIGUSR2: SR_handler in libjvm.so, mask=00100000000000000000000000000000, flags=SA_RESTART|SA_SIGINFO, blocked
    SIGHUP: UserHandler in libjvm.so, mask=11100100010111111101111111111110, flags=SA_RESTART|SA_SIGINFO, blocked
    SIGINT: UserHandler in libjvm.so, mask=11100100010111111101111111111110, flags=SA_RESTART|SA_SIGINFO, blocked
   SIGTERM: UserHandler in libjvm.so, mask=11100100010111111101111111111110, flags=SA_RESTART|SA_SIGINFO, blocked
   SIGQUIT: UserHandler in libjvm.so, mask=11100100010111111101111111111110, flags=SA_RESTART|SA_SIGINFO, blocked
   SIGTRAP: crash_handler in libjvm.so, mask=11100100010111111101111111111110, flags=SA_RESTART|SA_SIGINFO, unblocked


Periodic native trim disabled


---------------  S Y S T E M  ---------------

OS:
DISTRIB_ID=Ubuntu
DISTRIB_RELEASE=24.04
DISTRIB_CODENAME=noble
DISTRIB_DESCRIPTION="Ubuntu 24.04.4 LTS"
uname: Linux 6.17.0-29-generic #29~24.04.1-Ubuntu SMP PREEMPT_DYNAMIC Mon May 11 10:30:58 UTC 2 x86_64
OS uptime: 0 days 2:48 hours
libc: glibc 2.39 NPTL 2.39 
rlimit (soft/hard): STACK 12500k/infinity , CORE 0k/infinity , NPROC 127402/127402 , NOFILE 1048576/1048576 , AS infinity/infinity , CPU infinity/infinity , DATA infinity/infinity , FSIZE infinity/infinity , MEMLOCK 4098476k/4098476k
load average: 0.35 0.50 0.56

/proc/meminfo:
MemTotal:       32787820 kB
MemFree:         8776324 kB
MemAvailable:   18540048 kB
Buffers:          344560 kB
Cached:          9952232 kB
SwapCached:            0 kB
Active:         15947664 kB
Inactive:        6768788 kB
Active(anon):   12858340 kB
Inactive(anon):        0 kB
Active(file):    3089324 kB
Inactive(file):  6768788 kB
Unevictable:         644 kB
Mlocked:             644 kB
SwapTotal:       8388604 kB
SwapFree:        8388604 kB
Zswap:                 0 kB
Zswapped:              0 kB
Dirty:              7112 kB
Writeback:             0 kB
AnonPages:      12421400 kB
Mapped:          2088092 kB
Shmem:            438392 kB
KReclaimable:     369940 kB
Slab:             659604 kB
SReclaimable:     369940 kB
SUnreclaim:       289664 kB
KernelStack:       29856 kB
PageTables:       104620 kB
SecPageTables:      3708 kB
NFS_Unstable:          0 kB
Bounce:                0 kB
WritebackTmp:          0 kB
CommitLimit:    24782512 kB
Committed_AS:   39132836 kB
VmallocTotal:   34359738367 kB
VmallocUsed:      226036 kB
VmallocChunk:          0 kB
Percpu:            15312 kB
HardwareCorrupted:     0 kB
AnonHugePages:         0 kB
ShmemHugePages:        0 kB
ShmemPmdMapped:        0 kB
FileHugePages:    221184 kB
FilePmdMapped:      2048 kB
CmaTotal:              0 kB
CmaFree:               0 kB
Unaccepted:            0 kB
Balloon:               0 kB
HugePages_Total:       0
HugePages_Free:        0
HugePages_Rsvd:        0
HugePages_Surp:        0
Hugepagesize:       2048 kB
Hugetlb:               0 kB
DirectMap4k:      958948 kB
DirectMap2M:    22034432 kB
DirectMap1G:    10485760 kB

/sys/kernel/mm/transparent_hugepage/enabled: always [madvise] never
/sys/kernel/mm/transparent_hugepage/hpage_pmd_size: 2097152
/sys/kernel/mm/transparent_hugepage/defrag (defrag/compaction efforts parameter): always defer defer+madvise [madvise] never

Process Memory:
Virtual Size: 10478808K (peak: 10514476K)
Resident Set Size: 2357188K (peak: 2357188K) (anon: 2328832K, file: 28356K, shmem: 0K)
Swapped out: 0K
C-Heap outstanding allocations: 225715K, retained: 306044K
glibc malloc tunables: (default)

/proc/sys/kernel/threads-max (system-wide limit on the number of threads): 254805
/proc/sys/vm/max_map_count (maximum number of memory map areas a process may have): 1048576
/proc/sys/vm/swappiness (control to define how aggressively the kernel swaps out anonymous memory): 60
/proc/sys/kernel/pid_max (system-wide limit on number of process identifiers): 4194304

container (cgroup) information:
container_type: cgroupv2
cpu_cpuset_cpus: not supported
cpu_memory_nodes: not supported
active_processor_count: 12
cpu_quota: not supported
cpu_period: not supported
cpu_shares: not supported
memory_limit_in_bytes: unlimited
memory_and_swap_limit_in_bytes: unlimited
memory_soft_limit_in_bytes: 0
memory_usage_in_bytes: 11149228 k
memory_max_usage_in_bytes: not supported
rss_usage_in_bytes: 8116164 k
cache_usage_in_bytes: 2893172 k
memory_swap_current_in_bytes: 0
memory_swap_max_limit_in_bytes: unlimited
maximum number of tasks: 38220
current number of tasks: 397

Steal ticks since vm start: 0
Steal ticks percentage since vm start:  0.000

CPU: total 12 (initial active 12) (12 cores per cpu, 2 threads per core) family 25 model 33 stepping 2 microcode 0xa201210, cx8, cmov, fxsr, ht, mmx, 3dnowpref, sse, sse2, sse3, ssse3, sse4a, sse4.1, sse4.2, popcnt, lzcnt, tsc, tscinvbit, avx, avx2, aes, erms, clmul, bmi1, bmi2, adx, sha, fma, vzeroupper, clflush, clflushopt
CPU Model and flags from /proc/cpuinfo:
model name	: AMD Ryzen 5 5600X 6-Core Processor
flags		: fpu vme de pse tsc msr pae mce cx8 apic sep mtrr pge mca cmov pat pse36 clflush mmx fxsr sse sse2 ht syscall nx mmxext fxsr_opt pdpe1gb rdtscp lm constant_tsc rep_good nopl xtopology nonstop_tsc cpuid extd_apicid aperfmperf rapl pni pclmulqdq monitor ssse3 fma cx16 sse4_1 sse4_2 x2apic movbe popcnt aes xsave avx f16c rdrand lahf_lm cmp_legacy svm extapic cr8_legacy abm sse4a misalignsse 3dnowprefetch osvw ibs skinit wdt tce topoext perfctr_core perfctr_nb bpext perfctr_llc mwaitx cpb cat_l3 cdp_l3 hw_pstate ssbd mba ibrs ibpb stibp vmmcall fsgsbase bmi1 avx2 smep bmi2 erms invpcid cqm rdt_a rdseed adx smap clflushopt clwb sha_ni xsaveopt xsavec xgetbv1 xsaves cqm_llc cqm_occup_llc cqm_mbm_total cqm_mbm_local user_shstk clzero irperf xsaveerptr rdpru wbnoinvd arat npt lbrv svm_lock nrip_save tsc_scale vmcb_clean flushbyasid decodeassists pausefilter pfthreshold avic v_vmsave_vmload vgif v_spec_ctrl umip pku ospke vaes vpclmulqdq rdpid overflow_recov succor smca fsrm debug_swap

Online cpus: 0-11
Offline cpus: 
BIOS frequency limitation: <Not Available>
Frequency switch latency (ns): 0
Available cpu frequencies: <Not Available>
Current governor: powersave
Core performance/turbo boost: 1

Memory: 4k page, physical 32787820k(8776324k free), swap 8388604k(8388604k free)
Page Sizes: 4k

vm_info: OpenJDK 64-Bit Server VM (17.0.18+8-Ubuntu-124.04.1) for linux-amd64 JRE (17.0.18+8-Ubuntu-124.04.1), built on Jan 29 2026 04:05:05 by "buildd" with gcc 13.3.0

END.
